Watching for file changes with StatReloader
Waiting for apps ready_event.
Apps ready_event triggered. Sending autoreload_started signal.
Watching dir G:\project1\LigaPay\LigaPay\venv\Lib\site-packages\captcha\templates with glob **/*.
Watching dir G:\project1\LigaPay\LigaPay\news\templates with glob **/*.
Watching dir G:\project1\LigaPay\LigaPay\venv\Lib\site-packages\django_celery_beat\templates with glob **/*.
Watching dir G:\project1\LigaPay\LigaPay\templates with glob **/*.
Watching dir G:\project1\LigaPay\LigaPay\venv\Lib\site-packages\debug_toolbar\templates with glob **/*.
Watching dir G:\project1\LigaPay\LigaPay\wallet\templates with glob **/*.
Watching dir G:\project1\LigaPay\LigaPay\users\templates with glob **/*.
Watching dir G:\project1\LigaPay\LigaPay\main\templates with glob **/*.
Watching dir G:\project1\LigaPay\LigaPay\orders\templates with glob **/*.
Watching dir G:\project1\LigaPay\LigaPay\products\templates with glob **/*.
Watching dir G:\project1\LigaPay\LigaPay\locale with glob **/*.mo.
Watching dir G:\project1\LigaPay\LigaPay\venv\Lib\site-packages\debug_toolbar\locale with glob **/*.mo.
Watching dir G:\project1\LigaPay\LigaPay\main\locale with glob **/*.mo.
Watching dir G:\project1\LigaPay\LigaPay\users\locale with glob **/*.mo.
Watching dir G:\project1\LigaPay\LigaPay\venv\Lib\site-packages\captcha\locale with glob **/*.mo.
Watching dir G:\project1\LigaPay\LigaPay\venv\Lib\site-packages\widget_tweaks\locale with glob **/*.mo.
Watching dir G:\project1\LigaPay\LigaPay\news\locale with glob **/*.mo.
Watching dir G:\project1\LigaPay\LigaPay\venv\Lib\site-packages\django_celery_beat\locale with glob **/*.mo.
Watching dir G:\project1\LigaPay\LigaPay\products\locale with glob **/*.mo.
Watching dir G:\project1\LigaPay\LigaPay\wallet\locale with glob **/*.mo.
Watching dir G:\project1\LigaPay\LigaPay\orders\locale with glob **/*.mo.
(0.000) 
            SELECT
                c.relname,
                CASE
                    WHEN c.relispartition THEN 'p'
                    WHEN c.relkind IN ('m', 'v') THEN 'v'
                    ELSE 't'
                END,
                obj_description(c.oid, 'pg_class')
            FROM pg_catalog.pg_class c
            LEFT JOIN pg_catalog.pg_namespace n ON n.oid = c.relnamespace
            WHERE c.relkind IN ('f', 'm', 'p', 'r', 'v')
                AND n.nspname NOT IN ('pg_catalog', 'pg_toast')
                AND pg_catalog.pg_table_is_visible(c.oid)
        ; args=None; alias=default
(0.000) SELECT "django_migrations"."id", "django_migrations"."app", "django_migrations"."name", "django_migrations"."applied" FROM "django_migrations"; args=(); alias=default
File G:\project1\LigaPay\LigaPay\venv\Lib\site-packages\psycopg2\extras.py first seen with mtime 1726590943.6771429
File G:\project1\LigaPay\LigaPay\venv\Lib\site-packages\PIL\ImageColor.py first seen with mtime 1727118445.8047357
File G:\project1\LigaPay\LigaPay\venv\Lib\site-packages\django\db\backends\utils.py first seen with mtime 1726590946.6163647
File G:\project1\LigaPay\LigaPay\venv\Lib\site-packages\django\utils\lorem_ipsum.py first seen with mtime 1726590946.7323644
File G:\pynthon\Lib\email\mime\multipart.py first seen with mtime 1707248442.0
File G:\project1\LigaPay\LigaPay\venv\Lib\site-packages\django\db\models\fields\related_lookups.py first seen with mtime 1726590946.6573634
File G:\project1\LigaPay\LigaPay\venv\Lib\site-packages\django\contrib\admin\views\autocomplete.py first seen with mtime 1726590944.8962314
File G:\project1\LigaPay\LigaPay\venv\Lib\site-packages\django\contrib\admin\options.py first seen with mtime 1726590944.6252308
File G:\pynthon\Lib\quopri.py first seen with mtime 1707248442.0
File G:\project1\LigaPay\LigaPay\venv\Lib\site-packages\timezone_field\__init__.py first seen with mtime 1732641434.9788458
File G:\pynthon\Lib\xml\dom\NodeFilter.py first seen with mtime 1707248442.0
File G:\project1\LigaPay\LigaPay\venv\Lib\site-packages\django\core\files\images.py first seen with mtime 1726590946.588364
File G:\project1\LigaPay\LigaPay\venv\Lib\site-packages\colorama\__init__.py first seen with mtime 1732641433.8288462
File G:\project1\LigaPay\LigaPay\venv\Lib\site-packages\widget_tweaks\templatetags\widget_tweaks.py first seen with mtime 1728650047.8354118
File G:\project1\LigaPay\LigaPay\venv\Lib\site-packages\django\conf\urls\static.py first seen with mtime 1726590944.6202312
File G:\project1\LigaPay\LigaPay\venv\Lib\site-packages\django\db\models\sql\constants.py first seen with mtime 1726590946.662363
File G:\project1\LigaPay\LigaPay\venv\Lib\site-packages\django\core\checks\files.py first seen with mtime 1726590946.5833635
File G:\project1\LigaPay\LigaPay\venv\Lib\site-packages\django\test\__init__.py first seen with mtime 1726590946.7153645
File G:\project1\LigaPay\LigaPay\venv\Lib\site-packages\redis\asyncio\retry.py first seen with mtime 1732644628.1539116
File G:\project1\LigaPay\LigaPay\venv\Lib\site-packages\celery\utils\log.py first seen with mtime 1732641437.287847
File G:\pynthon\Lib\gzip.py first seen with mtime 1707248442.0
File G:\project1\LigaPay\LigaPay\venv\Lib\site-packages\django\utils\_os.py first seen with mtime 1726590946.7223642
File G:\project1\LigaPay\LigaPay\venv\Lib\site-packages\django\contrib\staticfiles\checks.py first seen with mtime 1726590946.5683634
File G:\project1\LigaPay\LigaPay\venv\Lib\site-packages\django\contrib\admin\apps.py first seen with mtime 1726590944.621231
File G:\project1\LigaPay\LigaPay\venv\Lib\site-packages\six.py first seen with mtime 1732641432.0538437
File G:\project1\LigaPay\LigaPay\venv\Lib\site-packages\django\db\models\manager.py first seen with mtime 1726590946.6513662
File G:\project1\LigaPay\LigaPay\venv\Lib\site-packages\django\db\models\query.py first seen with mtime 1726590946.652364
File G:\project1\LigaPay\LigaPay\venv\Lib\site-packages\redis\typing.py first seen with mtime 1732644628.145427
File G:\project1\LigaPay\LigaPay\venv\Lib\site-packages\timezone_field\choices.py first seen with mtime 1732641434.981846
File G:\project1\LigaPay\LigaPay\news\apps.py first seen with mtime 1732124309.213293
File G:\project1\LigaPay\LigaPay\venv\Lib\site-packages\django\db\backends\base\introspection.py first seen with mtime 1726590946.6183653
File G:\pynthon\Lib\asyncio\base_tasks.py first seen with mtime 1707248442.0
File G:\pynthon\Lib\pickle.py first seen with mtime 1707248442.0
File G:\pynthon\Lib\inspect.py first seen with mtime 1707248442.0
File G:\pynthon\DLLs\_hashlib.pyd first seen with mtime 1707248490.0
File G:\project1\LigaPay\LigaPay\venv\Lib\site-packages\django\contrib\messages\apps.py first seen with mtime 1726590946.1233644
File G:\project1\LigaPay\LigaPay\venv\Lib\site-packages\django\core\files\storage\__init__.py first seen with mtime 1726590946.5903642
File G:\project1\LigaPay\LigaPay\venv\Lib\site-packages\celery\__init__.py first seen with mtime 1732641437.2218468
File G:\project1\LigaPay\LigaPay\venv\Lib\site-packages\django\contrib\auth\base_user.py first seen with mtime 1726590944.9952314
File G:\project1\LigaPay\LigaPay\venv\Lib\site-packages\django\contrib\sessions\exceptions.py first seen with mtime 1726590946.3583648
File G:\project1\LigaPay\LigaPay\venv\Lib\site-packages\django\template\loader.py first seen with mtime 1726590946.7083652
File G:\project1\LigaPay\LigaPay\venv\Lib\site-packages\celery\utils\__init__.py first seen with mtime 1732641437.2838466
File G:\project1\LigaPay\LigaPay\venv\Lib\site-packages\attr\validators.py first seen with mtime 1732115536.300015
File G:\project1\LigaPay\LigaPay\venv\Lib\site-packages\django\db\models\fields\related_descriptors.py first seen with mtime 1726590946.6573634
File G:\pynthon\Lib\wsgiref\headers.py first seen with mtime 1707248442.0
File G:\project1\LigaPay\LigaPay\venv\Lib\site-packages\django\test\html.py first seen with mtime 1726590946.7163641
File G:\project1\LigaPay\LigaPay\venv\Lib\site-packages\tzdata\zoneinfo\Pacific\__init__.py first seen with mtime 1726590942.444858
File G:\project1\LigaPay\LigaPay\venv\Lib\site-packages\amqp\channel.py first seen with mtime 1732641435.437847
File G:\project1\LigaPay\LigaPay\venv\Lib\site-packages\captcha\views.py first seen with mtime 1728586654.9533007
File G:\pynthon\Lib\urllib\parse.py first seen with mtime 1707248442.0
File G:\project1\LigaPay\LigaPay\venv\Lib\site-packages\django\http\cookie.py first seen with mtime 1726590946.7003658
File G:\project1\LigaPay\LigaPay\venv\Lib\site-packages\django\db\models\functions\text.py first seen with mtime 1726590946.660364
File G:\pynthon\Lib\pprint.py first seen with mtime 1707248442.0
File G:\project1\LigaPay\LigaPay\venv\Lib\site-packages\redis\_parsers\helpers.py first seen with mtime 1732644628.1485393
File G:\project1\LigaPay\LigaPay\venv\Lib\site-packages\asgiref\local.py first seen with mtime 1726590944.2548585
File G:\project1\LigaPay\LigaPay\venv\Lib\site-packages\cron_descriptor\Options.py first seen with mtime 1732641431.7578433
File G:\pynthon\Lib\shlex.py first seen with mtime 1707248442.0
File G:\project1\LigaPay\LigaPay\venv\Lib\site-packages\redis\utils.py first seen with mtime 1732644628.1464677
File G:\project1\LigaPay\LigaPay\venv\Lib\site-packages\tzdata\zoneinfo\Chile\__init__.py first seen with mtime 1726590942.3938563
File G:\project1\LigaPay\LigaPay\venv\Lib\site-packages\debug_toolbar\_compat.py first seen with mtime 1736963109.38025
File G:\project1\LigaPay\LigaPay\venv\Lib\site-packages\django\utils\deconstruct.py first seen with mtime 1726590946.7263658
File G:\pynthon\Lib\warnings.py first seen with mtime 1707248442.0
File G:\project1\LigaPay\LigaPay\venv\Lib\site-packages\kombu\common.py first seen with mtime 1732641435.7808454
File G:\project1\LigaPay\LigaPay\venv\Lib\site-packages\django\dispatch\__init__.py first seen with mtime 1726590946.6643658
File G:\project1\LigaPay\LigaPay\venv\Lib\site-packages\django\urls\converters.py first seen with mtime 1726590946.7203646
File G:\pynthon\Lib\re\_compiler.py first seen with mtime 1707248442.0
File G:\pynthon\Lib\unittest\runner.py first seen with mtime 1707248442.0
File G:\project1\LigaPay\LigaPay\venv\Lib\site-packages\django\contrib\sessions\backends\base.py first seen with mtime 1726590946.3733659
File G:\project1\LigaPay\LigaPay\venv\Lib\site-packages\django\db\models\fields\json.py first seen with mtime 1726590946.6553826
File G:\project1\LigaPay\LigaPay\venv\Lib\site-packages\django\db\models\functions\math.py first seen with mtime 1726590946.659363
File G:\project1\LigaPay\LigaPay\venv\Lib\site-packages\django\views\decorators\cache.py first seen with mtime 1726590946.7403634
File G:\pynthon\Lib\traceback.py first seen with mtime 1707248442.0
File G:\project1\LigaPay\LigaPay\venv\Lib\site-packages\django\http\response.py first seen with mtime 1726590946.7013667
File G:\project1\LigaPay\LigaPay\venv\Lib\site-packages\sqlparse\formatter.py first seen with mtime 1726590942.564858
File G:\project1\LigaPay\LigaPay\venv\Lib\site-packages\debug_toolbar\__init__.py first seen with mtime 1736963109.38025
File G:\project1\LigaPay\LigaPay\venv\Lib\site-packages\captcha\urls.py first seen with mtime 1728586654.9523003
File G:\project1\LigaPay\LigaPay\venv\Lib\site-packages\timezone_field\backends\__init__.py first seen with mtime 1732641434.9798458
File G:\project1\LigaPay\LigaPay\venv\Lib\site-packages\django\db\migrations\migration.py first seen with mtime 1726590946.641366
File G:\pynthon\Lib\__future__.py first seen with mtime 1707248442.0
File G:\project1\LigaPay\LigaPay\venv\Lib\site-packages\django\contrib\auth\tokens.py first seen with mtime 1726590944.9992306
File G:\pynthon\Lib\shutil.py first seen with mtime 1707248442.0
File G:\project1\LigaPay\LigaPay\venv\Lib\site-packages\asgiref\sync.py first seen with mtime 1726590944.2568583
File G:\pynthon\Lib\http\client.py first seen with mtime 1707248442.0
File G:\project1\LigaPay\LigaPay\venv\Lib\site-packages\django\contrib\sites\__init__.py first seen with mtime 1726590946.4823632
File G:\project1\LigaPay\LigaPay\venv\Lib\site-packages\django\contrib\admin\views\main.py first seen with mtime 1726590944.8972316
File G:\project1\LigaPay\LigaPay\venv\Lib\site-packages\django\contrib\admin\checks.py first seen with mtime 1726590944.6222312
File G:\project1\LigaPay\LigaPay\venv\Lib\site-packages\django\core\serializers\json.py first seen with mtime 1726590946.6113646
File G:\project1\LigaPay\LigaPay\venv\Lib\site-packages\django\template\__init__.py first seen with mtime 1726590946.704366
File G:\pynthon\Lib\email\parser.py first seen with mtime 1707248442.0
File G:\project1\LigaPay\LigaPay\venv\Lib\site-packages\django\template\loaders\base.py first seen with mtime 1726590946.7123654
File G:\project1\LigaPay\LigaPay\venv\Lib\site-packages\django\db\backends\postgresql\base.py first seen with mtime 1726590946.6303644
File G:\project1\LigaPay\LigaPay\venv\Lib\site-packages\django\db\migrations\operations\__init__.py first seen with mtime 1726590946.6443639
File G:\pynthon\Lib\ctypes\__init__.py first seen with mtime 1707248442.0
File G:\project1\LigaPay\LigaPay\venv\Lib\site-packages\celery\utils\dispatch\__init__.py first seen with mtime 1732641437.2918463
File G:\pynthon\Lib\tokenize.py first seen with mtime 1707248442.0
File G:\project1\LigaPay\LigaPay\venv\Lib\site-packages\django\contrib\staticfiles\utils.py first seen with mtime 1726590946.5713649
File G:\project1\LigaPay\LigaPay\venv\Lib\site-packages\django\core\files\temp.py first seen with mtime 1726590946.589363
File G:\pynthon\Lib\ctypes\wintypes.py first seen with mtime 1707248442.0
File G:\pynthon\Lib\html\parser.py first seen with mtime 1707248442.0
File G:\project1\LigaPay\LigaPay\venv\Lib\site-packages\captcha\models.py first seen with mtime 1728586654.9523003
File G:\project1\LigaPay\LigaPay\venv\Lib\site-packages\billiard\exceptions.py first seen with mtime 1732641434.1578462
File G:\pynthon\Lib\bisect.py first seen with mtime 1707248442.0
File G:\project1\LigaPay\LigaPay\venv\Lib\site-packages\celery\utils\dispatch\signal.py first seen with mtime 1732641437.2918463
File G:\pynthon\Lib\tkinter\messagebox.py first seen with mtime 1707248442.0
File G:\project1\LigaPay\LigaPay\venv\Lib\site-packages\redis\_parsers\resp2.py first seen with mtime 1732644628.149579
File G:\pynthon\Lib\unittest\suite.py first seen with mtime 1707248442.0
File G:\project1\LigaPay\LigaPay\venv\Lib\site-packages\django\utils\log.py first seen with mtime 1726590946.7323644
File G:\project1\LigaPay\LigaPay\venv\Lib\site-packages\PIL\Image.py first seen with mtime 1727118445.7888193
File G:\project1\LigaPay\LigaPay\venv\Lib\site-packages\django\db\models\fields\__init__.py first seen with mtime 1726590946.6543634
File G:\project1\LigaPay\LigaPay\venv\Lib\site-packages\django\core\exceptions.py first seen with mtime 1726590946.575364
File G:\project1\LigaPay\LigaPay\venv\Lib\site-packages\redis\cache.py first seen with mtime 1732644628.1306958
File G:\project1\LigaPay\LigaPay\venv\Lib\site-packages\celery\utils\time.py first seen with mtime 1732641437.290847
File G:\project1\LigaPay\LigaPay\venv\Lib\site-packages\django_celery_beat\admin.py first seen with mtime 1732641439.74186
File G:\pynthon\Lib\csv.py first seen with mtime 1707248442.0
File G:\pynthon\Lib\ssl.py first seen with mtime 1707248442.0
File G:\project1\LigaPay\LigaPay\venv\Lib\site-packages\django\core\checks\database.py first seen with mtime 1726590946.5833635
File G:\project1\LigaPay\LigaPay\venv\Lib\site-packages\kombu\connection.py first seen with mtime 1732641435.781846
File G:\pynthon\Lib\base64.py first seen with mtime 1707248442.0
File G:\project1\LigaPay\LigaPay\users\apps.py first seen with mtime 1726760398.9836557
File G:\project1\LigaPay\LigaPay\venv\Lib\site-packages\django\forms\utils.py first seen with mtime 1726590946.6683636
File G:\pynthon\DLLs\_decimal.pyd first seen with mtime 1707248490.0
File G:\project1\LigaPay\LigaPay\venv\Lib\site-packages\django\views\generic\dates.py first seen with mtime 1726590946.744364
File G:\pynthon\Lib\sysconfig.py first seen with mtime 1707248442.0
File G:\project1\LigaPay\LigaPay\venv\Lib\site-packages\django\http\request.py first seen with mtime 1726590946.7013667
File G:\project1\LigaPay\LigaPay\LigaPay\__init__.py first seen with mtime 1732641484.1088474
File G:\project1\LigaPay\LigaPay\venv\Lib\site-packages\django\core\cache\__init__.py first seen with mtime 1726590946.5773642
File G:\pynthon\Lib\platform.py first seen with mtime 1707248442.0
File G:\project1\LigaPay\LigaPay\venv\Lib\site-packages\django\apps\registry.py first seen with mtime 1726590944.4427235
File G:\project1\LigaPay\LigaPay\venv\Lib\site-packages\sqlparse\filters\__init__.py first seen with mtime 1726590942.5698705
File G:\pynthon\Lib\asyncio\taskgroups.py first seen with mtime 1707248442.0
File G:\project1\LigaPay\LigaPay\venv\Lib\site-packages\django\db\models\fields\files.py first seen with mtime 1726590946.6543634
File G:\pynthon\Lib\asyncio\format_helpers.py first seen with mtime 1707248442.0
File G:\pynthon\DLLs\_uuid.pyd first seen with mtime 1707248488.0
File G:\project1\LigaPay\LigaPay\venv\Lib\site-packages\billiard\process.py first seen with mtime 1732641434.1628451
File G:\project1\LigaPay\LigaPay\venv\Lib\site-packages\django\db\backends\postgresql\introspection.py first seen with mtime 1726590946.632364
File G:\project1\LigaPay\LigaPay\venv\Lib\site-packages\django\utils\termcolors.py first seen with mtime 1726590946.733364
File G:\project1\LigaPay\LigaPay\venv\Lib\site-packages\django\views\static.py first seen with mtime 1726590946.7393646
File G:\pynthon\Lib\email\_parseaddr.py first seen with mtime 1707248442.0
File G:\pynthon\Lib\json\__init__.py first seen with mtime 1707248442.0
File G:\pynthon\Lib\json\encoder.py first seen with mtime 1707248442.0
File G:\project1\LigaPay\LigaPay\venv\Lib\site-packages\kombu\utils\div.py first seen with mtime 1732641435.8078468
File G:\pynthon\DLLs\_tkinter.pyd first seen with mtime 1707248490.0
File G:\project1\LigaPay\LigaPay\main\views.py first seen with mtime 1733158086.647413
File G:\pynthon\Lib\weakref.py first seen with mtime 1707248442.0
File G:\project1\LigaPay\LigaPay\venv\Lib\site-packages\click\formatting.py first seen with mtime 1732641435.1598487
File G:\pynthon\Lib\operator.py first seen with mtime 1707248442.0
File G:\project1\LigaPay\LigaPay\venv\Lib\site-packages\vine\synchronization.py first seen with mtime 1732641431.9138439
File G:\project1\LigaPay\LigaPay\venv\Lib\site-packages\dateutil\parser\_parser.py first seen with mtime 1732641434.7168462
File G:\project1\LigaPay\LigaPay\venv\Lib\site-packages\billiard\compat.py first seen with mtime 1732641434.155846
File G:\project1\LigaPay\LigaPay\venv\Lib\site-packages\cron_descriptor\CasingTypeEnum.py first seen with mtime 1732641431.7548437
File G:\project1\LigaPay\LigaPay\venv\Lib\site-packages\django\utils\cache.py first seen with mtime 1726590946.7233653
File G:\pynthon\Lib\importlib\resources\_adapters.py first seen with mtime 1707248442.0
File G:\pynthon\Lib\asyncio\transports.py first seen with mtime 1707248442.0
File G:\project1\LigaPay\LigaPay\venv\Lib\site-packages\attr\_compat.py first seen with mtime 1732115536.2920115
File G:\project1\LigaPay\LigaPay\venv\Lib\site-packages\django\utils\inspect.py first seen with mtime 1726590946.730365
File G:\project1\LigaPay\LigaPay\wallet\admin.py first seen with mtime 1740132500.6043043
File G:\project1\LigaPay\LigaPay\venv\Lib\site-packages\captcha\helpers.py first seen with mtime 1728586654.9523003
File G:\project1\LigaPay\LigaPay\venv\Lib\site-packages\kombu\utils\url.py first seen with mtime 1732641435.8128476
File G:\pynthon\Lib\decimal.py first seen with mtime 1707248442.0
File G:\project1\LigaPay\LigaPay\venv\Lib\site-packages\django\core\checks\security\__init__.py first seen with mtime 1726590946.5863638
File G:\project1\LigaPay\LigaPay\venv\Lib\site-packages\django\utils\choices.py first seen with mtime 1726590946.7243655
File G:\project1\LigaPay\LigaPay\venv\Lib\site-packages\django\core\paginator.py first seen with mtime 1726590946.5763648
File G:\project1\LigaPay\LigaPay\venv\Lib\site-packages\django\contrib\admin\utils.py first seen with mtime 1726590944.6262307
File G:\project1\LigaPay\LigaPay\venv\Lib\site-packages\debug_toolbar\panels\request.py first seen with mtime 1736963109.4282813
File G:\project1\LigaPay\LigaPay\venv\Lib\site-packages\kombu\entity.py first seen with mtime 1732641435.782847
File G:\project1\LigaPay\LigaPay\venv\Lib\site-packages\timezone_field\forms.py first seen with mtime 1732641434.9828458
File G:\pynthon\Lib\wsgiref\handlers.py first seen with mtime 1707248442.0
File G:\pynthon\Lib\heapq.py first seen with mtime 1707248442.0
File G:\project1\LigaPay\LigaPay\venv\Lib\site-packages\django\contrib\auth\password_validation.py first seen with mtime 1726590944.9992306
File G:\project1\LigaPay\LigaPay\venv\Lib\site-packages\django\core\files\move.py first seen with mtime 1726590946.588364
File G:\project1\LigaPay\LigaPay\venv\Lib\site-packages\celery\signals.py first seen with mtime 1732641437.2268462
File G:\project1\LigaPay\LigaPay\venv\Lib\site-packages\django\utils\dateformat.py first seen with mtime 1726590946.725366
File G:\pynthon\Lib\email\mime\nonmultipart.py first seen with mtime 1707248442.0
File G:\project1\LigaPay\LigaPay\venv\Lib\site-packages\django\contrib\messages\utils.py first seen with mtime 1726590946.1843636
File G:\project1\LigaPay\LigaPay\users\forms.py first seen with mtime 1739960187.831464
File G:\project1\LigaPay\LigaPay\main\urls.py first seen with mtime 1733053025.8868248
File G:\project1\LigaPay\LigaPay\venv\Lib\site-packages\django\db\backends\signals.py first seen with mtime 1726590946.6163647
File G:\project1\LigaPay\LigaPay\venv\Lib\site-packages\django\contrib\sessions\__init__.py first seen with mtime 1726590946.3563647
File G:\project1\LigaPay\LigaPay\venv\Lib\site-packages\tzdata\zoneinfo\__init__.py first seen with mtime 1726590942.2578568
File G:\project1\LigaPay\LigaPay\venv\Lib\site-packages\django\core\management\__init__.py first seen with mtime 1726590946.5993676
File G:\project1\LigaPay\LigaPay\venv\Lib\site-packages\psycopg2\sql.py first seen with mtime 1726590943.6781423
File G:\project1\LigaPay\LigaPay\venv\Lib\site-packages\attr\setters.py first seen with mtime 1732115536.2990124
File G:\project1\LigaPay\LigaPay\venv\Lib\site-packages\django\db\backends\postgresql\client.py first seen with mtime 1726590946.6303644
File G:\project1\LigaPay\LigaPay\venv\Lib\site-packages\django\utils\duration.py first seen with mtime 1726590946.7273657
File G:\project1\LigaPay\LigaPay\venv\Lib\site-packages\django\contrib\auth\middleware.py first seen with mtime 1726590944.9982312
File G:\project1\LigaPay\LigaPay\venv\Lib\site-packages\django\contrib\messages\constants.py first seen with mtime 1726590946.1233644
File G:\pynthon\Lib\threading.py first seen with mtime 1707248442.0
File G:\project1\LigaPay\LigaPay\venv\Lib\site-packages\django\core\files\utils.py first seen with mtime 1726590946.5903642
File G:\project1\LigaPay\LigaPay\venv\Lib\site-packages\click\exceptions.py first seen with mtime 1732641435.1598487
File G:\project1\LigaPay\LigaPay\venv\Lib\site-packages\django\middleware\clickjacking.py first seen with mtime 1726590946.7023656
File G:\pynthon\Lib\contextvars.py first seen with mtime 1707248442.0
File G:\project1\LigaPay\LigaPay\venv\Lib\site-packages\amqp\connection.py first seen with mtime 1732641435.438847
File G:\project1\LigaPay\LigaPay\venv\Lib\site-packages\kombu\abstract.py first seen with mtime 1732641435.7798457
File G:\project1\LigaPay\LigaPay\venv\Lib\site-packages\asgiref\current_thread_executor.py first seen with mtime 1726590944.2548585
File G:\project1\LigaPay\LigaPay\venv\Lib\site-packages\django\contrib\auth\views.py first seen with mtime 1728647848.44994
File G:\project1\LigaPay\LigaPay\venv\Lib\site-packages\debug_toolbar\apps.py first seen with mtime 1736963109.3882818
File G:\project1\LigaPay\LigaPay\venv\Lib\site-packages\redis\_parsers\__init__.py first seen with mtime 1732644628.1469846
File G:\project1\LigaPay\LigaPay\venv\Lib\site-packages\attr\_next_gen.py first seen with mtime 1732115536.2940128
File G:\project1\LigaPay\LigaPay\venv\Lib\site-packages\celery\app\utils.py first seen with mtime 1732641437.234846
File G:\project1\LigaPay\LigaPay\venv\Lib\site-packages\django\core\checks\messages.py first seen with mtime 1726590946.5833635
File G:\project1\LigaPay\LigaPay\venv\Lib\site-packages\django\contrib\auth\backends.py first seen with mtime 1726590944.9942315
File G:\pynthon\Lib\nturl2path.py first seen with mtime 1707248442.0
File G:\project1\LigaPay\LigaPay\venv\Lib\site-packages\django\db\models\sql\subqueries.py first seen with mtime 1726590946.663364
File G:\project1\LigaPay\LigaPay\venv\Lib\site-packages\cron_descriptor\GetText.py first seen with mtime 1732641431.7568438
File G:\project1\LigaPay\LigaPay\venv\Lib\site-packages\vine\abstract.py first seen with mtime 1732641431.9128437
File G:\project1\LigaPay\LigaPay\main\models.py first seen with mtime 1726687386.901355
File G:\project1\LigaPay\LigaPay\venv\Lib\site-packages\debug_toolbar\panels\versions.py first seen with mtime 1736963109.4312847
File G:\project1\LigaPay\LigaPay\venv\Lib\site-packages\django\contrib\contenttypes\views.py first seen with mtime 1726590945.1272314
File G:\pynthon\Lib\email\_policybase.py first seen with mtime 1707248442.0
File G:\pynthon\Lib\email\_header_value_parser.py first seen with mtime 1707248442.0
File G:\pynthon\Lib\email\message.py first seen with mtime 1707248442.0
File G:\project1\LigaPay\LigaPay\venv\Lib\site-packages\colorama\ansi.py first seen with mtime 1732641433.8288462
File G:\project1\LigaPay\LigaPay\venv\Lib\site-packages\django_celery_beat\models.py first seen with mtime 1732641439.7478573
File G:\project1\LigaPay\LigaPay\venv\Lib\site-packages\celery\_state.py first seen with mtime 1732641437.2228477
File G:\project1\LigaPay\LigaPay\venv\Lib\site-packages\django\contrib\admin\actions.py first seen with mtime 1726590944.621231
File G:\pynthon\Lib\xml\__init__.py first seen with mtime 1707248442.0
File G:\project1\LigaPay\LigaPay\venv\Lib\site-packages\django\urls\resolvers.py first seen with mtime 1726590946.7203646
File G:\project1\LigaPay\LigaPay\venv\Lib\site-packages\psycopg2\errors.py first seen with mtime 1726590943.6761422
File G:\pynthon\Lib\mimetypes.py first seen with mtime 1707248442.0
File G:\pynthon\Lib\pathlib.py first seen with mtime 1707248442.0
File G:\project1\LigaPay\LigaPay\venv\Lib\site-packages\sqlparse\filters\right_margin.py first seen with mtime 1726590942.5708568
File G:\project1\LigaPay\LigaPay\venv\Lib\site-packages\django\urls\exceptions.py first seen with mtime 1726590946.7203646
File G:\project1\LigaPay\LigaPay\venv\Lib\site-packages\dateutil\_version.py first seen with mtime 1732641434.7128468
File G:\project1\LigaPay\LigaPay\venv\Lib\site-packages\dateutil\parser\__init__.py first seen with mtime 1732641434.7158468
File G:\project1\LigaPay\LigaPay\venv\Lib\site-packages\django\contrib\sessions\base_session.py first seen with mtime 1726590946.357364
File G:\project1\LigaPay\LigaPay\venv\Lib\site-packages\django\contrib\staticfiles\finders.py first seen with mtime 1726590946.5693653
File G:\project1\LigaPay\LigaPay\venv\Lib\site-packages\timezone_field\fields.py first seen with mtime 1732641434.9828458
File G:\pynthon\Lib\email\headerregistry.py first seen with mtime 1707248442.0
File G:\project1\LigaPay\LigaPay\venv\Lib\site-packages\sqlparse\__init__.py first seen with mtime 1726590942.562857
File G:\project1\LigaPay\LigaPay\venv\Lib\site-packages\cron_descriptor\Exception.py first seen with mtime 1732641431.7558434
File G:\project1\LigaPay\LigaPay\venv\Lib\site-packages\debug_toolbar\panels\staticfiles.py first seen with mtime 1736963109.430282
File G:\project1\LigaPay\LigaPay\venv\Lib\site-packages\django\core\cache\backends\__init__.py first seen with mtime 1726590946.5783634
File G:\pynthon\Lib\asyncio\exceptions.py first seen with mtime 1707248442.0
File G:\project1\LigaPay\LigaPay\venv\Lib\site-packages\tzdata\zoneinfo\Indian\__init__.py first seen with mtime 1726590942.4298565
File G:\project1\LigaPay\LigaPay\venv\Lib\site-packages\debug_toolbar\panels\history\views.py first seen with mtime 1736963109.43344
File G:\project1\LigaPay\LigaPay\venv\Lib\site-packages\django\contrib\admin\templatetags\admin_list.py first seen with mtime 1726590944.8942304
File G:\pynthon\Lib\xml\dom\domreg.py first seen with mtime 1707248442.0
File G:\pynthon\Lib\colorsys.py first seen with mtime 1707248442.0
File G:\project1\LigaPay\LigaPay\venv\Lib\site-packages\redis\asyncio\client.py first seen with mtime 1732644628.1517518
File G:\project1\LigaPay\LigaPay\venv\Lib\site-packages\debug_toolbar\forms.py first seen with mtime 1736963109.389283
File G:\project1\LigaPay\LigaPay\venv\Lib\site-packages\django\utils\version.py first seen with mtime 1726590946.735366
File G:\project1\LigaPay\LigaPay\venv\Lib\site-packages\debug_toolbar\panels\settings.py first seen with mtime 1736963109.4292815
File G:\pynthon\Lib\importlib\metadata\_itertools.py first seen with mtime 1707248442.0
File G:\project1\LigaPay\LigaPay\venv\Lib\site-packages\billiard\__init__.py first seen with mtime 1732641434.1538463
File G:\pynthon\Lib\html\entities.py first seen with mtime 1707248442.0
File G:\project1\LigaPay\LigaPay\venv\Lib\site-packages\crontab.py first seen with mtime 1732641435.6708462
File G:\project1\LigaPay\LigaPay\venv\Lib\site-packages\django\utils\tree.py first seen with mtime 1726590946.735366
File G:\project1\LigaPay\LigaPay\venv\Lib\site-packages\kombu\serialization.py first seen with mtime 1732641435.7868454
File G:\project1\LigaPay\LigaPay\venv\Lib\site-packages\amqp\abstract_channel.py first seen with mtime 1732641435.436846
File G:\project1\LigaPay\LigaPay\venv\Lib\site-packages\widget_tweaks\models.py first seen with mtime 1728650047.8344114
File G:\pynthon\Lib\uuid.py first seen with mtime 1707248442.0
File G:\pynthon\Lib\multiprocessing\context.py first seen with mtime 1707248442.0
File G:\project1\LigaPay\LigaPay\venv\Lib\site-packages\cffi\__init__.py first seen with mtime 1732115536.7995348
File G:\project1\LigaPay\LigaPay\venv\Lib\site-packages\django\contrib\contenttypes\models.py first seen with mtime 1726590945.1262312
File G:\project1\LigaPay\LigaPay\venv\Lib\site-packages\PIL\ImageMode.py first seen with mtime 1727118445.8094141
File G:\project1\LigaPay\LigaPay\venv\Lib\site-packages\django\contrib\contenttypes\management\__init__.py first seen with mtime 1726590945.2132316
File G:\project1\LigaPay\LigaPay\venv\Lib\site-packages\amqp\transport.py first seen with mtime 1732641435.4428475
File G:\project1\LigaPay\LigaPay\venv\Lib\site-packages\cron_descriptor\ExpressionDescriptor.py first seen with mtime 1732641431.7558434
File G:\project1\LigaPay\LigaPay\venv\Lib\site-packages\django\db\models\__init__.py first seen with mtime 1726590946.646366
File G:\project1\LigaPay\LigaPay\venv\Lib\site-packages\asgiref\__init__.py first seen with mtime 1726590944.253859
File G:\project1\LigaPay\LigaPay\venv\Lib\site-packages\timezone_field\utils.py first seen with mtime 1732641434.9848464
File G:\pynthon\Lib\tkinter\simpledialog.py first seen with mtime 1707248442.0
File G:\pynthon\DLLs\_socket.pyd first seen with mtime 1707248490.0
File G:\project1\LigaPay\LigaPay\venv\Lib\site-packages\django\contrib\staticfiles\management\__init__.py first seen with mtime 1726590946.5713649
File G:\project1\LigaPay\LigaPay\venv\Lib\site-packages\django\db\migrations\__init__.py first seen with mtime 1726590946.6383657
File G:\pynthon\Lib\hmac.py first seen with mtime 1707248442.0
File G:\project1\LigaPay\LigaPay\venv\Lib\site-packages\django\test\utils.py first seen with mtime 1726590946.718364
File G:\project1\LigaPay\LigaPay\venv\Lib\site-packages\django\utils\asyncio.py first seen with mtime 1726590946.7223642
File G:\project1\LigaPay\LigaPay\venv\Lib\site-packages\amqp\sasl.py first seen with mtime 1732641435.4418466
File G:\project1\LigaPay\LigaPay\venv\Lib\site-packages\django\core\checks\security\csrf.py first seen with mtime 1726590946.5873635
File G:\project1\LigaPay\LigaPay\venv\Lib\site-packages\kombu\exceptions.py first seen with mtime 1732641435.782847
File G:\project1\LigaPay\LigaPay\venv\Lib\site-packages\django\contrib\staticfiles\handlers.py first seen with mtime 1726590946.5693653
File G:\project1\LigaPay\LigaPay\venv\Lib\site-packages\dotenv\variables.py first seen with mtime 1726590943.5161421
File G:\project1\LigaPay\LigaPay\venv\Lib\site-packages\kombu\pools.py first seen with mtime 1732641435.785846
File G:\project1\LigaPay\LigaPay\venv\Lib\site-packages\tzdata\zoneinfo\America\__init__.py first seen with mtime 1726590942.3258567
File G:\project1\LigaPay\LigaPay\orders\views.py first seen with mtime 1741109558.531039
File G:\pynthon\Lib\email\feedparser.py first seen with mtime 1707248442.0
File G:\project1\LigaPay\LigaPay\news\admin.py first seen with mtime 1732123295.3200066
File G:\project1\LigaPay\LigaPay\venv\Lib\site-packages\sqlparse\engine\grouping.py first seen with mtime 1726590942.5688572
File G:\project1\LigaPay\LigaPay\venv\Lib\site-packages\tzdata\zoneinfo\Mexico\__init__.py first seen with mtime 1726590942.4318578
File G:\project1\LigaPay\LigaPay\venv\Lib\site-packages\colorama\win32.py first seen with mtime 1732641433.8308463
File G:\project1\LigaPay\LigaPay\venv\Lib\site-packages\django_redis\exceptions.py first seen with mtime 1732644629.079895
File G:\pynthon\Lib\email\mime\image.py first seen with mtime 1707248442.0
File G:\pynthon\Lib\profile.py first seen with mtime 1707248442.0
File G:\pynthon\Lib\lzma.py first seen with mtime 1707248442.0
File G:\project1\LigaPay\LigaPay\venv\Lib\site-packages\django\contrib\sessions\apps.py first seen with mtime 1726590946.357364
File G:\project1\LigaPay\LigaPay\venv\Lib\site-packages\django\core\files\storage\handler.py first seen with mtime 1726590946.5913637
File G:\project1\LigaPay\LigaPay\venv\Lib\site-packages\captcha\__init__.py first seen with mtime 1728586654.9512987
File G:\project1\LigaPay\LigaPay\venv\Lib\site-packages\django\template\loaders\filesystem.py first seen with mtime 1726590946.7133646
File G:\project1\LigaPay\LigaPay\venv\Lib\site-packages\django\core\checks\templates.py first seen with mtime 1726590946.5843635
File G:\project1\LigaPay\LigaPay\venv\Lib\site-packages\django\contrib\auth\decorators.py first seen with mtime 1726590944.9962316
File G:\pynthon\Lib\logging\config.py first seen with mtime 1707248442.0
File G:\pynthon\Lib\ast.py first seen with mtime 1707248442.0
File G:\project1\LigaPay\LigaPay\venv\Lib\site-packages\sqlparse\cli.py first seen with mtime 1726590942.5638576
File G:\project1\LigaPay\LigaPay\venv\Lib\site-packages\django\db\models\base.py first seen with mtime 1726590946.6473665
File G:\project1\LigaPay\LigaPay\venv\Lib\site-packages\django\db\backends\base\features.py first seen with mtime 1726590946.6183653
File G:\project1\LigaPay\LigaPay\venv\Lib\site-packages\django\db\models\indexes.py first seen with mtime 1726590946.6503654
File G:\project1\LigaPay\LigaPay\venv\Lib\site-packages\django\templatetags\l10n.py first seen with mtime 1726590946.7143629
File G:\pynthon\Lib\numbers.py first seen with mtime 1707248442.0
File G:\project1\LigaPay\LigaPay\venv\Lib\site-packages\django\utils\dateparse.py first seen with mtime 1726590946.725366
File G:\project1\LigaPay\LigaPay\orders\urls.py first seen with mtime 1741014074.8375504
File G:\project1\LigaPay\LigaPay\venv\Lib\site-packages\django\contrib\auth\validators.py first seen with mtime 1726590945.00023
File G:\project1\LigaPay\LigaPay\venv\Lib\site-packages\django\contrib\messages\storage\__init__.py first seen with mtime 1726590946.1843636
File G:\project1\LigaPay\LigaPay\venv\Lib\site-packages\django\contrib\staticfiles\storage.py first seen with mtime 1726590946.5703642
File G:\project1\LigaPay\LigaPay\venv\Lib\site-packages\dateutil\tz\_common.py first seen with mtime 1732641434.7188468
File G:\project1\LigaPay\LigaPay\venv\Lib\site-packages\django\core\mail\message.py first seen with mtime 1726590946.5943632
File G:\project1\LigaPay\LigaPay\venv\Lib\site-packages\django\db\models\fields\related.py first seen with mtime 1726590946.6563647
File G:\project1\LigaPay\LigaPay\venv\Lib\site-packages\kombu\utils\uuid.py first seen with mtime 1732641435.8138473
File G:\pynthon\Lib\asyncio\windows_events.py first seen with mtime 1707248442.0
File G:\pynthon\Lib\asyncio\windows_utils.py first seen with mtime 1707248442.0
File G:\pynthon\Lib\logging\__init__.py first seen with mtime 1707248442.0
File G:\project1\LigaPay\LigaPay\venv\Lib\site-packages\amqp\serialization.py first seen with mtime 1732641435.4418466
File G:\project1\LigaPay\LigaPay\products\apps.py first seen with mtime 1733158547.720054
File G:\project1\LigaPay\LigaPay\venv\Lib\site-packages\django\db\backends\base\operations.py first seen with mtime 1726590946.6193645
File G:\pynthon\Lib\textwrap.py first seen with mtime 1707248442.0
File G:\pynthon\Lib\wsgiref\util.py first seen with mtime 1707248442.0
File G:\pynthon\Lib\asyncio\selector_events.py first seen with mtime 1707248442.0
File G:\pynthon\Lib\bz2.py first seen with mtime 1707248442.0
File G:\project1\LigaPay\LigaPay\manage.py first seen with mtime 1736963922.268093
File G:\project1\LigaPay\LigaPay\venv\Lib\site-packages\django\conf\urls\__init__.py first seen with mtime 1726590944.6192305
File G:\project1\LigaPay\LigaPay\venv\Lib\site-packages\django\core\files\uploadhandler.py first seen with mtime 1726590946.5903642
File G:\project1\LigaPay\LigaPay\venv\Lib\site-packages\django\forms\forms.py first seen with mtime 1726590946.6673636
File G:\project1\LigaPay\LigaPay\venv\Lib\site-packages\django\db\models\functions\datetime.py first seen with mtime 1726590946.659363
File G:\project1\LigaPay\LigaPay\venv\Lib\site-packages\click\__init__.py first seen with mtime 1732641435.154847
File G:\project1\LigaPay\LigaPay\venv\Lib\site-packages\tzdata\zoneinfo\US\__init__.py first seen with mtime 1726590942.4488566
File G:\project1\LigaPay\LigaPay\orders\models.py first seen with mtime 1741109790.8947873
File G:\pynthon\Lib\json\decoder.py first seen with mtime 1707248442.0
File G:\project1\LigaPay\LigaPay\venv\Lib\site-packages\cron_descriptor\StringBuilder.py first seen with mtime 1732641431.7578433
File G:\project1\LigaPay\LigaPay\venv\Lib\site-packages\django\contrib\admin\views\__init__.py first seen with mtime 1726590944.8962314
File G:\project1\LigaPay\LigaPay\venv\Lib\site-packages\click\globals.py first seen with mtime 1732641435.1608477
File G:\project1\LigaPay\LigaPay\venv\Lib\site-packages\psycopg2\_ipaddress.py first seen with mtime 1726590943.662142
File G:\project1\LigaPay\LigaPay\venv\Lib\site-packages\debug_toolbar\utils.py first seen with mtime 1736963109.392282
File G:\project1\LigaPay\LigaPay\venv\Lib\site-packages\sqlparse\filters\reindent.py first seen with mtime 1726590942.5708568
File G:\pynthon\Lib\opcode.py first seen with mtime 1707248442.0
File G:\project1\LigaPay\LigaPay\venv\Lib\site-packages\amqp\exceptions.py first seen with mtime 1732641435.4398456
File G:\project1\LigaPay\LigaPay\venv\Lib\site-packages\django\templatetags\i18n.py first seen with mtime 1726590946.7143629
File G:\pynthon\Lib\linecache.py first seen with mtime 1707248442.0
File G:\project1\LigaPay\LigaPay\venv\Lib\site-packages\celery\loaders\__init__.py first seen with mtime 1732641437.2798464
File G:\pynthon\Lib\graphlib.py first seen with mtime 1707248442.0
File G:\project1\LigaPay\LigaPay\venv\Lib\site-packages\django\template\utils.py first seen with mtime 1726590946.7093637
File G:\pynthon\Lib\asyncio\locks.py first seen with mtime 1707248442.0
File G:\project1\LigaPay\LigaPay\venv\Lib\site-packages\django\db\backends\ddl_references.py first seen with mtime 1726590946.615365
File G:\project1\LigaPay\LigaPay\venv\Lib\site-packages\django\core\mail\__init__.py first seen with mtime 1726590946.5943632
File G:\project1\LigaPay\LigaPay\venv\Lib\site-packages\django\template\backends\django.py first seen with mtime 1726590946.7103634
File G:\project1\LigaPay\LigaPay\venv\Lib\site-packages\django\views\decorators\common.py first seen with mtime 1726590946.741366
File G:\project1\LigaPay\LigaPay\venv\Lib\site-packages\django\utils\numberformat.py first seen with mtime 1726590946.7323644
File G:\project1\LigaPay\LigaPay\venv\Lib\site-packages\kombu\resource.py first seen with mtime 1732641435.785846
File G:\pynthon\Lib\unittest\signals.py first seen with mtime 1707248442.0
File G:\project1\LigaPay\LigaPay\venv\Lib\site-packages\django_filters\fields.py first seen with mtime 1737573152.007202
File G:\pynthon\Lib\tkinter\__init__.py first seen with mtime 1707248442.0
File G:\pynthon\Lib\xml\dom\minidom.py first seen with mtime 1707248442.0
File G:\project1\LigaPay\LigaPay\venv\Lib\site-packages\billiard\context.py first seen with mtime 1732641434.1568482
File G:\project1\LigaPay\LigaPay\venv\Lib\site-packages\django\db\models\deletion.py first seen with mtime 1726590946.6493657
File G:\project1\LigaPay\LigaPay\venv\Lib\site-packages\django\db\backends\postgresql\psycopg_any.py first seen with mtime 1726590946.6333644
File G:\project1\LigaPay\LigaPay\venv\Lib\site-packages\django\db\models\options.py first seen with mtime 1726590946.6513662
File G:\project1\LigaPay\LigaPay\venv\Lib\site-packages\kombu\transport\__init__.py first seen with mtime 1732641435.7958465
File G:\pynthon\Lib\urllib\response.py first seen with mtime 1707248442.0
File G:\pynthon\Lib\email\mime\message.py first seen with mtime 1707248442.0
File G:\project1\LigaPay\LigaPay\venv\Lib\site-packages\django\urls\__init__.py first seen with mtime 1726590946.719364
File G:\project1\LigaPay\LigaPay\venv\Lib\site-packages\django\db\models\enums.py first seen with mtime 1726590946.6493657
File G:\project1\LigaPay\LigaPay\news\models.py first seen with mtime 1732540759.784505
File G:\project1\LigaPay\LigaPay\venv\Lib\site-packages\django\db\__init__.py first seen with mtime 1726590946.6133647
File G:\project1\LigaPay\LigaPay\venv\Lib\site-packages\dateutil\_common.py first seen with mtime 1732641434.7128468
File G:\project1\LigaPay\LigaPay\venv\Lib\site-packages\django\contrib\sites\shortcuts.py first seen with mtime 1726590946.4853654
File G:\project1\LigaPay\LigaPay\venv\Lib\site-packages\django\db\transaction.py first seen with mtime 1726590946.614364
File G:\project1\LigaPay\LigaPay\venv\Lib\site-packages\debug_toolbar\panels\redirects.py first seen with mtime 1736963109.4262812
File G:\project1\LigaPay\LigaPay\venv\Lib\site-packages\kombu\utils\imports.py first seen with mtime 1732641435.8098478
File G:\project1\LigaPay\LigaPay\venv\Lib\site-packages\django\core\files\storage\base.py first seen with mtime 1726590946.5903642
File G:\project1\LigaPay\LigaPay\products\forms.py first seen with mtime 1741023352.2436764
File G:\project1\LigaPay\LigaPay\venv\Lib\site-packages\django\template\loaders\app_directories.py first seen with mtime 1726590946.7123654
File G:\pynthon\Lib\unittest\case.py first seen with mtime 1707248442.0
File G:\project1\LigaPay\LigaPay\users\admin.py first seen with mtime 1740133733.3898263
File G:\pynthon\Lib\enum.py first seen with mtime 1707248442.0
File G:\pynthon\Lib\asyncio\__init__.py first seen with mtime 1707248442.0
File G:\project1\LigaPay\LigaPay\venv\Lib\site-packages\django\utils\translation\__init__.py first seen with mtime 1726590946.736364
File G:\project1\LigaPay\LigaPay\venv\Lib\site-packages\django\core\serializers\python.py first seen with mtime 1726590946.6113646
File G:\project1\LigaPay\LigaPay\venv\Lib\site-packages\django\contrib\auth\hashers.py first seen with mtime 1726590944.9972312
File G:\project1\LigaPay\LigaPay\venv\Lib\site-packages\django\db\models\sql\__init__.py first seen with mtime 1726590946.6613646
File G:\project1\LigaPay\LigaPay\venv\Lib\site-packages\django\forms\widgets.py first seen with mtime 1726590946.6693642
File G:\project1\LigaPay\LigaPay\venv\Lib\site-packages\celery\loaders\base.py first seen with mtime 1732641437.2808452
File G:\project1\LigaPay\LigaPay\venv\Lib\site-packages\django\core\cache\utils.py first seen with mtime 1726590946.5783634
File G:\project1\LigaPay\LigaPay\venv\Lib\site-packages\django\forms\fields.py first seen with mtime 1726590946.6663651
File G:\project1\LigaPay\LigaPay\venv\Lib\site-packages\django_filters\utils.py first seen with mtime 1737573152.0092764
File G:\project1\LigaPay\LigaPay\venv\Lib\site-packages\dotenv\__init__.py first seen with mtime 1726590943.5131426
File G:\pynthon\Lib\importlib\metadata\__init__.py first seen with mtime 1707248442.0
File G:\project1\LigaPay\LigaPay\venv\Lib\site-packages\django_redis\client\default.py first seen with mtime 1732644629.0828955
File G:\pynthon\Lib\importlib\resources\_common.py first seen with mtime 1707248442.0
File G:\project1\LigaPay\LigaPay\main\__init__.py first seen with mtime 1726687386.9023545
File G:\pynthon\Lib\zoneinfo\__init__.py first seen with mtime 1707248442.0
File G:\pynthon\Lib\asyncio\coroutines.py first seen with mtime 1707248442.0
File G:\pynthon\Lib\xml\dom\__init__.py first seen with mtime 1707248442.0
File G:\pynthon\Lib\email\mime\__init__.py first seen with mtime 1707248442.0
File G:\project1\LigaPay\LigaPay\venv\Lib\site-packages\django\utils\timesince.py first seen with mtime 1726590946.7343645
File G:\project1\LigaPay\LigaPay\venv\Lib\site-packages\django_celery_beat\__init__.py first seen with mtime 1732641439.7368588
File G:\pynthon\Lib\encodings\__init__.py first seen with mtime 1707248442.0
File G:\project1\LigaPay\LigaPay\venv\Lib\site-packages\sqlparse\engine\statement_splitter.py first seen with mtime 1726590942.5688572
File G:\project1\LigaPay\LigaPay\venv\Lib\site-packages\django\views\decorators\debug.py first seen with mtime 1726590946.741366
File G:\project1\LigaPay\LigaPay\venv\Lib\site-packages\django\db\models\signals.py first seen with mtime 1726590946.653365
File G:\project1\LigaPay\LigaPay\venv\Lib\site-packages\django_filters\constants.py first seen with mtime 1737573152.0061586
File G:\project1\LigaPay\LigaPay\users\views.py first seen with mtime 1732812915.027769
File G:\project1\LigaPay\LigaPay\venv\Lib\site-packages\debug_toolbar\panels\sql\views.py first seen with mtime 1736963109.4359531
File G:\project1\LigaPay\LigaPay\venv\Lib\site-packages\django_celery_beat\querysets.py first seen with mtime 1732641439.7488835
File G:\project1\LigaPay\LigaPay\venv\Lib\site-packages\psycopg2\extensions.py first seen with mtime 1726590943.6771429
File G:\pynthon\Lib\asyncio\tasks.py first seen with mtime 1707248442.0
File G:\project1\LigaPay\LigaPay\venv\Lib\site-packages\celery\app\registry.py first seen with mtime 1732641437.2328475
File G:\project1\LigaPay\LigaPay\products\mixins.py first seen with mtime 1739790428.468932
File G:\project1\LigaPay\LigaPay\venv\Lib\site-packages\django\db\backends\postgresql\features.py first seen with mtime 1726590946.6313658
File G:\project1\LigaPay\LigaPay\venv\Lib\site-packages\django\middleware\csrf.py first seen with mtime 1726590946.7033658
File G:\pynthon\Lib\http\cookies.py first seen with mtime 1707248442.0
File G:\project1\LigaPay\LigaPay\venv\Lib\site-packages\timezone_field\backends\base.py first seen with mtime 1732641434.980846
File G:\pynthon\Lib\venv\__init__.py first seen with mtime 1707248442.0
File G:\project1\LigaPay\LigaPay\venv\Lib\site-packages\kombu\compression.py first seen with mtime 1732641435.7808454
File G:\project1\LigaPay\LigaPay\venv\Lib\site-packages\django\views\defaults.py first seen with mtime 1726590946.7393646
File G:\project1\LigaPay\LigaPay\venv\Lib\site-packages\django\core\serializers\__init__.py first seen with mtime 1726590946.610365
File G:\pynthon\Lib\random.py first seen with mtime 1707248442.0
File G:\project1\LigaPay\LigaPay\venv\Lib\site-packages\redis\_parsers\hiredis.py first seen with mtime 1732644628.149057
File G:\project1\LigaPay\LigaPay\venv\Lib\site-packages\django\contrib\admin\widgets.py first seen with mtime 1726590944.6262307
File G:\pynthon\Lib\concurrent\futures\_base.py first seen with mtime 1707248442.0
File G:\project1\LigaPay\LigaPay\venv\Lib\site-packages\vine\__init__.py first seen with mtime 1732641431.9118443
File G:\project1\LigaPay\LigaPay\venv\Lib\site-packages\debug_toolbar\toolbar.py first seen with mtime 1736963109.3912811
File G:\project1\LigaPay\LigaPay\venv\Lib\site-packages\django\core\validators.py first seen with mtime 1726590946.5773642
File G:\project1\LigaPay\LigaPay\venv\Lib\site-packages\django\template\base.py first seen with mtime 1726590946.705366
File G:\project1\LigaPay\LigaPay\venv\Lib\site-packages\django\utils\hashable.py first seen with mtime 1726590946.7293656
File G:\pynthon\Lib\email\quoprimime.py first seen with mtime 1707248442.0
File G:\project1\LigaPay\LigaPay\venv\Lib\site-packages\django\db\migrations\operations\base.py first seen with mtime 1726590946.6443639
File G:\project1\LigaPay\LigaPay\venv\Lib\site-packages\celery\schedules.py first seen with mtime 1732641437.2258456
File G:\pynthon\Lib\asyncio\proactor_events.py first seen with mtime 1707248442.0
File G:\pynthon\Lib\encodings\cp1251.py first seen with mtime 1707248442.0
File G:\pynthon\Lib\email\contentmanager.py first seen with mtime 1707248442.0
File G:\pynthon\Lib\ctypes\_endian.py first seen with mtime 1707248442.0
File G:\pynthon\Lib\email\mime\base.py first seen with mtime 1707248442.0
File G:\project1\LigaPay\LigaPay\venv\Lib\site-packages\django\contrib\auth\__init__.py first seen with mtime 1726590944.9932318
File G:\project1\LigaPay\LigaPay\venv\Lib\site-packages\django\db\models\fields\generated.py first seen with mtime 1726590946.6543634
File G:\project1\LigaPay\LigaPay\venv\Lib\site-packages\django\db\models\sql\query.py first seen with mtime 1726590946.663364
File G:\project1\LigaPay\LigaPay\venv\Lib\site-packages\django\http\__init__.py first seen with mtime 1726590946.699366
File G:\project1\LigaPay\LigaPay\venv\Lib\site-packages\django_celery_beat\clockedschedule.py first seen with mtime 1732641439.745855
File G:\pynthon\Lib\multiprocessing\util.py first seen with mtime 1707248442.0
File G:\project1\LigaPay\LigaPay\venv\Lib\site-packages\django\forms\formsets.py first seen with mtime 1726590946.6673636
File G:\project1\LigaPay\LigaPay\venv\Lib\site-packages\django\utils\safestring.py first seen with mtime 1726590946.733364
File G:\project1\LigaPay\LigaPay\venv\Lib\site-packages\django\test\client.py first seen with mtime 1726590946.7163641
File G:\project1\LigaPay\LigaPay\venv\Lib\site-packages\django\db\models\lookups.py first seen with mtime 1726590946.6513662
File G:\project1\LigaPay\LigaPay\venv\Lib\site-packages\django\test\signals.py first seen with mtime 1726590946.717364
File G:\project1\LigaPay\LigaPay\venv\Lib\site-packages\django\contrib\contenttypes\__init__.py first seen with mtime 1726590945.1242316
File G:\project1\LigaPay\LigaPay\venv\Lib\site-packages\redis\connection.py first seen with mtime 1732644628.1416922
File G:\project1\LigaPay\LigaPay\venv\Lib\site-packages\attr\_funcs.py first seen with mtime 1732115536.293028
File G:\pynthon\Lib\asyncio\runners.py first seen with mtime 1707248442.0
File G:\project1\LigaPay\LigaPay\venv\Lib\site-packages\django\template\engine.py first seen with mtime 1726590946.7073653
File G:\project1\LigaPay\LigaPay\venv\Lib\site-packages\redis\asyncio\connection.py first seen with mtime 1732644628.1528563
File G:\project1\LigaPay\LigaPay\venv\Lib\site-packages\PIL\_util.py first seen with mtime 1727118445.8773806
File G:\project1\LigaPay\LigaPay\venv\Lib\site-packages\django\core\checks\translation.py first seen with mtime 1726590946.5853646
File G:\project1\LigaPay\LigaPay\venv\Lib\site-packages\django\views\__init__.py first seen with mtime 1726590946.7383633
File G:\pynthon\Lib\asyncio\sslproto.py first seen with mtime 1707248442.0
File G:\project1\LigaPay\LigaPay\venv\Lib\site-packages\django\urls\conf.py first seen with mtime 1726590946.719364
File G:\project1\LigaPay\LigaPay\venv\Lib\site-packages\django\utils\crypto.py first seen with mtime 1726590946.7243655
File G:\project1\LigaPay\LigaPay\venv\Lib\site-packages\debug_toolbar\panels\timer.py first seen with mtime 1736963109.430282
File G:\project1\LigaPay\LigaPay\venv\Lib\site-packages\django\core\checks\registry.py first seen with mtime 1726590946.5843635
File G:\project1\LigaPay\LigaPay\users\models.py first seen with mtime 1739789698.2835863
File G:\project1\LigaPay\LigaPay\venv\Lib\site-packages\vine\promises.py first seen with mtime 1732641431.9138439
File G:\pynthon\Lib\getpass.py first seen with mtime 1707248442.0
File G:\project1\LigaPay\LigaPay\venv\Lib\site-packages\tzdata\zoneinfo\Brazil\__init__.py first seen with mtime 1726590942.3898566
File G:\project1\LigaPay\LigaPay\venv\Lib\site-packages\django\db\models\sql\where.py first seen with mtime 1726590946.6643658
File G:\project1\LigaPay\LigaPay\venv\Lib\site-packages\django\core\serializers\base.py first seen with mtime 1726590946.6113646
File G:\project1\LigaPay\LigaPay\venv\Lib\site-packages\django\contrib\admin\templatetags\__init__.py first seen with mtime 1726590944.8942304
File G:\project1\LigaPay\LigaPay\venv\Lib\site-packages\cffi\lock.py first seen with mtime 1732115536.8075366
File G:\project1\LigaPay\LigaPay\venv\Lib\site-packages\django\core\management\color.py first seen with mtime 1726590946.5993676
File G:\pynthon\DLLs\_bz2.pyd first seen with mtime 1707248490.0
File G:\pynthon\Lib\dataclasses.py first seen with mtime 1707248442.0
File G:\project1\LigaPay\LigaPay\venv\Lib\site-packages\debug_toolbar\panels\templates\panel.py first seen with mtime 1736963109.4369545
File G:\pynthon\Lib\urllib\error.py first seen with mtime 1707248442.0
File G:\project1\LigaPay\LigaPay\venv\Lib\site-packages\debug_toolbar\panels\__init__.py first seen with mtime 1736963109.424282
File G:\pynthon\Lib\reprlib.py first seen with mtime 1707248442.0
File G:\pynthon\Lib\socketserver.py first seen with mtime 1707248442.0
File G:\project1\LigaPay\LigaPay\venv\Lib\site-packages\PIL\_version.py first seen with mtime 1727118445.8783805
File G:\project1\LigaPay\LigaPay\venv\Lib\site-packages\click\parser.py first seen with mtime 1732641435.1608477
File G:\project1\LigaPay\LigaPay\wallet\views.py first seen with mtime 1740503980.7901468
File G:\pynthon\Lib\asyncio\events.py first seen with mtime 1707248442.0
File G:\project1\LigaPay\LigaPay\venv\Lib\site-packages\celery\fixups\__init__.py first seen with mtime 1732641437.278847
File G:\project1\LigaPay\LigaPay\venv\Lib\site-packages\amqp\__init__.py first seen with mtime 1732641435.436846
File G:\project1\LigaPay\LigaPay\venv\Lib\site-packages\django\utils\connection.py first seen with mtime 1726590946.7243655
File G:\project1\LigaPay\LigaPay\venv\Lib\site-packages\django\core\checks\compatibility\django_4_0.py first seen with mtime 1726590946.5863638
File G:\project1\LigaPay\LigaPay\venv\Lib\site-packages\sqlparse\utils.py first seen with mtime 1726590942.5678573
File G:\project1\LigaPay\LigaPay\venv\Lib\site-packages\debug_toolbar\panels\history\__init__.py first seen with mtime 1736963109.4312847
File G:\project1\LigaPay\LigaPay\venv\Lib\site-packages\click\termui.py first seen with mtime 1732641435.1628494
File G:\pynthon\Lib\datetime.py first seen with mtime 1707248442.0
File G:\project1\LigaPay\LigaPay\venv\Lib\site-packages\click\decorators.py first seen with mtime 1732641435.1598487
File G:\pynthon\Lib\asyncio\base_futures.py first seen with mtime 1707248442.0
File G:\project1\LigaPay\LigaPay\venv\Lib\site-packages\django\db\models\functions\__init__.py first seen with mtime 1726590946.658366
File G:\project1\LigaPay\LigaPay\venv\Lib\site-packages\django\template\context.py first seen with mtime 1726590946.705366
File G:\project1\LigaPay\LigaPay\venv\Lib\site-packages\django\core\checks\security\base.py first seen with mtime 1726590946.5863638
File G:\project1\LigaPay\LigaPay\venv\Lib\site-packages\PIL\ExifTags.py first seen with mtime 1727118445.779822
File G:\project1\LigaPay\LigaPay\venv\Lib\site-packages\django\db\backends\base\creation.py first seen with mtime 1726590946.6173651
File G:\project1\LigaPay\LigaPay\venv\Lib\site-packages\django\core\management\commands\__init__.py first seen with mtime 1726590946.601365
File G:\pynthon\Lib\email\utils.py first seen with mtime 1707248442.0
File G:\pynthon\Lib\concurrent\__init__.py first seen with mtime 1707248442.0
File G:\project1\LigaPay\LigaPay\venv\Lib\site-packages\django\core\handlers\__init__.py first seen with mtime 1726590946.5923634
File G:\project1\LigaPay\LigaPay\venv\Lib\site-packages\redis\_parsers\commands.py first seen with mtime 1732644628.1480217
File G:\project1\LigaPay\LigaPay\venv\Lib\site-packages\celery\loaders\app.py first seen with mtime 1732641437.2798464
File G:\project1\LigaPay\LigaPay\main\apps.py first seen with mtime 1726687386.9003549
File G:\project1\LigaPay\LigaPay\venv\Lib\site-packages\celery\utils\functional.py first seen with mtime 1732641437.285848
File G:\pynthon\Lib\unittest\util.py first seen with mtime 1707248442.0
File G:\pynthon\Lib\pstats.py first seen with mtime 1707248442.0
File G:\project1\LigaPay\LigaPay\wallet\urls.py first seen with mtime 1740503372.8625188
File G:\project1\LigaPay\LigaPay\venv\Lib\site-packages\django\templatetags\static.py first seen with mtime 1726590946.7153645
File G:\project1\LigaPay\LigaPay\venv\Lib\site-packages\django\templatetags\tz.py first seen with mtime 1726590946.7153645
File G:\project1\LigaPay\LigaPay\venv\Lib\site-packages\django\contrib\__init__.py first seen with mtime 1726590944.6202312
File G:\project1\LigaPay\LigaPay\venv\Lib\site-packages\attr\converters.py first seen with mtime 1732115536.2960126
File G:\pynthon\Lib\asyncio\queues.py first seen with mtime 1707248442.0
File G:\project1\LigaPay\LigaPay\LigaPay\celery.py first seen with mtime 1732725477.5353017
File G:\project1\LigaPay\LigaPay\venv\Lib\site-packages\celery\utils\serialization.py first seen with mtime 1732641437.2888482
File G:\project1\LigaPay\LigaPay\venv\Lib\site-packages\django\contrib\auth\management\__init__.py first seen with mtime 1726590945.1172295
File G:\project1\LigaPay\LigaPay\venv\Lib\site-packages\celery\app\builtins.py first seen with mtime 1732641437.230846
File G:\project1\LigaPay\LigaPay\venv\Lib\site-packages\django\db\models\utils.py first seen with mtime 1726590946.653365
File G:\project1\LigaPay\LigaPay\venv\Lib\site-packages\django\core\management\base.py first seen with mtime 1726590946.5993676
File G:\pynthon\Lib\glob.py first seen with mtime 1707248442.0
File G:\project1\LigaPay\LigaPay\venv\Lib\site-packages\django\core\signing.py first seen with mtime 1726590946.5763648
File G:\pynthon\Lib\locale.py first seen with mtime 1707248442.0
File G:\project1\LigaPay\LigaPay\venv\Lib\site-packages\dateutil\parser\isoparser.py first seen with mtime 1732641434.717846
File G:\project1\LigaPay\LigaPay\orders\__init__.py first seen with mtime 1740506286.7934947
File G:\project1\LigaPay\LigaPay\venv\Lib\site-packages\django\db\migrations\utils.py first seen with mtime 1726590946.643365
File G:\project1\LigaPay\LigaPay\venv\Lib\site-packages\dateutil\tz\tz.py first seen with mtime 1732641434.7198615
File G:\pynthon\Lib\re\_constants.py first seen with mtime 1707248442.0
File G:\project1\LigaPay\LigaPay\venv\Lib\site-packages\amqp\basic_message.py first seen with mtime 1732641435.437847
File G:\project1\LigaPay\LigaPay\venv\Lib\site-packages\django\contrib\staticfiles\views.py first seen with mtime 1726590946.5713649
File G:\project1\LigaPay\LigaPay\venv\Lib\site-packages\django\db\models\constants.py first seen with mtime 1726590946.6483638
File G:\project1\LigaPay\LigaPay\venv\Lib\site-packages\redis\_parsers\base.py first seen with mtime 1732644628.1475046
File G:\project1\LigaPay\LigaPay\venv\Lib\site-packages\celery\utils\objects.py first seen with mtime 1732641437.287847
File G:\project1\LigaPay\LigaPay\venv\Lib\site-packages\django\core\files\storage\mixins.py first seen with mtime 1726590946.5923634
File G:\project1\LigaPay\LigaPay\venv\Lib\site-packages\celery\utils\text.py first seen with mtime 1732641437.2898474
File G:\pynthon\DLLs\_zoneinfo.pyd first seen with mtime 1707248490.0
File G:\project1\LigaPay\LigaPay\venv\Lib\site-packages\django\core\checks\async_checks.py first seen with mtime 1726590946.5823636
File G:\pynthon\Lib\importlib\resources\_legacy.py first seen with mtime 1707248442.0
File G:\project1\LigaPay\LigaPay\wallet\models.py first seen with mtime 1740134209.2212236
File G:\project1\LigaPay\LigaPay\venv\Lib\site-packages\django\http\multipartparser.py first seen with mtime 1726590946.7003658
File G:\project1\LigaPay\LigaPay\venv\Lib\site-packages\dotenv\parser.py first seen with mtime 1726590943.5151434
File G:\project1\LigaPay\LigaPay\venv\Lib\site-packages\kombu\utils\functional.py first seen with mtime 1732641435.8098478
File G:\pynthon\Lib\copyreg.py first seen with mtime 1707248442.0
File G:\project1\LigaPay\LigaPay\venv\Lib\site-packages\cron_descriptor\DescriptionTypeEnum.py first seen with mtime 1732641431.7558434
File G:\project1\LigaPay\LigaPay\venv\Lib\site-packages\django\utils\dates.py first seen with mtime 1726590946.7263658
File G:\project1\LigaPay\LigaPay\venv\Lib\site-packages\celery\app\defaults.py first seen with mtime 1732641437.230846
File G:\project1\LigaPay\LigaPay\venv\Lib\site-packages\django\contrib\sites\requests.py first seen with mtime 1726590946.4843638
File G:\project1\LigaPay\LigaPay\venv\Lib\site-packages\django\core\checks\model_checks.py first seen with mtime 1726590946.5843635
File G:\project1\LigaPay\LigaPay\venv\Lib\site-packages\amqp\spec.py first seen with mtime 1732641435.4418466
File G:\pynthon\Lib\asyncio\base_subprocess.py first seen with mtime 1707248442.0
File G:\project1\LigaPay\LigaPay\venv\Lib\site-packages\celery\app\annotations.py first seen with mtime 1732641437.2288463
File G:\project1\LigaPay\LigaPay\venv\Lib\site-packages\django\conf\__init__.py first seen with mtime 1726590944.4427235
File G:\project1\LigaPay\LigaPay\venv\Lib\site-packages\django\contrib\auth\apps.py first seen with mtime 1726590944.9942315
File G:\project1\LigaPay\LigaPay\venv\Lib\site-packages\django\core\__init__.py first seen with mtime 1726590946.5743635
File G:\project1\LigaPay\LigaPay\venv\Lib\site-packages\django\db\models\query_utils.py first seen with mtime 1726590946.652364
File G:\project1\LigaPay\LigaPay\venv\Lib\site-packages\cffi\api.py first seen with mtime 1732115536.8025436
File G:\project1\LigaPay\LigaPay\news\__init__.py first seen with mtime 1732123295.3883448
File G:\project1\LigaPay\LigaPay\venv\Lib\site-packages\django\contrib\staticfiles\management\commands\__init__.py first seen with mtime 1726590946.572364
File G:\pynthon\Lib\dis.py first seen with mtime 1707248442.0
File G:\pynthon\Lib\importlib\metadata\_functools.py first seen with mtime 1707248442.0
File G:\project1\LigaPay\LigaPay\venv\Lib\site-packages\kombu\utils\objects.py first seen with mtime 1732641435.8118482
File G:\project1\LigaPay\LigaPay\venv\Lib\site-packages\django_celery_beat\validators.py first seen with mtime 1732641439.7548494
File G:\project1\LigaPay\LigaPay\venv\Lib\site-packages\tzdata\zoneinfo\Asia\__init__.py first seen with mtime 1726590942.3768568
File G:\project1\LigaPay\LigaPay\venv\Lib\site-packages\django\contrib\contenttypes\apps.py first seen with mtime 1726590945.1252298
File G:\project1\LigaPay\LigaPay\venv\Lib\site-packages\PIL\_deprecate.py first seen with mtime 1727118445.8350198
File G:\pynthon\Lib\concurrent\futures\thread.py first seen with mtime 1707248442.0
File G:\project1\LigaPay\LigaPay\venv\Lib\site-packages\django\core\servers\__init__.py first seen with mtime 1726590946.6133647
File G:\project1\LigaPay\LigaPay\venv\Lib\site-packages\django\core\cache\backends\base.py first seen with mtime 1726590946.5793636
File G:\pynthon\Lib\difflib.py first seen with mtime 1707248442.0
File G:\project1\LigaPay\LigaPay\products\admin.py first seen with mtime 1740513382.888477
File G:\pynthon\Lib\re\_casefix.py first seen with mtime 1707248442.0
File G:\project1\LigaPay\LigaPay\venv\Lib\site-packages\psycopg2\__init__.py first seen with mtime 1726590943.662142
File G:\project1\LigaPay\LigaPay\venv\Lib\site-packages\debug_toolbar\templatetags\__init__.py first seen with mtime 1736963109.4519534
File G:\project1\LigaPay\LigaPay\venv\Lib\site-packages\django\core\files\storage\filesystem.py first seen with mtime 1726590946.5913637
File G:\project1\LigaPay\LigaPay\venv\Lib\site-packages\django\utils\autoreload.py first seen with mtime 1726590946.7233653
File G:\pynthon\Lib\asyncio\futures.py first seen with mtime 1707248442.0
File G:\project1\LigaPay\LigaPay\venv\Lib\site-packages\tzdata\zoneinfo\Australia\__init__.py first seen with mtime 1726590942.3888566
File G:\project1\LigaPay\LigaPay\venv\Lib\site-packages\django\core\handlers\wsgi.py first seen with mtime 1726590946.593363
File G:\project1\LigaPay\LigaPay\venv\Lib\site-packages\django\contrib\auth\signals.py first seen with mtime 1726590944.9992306
File G:\project1\LigaPay\LigaPay\venv\Lib\site-packages\celery\app\__init__.py first seen with mtime 1732641437.2278454
File G:\project1\LigaPay\LigaPay\venv\Lib\site-packages\django\apps\config.py first seen with mtime 1726590944.4417217
File G:\pynthon\Lib\typing.py first seen with mtime 1707248442.0
File G:\project1\LigaPay\LigaPay\venv\Lib\site-packages\vine\funtools.py first seen with mtime 1732641431.9128437
File G:\project1\LigaPay\LigaPay\venv\Lib\site-packages\django\template\smartif.py first seen with mtime 1726590946.7093637
File G:\project1\LigaPay\LigaPay\venv\Lib\site-packages\PIL\_typing.py first seen with mtime 1727118445.8773806
File G:\project1\LigaPay\LigaPay\venv\Lib\site-packages\django\db\backends\base\__init__.py first seen with mtime 1726590946.6163647
File G:\project1\LigaPay\LigaPay\venv\Lib\site-packages\django\db\models\functions\window.py first seen with mtime 1726590946.660364
File G:\project1\LigaPay\LigaPay\venv\Lib\site-packages\tzdata\zoneinfo\Africa\__init__.py first seen with mtime 1726590942.2788575
File G:\project1\LigaPay\LigaPay\venv\Lib\site-packages\captcha\conf\settings.py first seen with mtime 1728586654.9543009
File G:\project1\LigaPay\LigaPay\venv\Lib\site-packages\django\utils\timezone.py first seen with mtime 1726590946.735366
File G:\project1\LigaPay\LigaPay\venv\Lib\site-packages\django\core\management\commands\runserver.py first seen with mtime 1726590946.6063647
File G:\pynthon\Lib\unittest\result.py first seen with mtime 1707248442.0
File G:\pynthon\Lib\http\__init__.py first seen with mtime 1707248442.0
File G:\project1\LigaPay\LigaPay\venv\Lib\site-packages\django\utils\deprecation.py first seen with mtime 1726590946.7273657
File G:\project1\LigaPay\LigaPay\venv\Lib\site-packages\debug_toolbar\panels\templates\views.py first seen with mtime 1736963109.437955
File G:\project1\LigaPay\LigaPay\venv\Lib\site-packages\django\middleware\__init__.py first seen with mtime 1726590946.7013667
File G:\project1\LigaPay\LigaPay\venv\Lib\site-packages\timezone_field\backends\zoneinfo.py first seen with mtime 1732641434.981846
File G:\project1\LigaPay\LigaPay\venv\Lib\site-packages\celery\utils\threads.py first seen with mtime 1732641437.290847
File G:\pynthon\Lib\asyncio\trsock.py first seen with mtime 1707248442.0
File G:\project1\LigaPay\LigaPay\venv\Lib\site-packages\django\apps\__init__.py first seen with mtime 1726590944.4417217
File G:\project1\LigaPay\LigaPay\venv\Lib\site-packages\attr\_version_info.py first seen with mtime 1732115536.2950125
File G:\project1\LigaPay\LigaPay\venv\Lib\site-packages\click\core.py first seen with mtime 1732641435.1588466
File G:\project1\LigaPay\LigaPay\venv\Lib\site-packages\redis\exceptions.py first seen with mtime 1732644628.1432545
File G:\project1\LigaPay\LigaPay\products\views.py first seen with mtime 1740596279.4647205
File G:\pynthon\Lib\importlib\metadata\_meta.py first seen with mtime 1707248442.0
File G:\project1\LigaPay\LigaPay\venv\Lib\site-packages\django\contrib\messages\middleware.py first seen with mtime 1726590946.124364
File G:\project1\LigaPay\LigaPay\venv\Lib\site-packages\django\shortcuts.py first seen with mtime 1726590944.4417217
File G:\project1\LigaPay\LigaPay\venv\Lib\site-packages\django\utils\functional.py first seen with mtime 1726590946.7283657
File G:\pynthon\Lib\encodings\utf_8.py first seen with mtime 1707248442.0
File G:\project1\LigaPay\LigaPay\news\views.py first seen with mtime 1733236364.1613946
File G:\project1\LigaPay\LigaPay\venv\Lib\site-packages\django\db\backends\postgresql\creation.py first seen with mtime 1726590946.6313658
File G:\project1\LigaPay\LigaPay\venv\Lib\site-packages\django\contrib\auth\forms.py first seen with mtime 1726590944.9972312
File G:\pynthon\Lib\wsgiref\simple_server.py first seen with mtime 1707248442.0
File G:\pynthon\Lib\unittest\main.py first seen with mtime 1707248442.0
File G:\project1\LigaPay\LigaPay\venv\Lib\site-packages\django\contrib\messages\views.py first seen with mtime 1726590946.1843636
File G:\project1\LigaPay\LigaPay\venv\Lib\site-packages\django\core\mail\utils.py first seen with mtime 1726590946.5943632
File G:\project1\LigaPay\LigaPay\venv\Lib\site-packages\django\utils\module_loading.py first seen with mtime 1726590946.7323644
File G:\project1\LigaPay\LigaPay\venv\Lib\site-packages\psycopg2\_json.py first seen with mtime 1726590943.6631422
File G:\project1\LigaPay\LigaPay\venv\Lib\site-packages\django\core\files\storage\memory.py first seen with mtime 1726590946.5913637
File G:\project1\LigaPay\LigaPay\venv\Lib\site-packages\kombu\utils\compat.py first seen with mtime 1732641435.8078468
File G:\pynthon\Lib\collections\abc.py first seen with mtime 1707248442.0
File G:\pynthon\DLLs\_lzma.pyd first seen with mtime 1707248490.0
File G:\project1\LigaPay\LigaPay\venv\Lib\site-packages\click\_compat.py first seen with mtime 1732641435.154847
File G:\project1\LigaPay\LigaPay\venv\Lib\site-packages\django\db\migrations\operations\fields.py first seen with mtime 1726590946.6443639
File G:\project1\LigaPay\LigaPay\venv\Lib\site-packages\django\__init__.py first seen with mtime 1726590944.4407225
File G:\project1\LigaPay\LigaPay\venv\Lib\site-packages\django\db\models\fields\mixins.py first seen with mtime 1726590946.6553826
File G:\project1\LigaPay\LigaPay\venv\Lib\site-packages\django\template\defaulttags.py first seen with mtime 1726590946.7073653
File G:\project1\LigaPay\LigaPay\venv\Lib\site-packages\debug_toolbar\panels\signals.py first seen with mtime 1736963109.4292815
File G:\project1\LigaPay\LigaPay\venv\Lib\site-packages\django\utils\ipv6.py first seen with mtime 1726590946.730365
File G:\project1\LigaPay\LigaPay\venv\Lib\site-packages\django\forms\models.py first seen with mtime 1726590946.6683636
File G:\project1\LigaPay\LigaPay\venv\Lib\site-packages\PIL\_binary.py first seen with mtime 1727118445.8340197
File G:\pynthon\DLLs\_ssl.pyd first seen with mtime 1707248490.0
File G:\project1\LigaPay\LigaPay\venv\Lib\site-packages\django\contrib\auth\checks.py first seen with mtime 1726590944.9952314
File G:\project1\LigaPay\LigaPay\venv\Lib\site-packages\django\urls\utils.py first seen with mtime 1726590946.721365
File G:\pynthon\Lib\hashlib.py first seen with mtime 1707248442.0
File G:\project1\LigaPay\LigaPay\venv\Lib\site-packages\django\core\checks\compatibility\__init__.py first seen with mtime 1726590946.5853646
File G:\project1\LigaPay\LigaPay\venv\Lib\site-packages\sqlparse\lexer.py first seen with mtime 1726590942.5658586
File G:\project1\LigaPay\LigaPay\venv\Lib\site-packages\tzdata\zoneinfo\Atlantic\__init__.py first seen with mtime 1726590942.3808563
File G:\project1\LigaPay\LigaPay\venv\Lib\site-packages\django\db\backends\base\base.py first seen with mtime 1726590946.6173651
File G:\project1\LigaPay\LigaPay\venv\Lib\site-packages\django\db\utils.py first seen with mtime 1726590946.614364
File G:\project1\LigaPay\LigaPay\venv\Lib\site-packages\sqlparse\filters\aligned_indent.py first seen with mtime 1726590942.5698705
File G:\pynthon\Lib\tkinter\constants.py first seen with mtime 1707248442.0
File G:\project1\LigaPay\LigaPay\venv\Lib\site-packages\django\utils\text.py first seen with mtime 1726590946.7343645
File G:\project1\LigaPay\LigaPay\venv\Lib\site-packages\django\contrib\contenttypes\checks.py first seen with mtime 1726590945.1252298
File G:\project1\LigaPay\LigaPay\venv\Lib\site-packages\django_filters\exceptions.py first seen with mtime 1737573152.00668
File G:\project1\LigaPay\LigaPay\venv\Lib\site-packages\django\template\loaders\cached.py first seen with mtime 1726590946.7123654
File G:\pynthon\Lib\email\iterators.py first seen with mtime 1707248442.0
File G:\project1\LigaPay\LigaPay\venv\Lib\site-packages\django\forms\renderers.py first seen with mtime 1726590946.6683636
File G:\project1\LigaPay\LigaPay\venv\Lib\site-packages\celery\app\backends.py first seen with mtime 1732641437.2288463
File G:\project1\LigaPay\LigaPay\venv\Lib\site-packages\django\core\wsgi.py first seen with mtime 1726590946.5773642
File G:\project1\LigaPay\LigaPay\venv\Lib\site-packages\django\template\defaultfilters.py first seen with mtime 1726590946.7063668
File G:\pynthon\Lib\contextlib.py first seen with mtime 1707248442.0
File G:\pynthon\Lib\email\encoders.py first seen with mtime 1707248442.0
File G:\project1\LigaPay\LigaPay\venv\Lib\site-packages\celery\utils\imports.py first seen with mtime 1732641437.2868476
File G:\project1\LigaPay\LigaPay\venv\Lib\site-packages\django\utils\decorators.py first seen with mtime 1726590946.7263658
File G:\project1\LigaPay\LigaPay\venv\Lib\site-packages\dateutil\relativedelta.py first seen with mtime 1732641434.7138455
File G:\project1\LigaPay\LigaPay\news\urls.py first seen with mtime 1733238988.629807
File G:\project1\LigaPay\LigaPay\venv\Lib\site-packages\PIL\_imaging.cp311-win_amd64.pyd first seen with mtime 1727118445.8603826
File G:\pynthon\Lib\asyncio\streams.py first seen with mtime 1707248442.0
File G:\project1\LigaPay\LigaPay\orders\apps.py first seen with mtime 1740506286.7664967
File G:\project1\LigaPay\LigaPay\venv\Lib\site-packages\django\middleware\security.py first seen with mtime 1726590946.704366
File G:\project1\LigaPay\LigaPay\venv\Lib\site-packages\django\contrib\auth\mixins.py first seen with mtime 1726590944.9982312
File G:\pynthon\Lib\asyncio\constants.py first seen with mtime 1707248442.0
File G:\project1\LigaPay\LigaPay\venv\Lib\site-packages\tzdata\zoneinfo\Antarctica\__init__.py first seen with mtime 1726590942.3408582
File G:\project1\LigaPay\LigaPay\venv\Lib\site-packages\django_filters\widgets.py first seen with mtime 1737573152.009884
File G:\project1\LigaPay\LigaPay\venv\Lib\site-packages\django\contrib\staticfiles\management\commands\runserver.py first seen with mtime 1726590946.5733647
File G:\pynthon\Lib\email\policy.py first seen with mtime 1707248442.0
File G:\pynthon\Lib\importlib\abc.py first seen with mtime 1707248442.0
File G:\pynthon\Lib\asyncio\log.py first seen with mtime 1707248442.0
File G:\project1\LigaPay\LigaPay\venv\Lib\site-packages\django\contrib\messages\storage\base.py first seen with mtime 1726590946.1853638
File G:\project1\LigaPay\LigaPay\venv\Lib\site-packages\cffi\error.py first seen with mtime 1732115536.8065364
File G:\project1\LigaPay\LigaPay\venv\Lib\site-packages\debug_toolbar\panels\history\forms.py first seen with mtime 1736963109.4322832
File G:\project1\LigaPay\LigaPay\venv\Lib\site-packages\debug_toolbar\panels\sql\__init__.py first seen with mtime 1736963109.4339557
File G:\project1\LigaPay\LigaPay\users\__init__.py first seen with mtime 1726760398.9986563
File G:\project1\LigaPay\LigaPay\venv\Lib\site-packages\django\contrib\admin\models.py first seen with mtime 1726590944.6242316
File G:\project1\LigaPay\LigaPay\venv\Lib\site-packages\django\views\generic\__init__.py first seen with mtime 1726590946.7433648
File G:\project1\LigaPay\LigaPay\venv\Lib\site-packages\django_celery_beat\utils.py first seen with mtime 1732641439.7538648
File G:\project1\LigaPay\LigaPay\venv\Lib\site-packages\tzdata\zoneinfo\Canada\__init__.py first seen with mtime 1726590942.3928576
File G:\project1\LigaPay\LigaPay\venv\Lib\site-packages\django\db\models\fields\proxy.py first seen with mtime 1726590946.6563647
File G:\project1\LigaPay\LigaPay\venv\Lib\site-packages\django_celery_beat\tzcrontab.py first seen with mtime 1732641439.7528532
File G:\project1\LigaPay\LigaPay\products\models.py first seen with mtime 1739802686.4150822
File G:\project1\LigaPay\LigaPay\venv\Lib\site-packages\sqlparse\filters\others.py first seen with mtime 1726590942.5698705
File G:\pynthon\Lib\email\generator.py first seen with mtime 1707248442.0
File G:\pynthon\DLLs\_asyncio.pyd first seen with mtime 1707248490.0
File G:\pynthon\Lib\importlib\readers.py first seen with mtime 1707248442.0
File G:\pynthon\Lib\signal.py first seen with mtime 1707248442.0
File G:\project1\LigaPay\LigaPay\venv\Lib\site-packages\redis\_parsers\resp3.py first seen with mtime 1732644628.150098
File G:\project1\LigaPay\LigaPay\venv\Lib\site-packages\django\template\response.py first seen with mtime 1726590946.7093637
File G:\project1\LigaPay\LigaPay\venv\Lib\site-packages\django\utils\http.py first seen with mtime 1726590946.730365
File G:\project1\LigaPay\LigaPay\venv\Lib\site-packages\django\views\generic\detail.py first seen with mtime 1726590946.7453637
File G:\project1\LigaPay\LigaPay\venv\Lib\site-packages\sqlparse\keywords.py first seen with mtime 1726590942.5658586
File G:\project1\LigaPay\LigaPay\venv\Lib\site-packages\attr\exceptions.py first seen with mtime 1732115536.2970126
File G:\project1\LigaPay\LigaPay\venv\Lib\site-packages\debug_toolbar\panels\profiling.py first seen with mtime 1736963109.425283
File G:\pynthon\DLLs\unicodedata.pyd first seen with mtime 1707248490.0
File G:\project1\LigaPay\LigaPay\venv\Lib\site-packages\django\db\migrations\operations\special.py first seen with mtime 1726590946.646366
File G:\project1\LigaPay\LigaPay\venv\Lib\site-packages\kombu\utils\json.py first seen with mtime 1732641435.8108478
File G:\project1\LigaPay\LigaPay\venv\Lib\site-packages\django\contrib\contenttypes\fields.py first seen with mtime 1726590945.1252298
File G:\project1\LigaPay\LigaPay\venv\Lib\site-packages\django\core\files\uploadedfile.py first seen with mtime 1726590946.589363
File G:\project1\LigaPay\LigaPay\venv\Lib\site-packages\django\contrib\sessions\backends\__init__.py first seen with mtime 1726590946.372365
File G:\pynthon\Lib\wsgiref\__init__.py first seen with mtime 1707248442.0
File G:\pynthon\Lib\turtle.py first seen with mtime 1707248442.0
File G:\project1\LigaPay\LigaPay\venv\Lib\site-packages\kombu\clocks.py first seen with mtime 1732641435.7798457
File G:\pynthon\Lib\multiprocessing\process.py first seen with mtime 1707248442.0
File G:\project1\LigaPay\LigaPay\venv\Lib\site-packages\django\db\migrations\state.py first seen with mtime 1726590946.643365
File G:\project1\LigaPay\LigaPay\venv\Lib\site-packages\django\db\backends\__init__.py first seen with mtime 1726590946.615365
File G:\project1\LigaPay\LigaPay\users\tasks.py first seen with mtime 1732810872.3656933
File G:\project1\LigaPay\LigaPay\venv\Lib\site-packages\vine\utils.py first seen with mtime 1732641431.9148445
File G:\pynthon\Lib\selectors.py first seen with mtime 1707248442.0
File G:\project1\LigaPay\LigaPay\venv\Lib\site-packages\tzdata\zoneinfo\America\North_Dakota\__init__.py first seen with mtime 1726590942.3358567
File G:\project1\LigaPay\LigaPay\venv\Lib\site-packages\django\contrib\admin\templatetags\admin_modify.py first seen with mtime 1726590944.8952303
File G:\pynthon\Lib\_compat_pickle.py first seen with mtime 1707248442.0
File G:\project1\LigaPay\LigaPay\venv\Lib\site-packages\django\template\loaders\__init__.py first seen with mtime 1726590946.711365
File G:\project1\LigaPay\LigaPay\venv\Lib\site-packages\django\db\backends\postgresql\__init__.py first seen with mtime 1726590946.6293645
File G:\project1\LigaPay\LigaPay\venv\Lib\site-packages\kombu\log.py first seen with mtime 1732641435.782847
File G:\pynthon\Lib\ipaddress.py first seen with mtime 1707248442.0
File G:\project1\LigaPay\LigaPay\users\middleware.py first seen with mtime 1739789815.9731033
File G:\project1\LigaPay\LigaPay\venv\Lib\site-packages\django\core\signals.py first seen with mtime 1726590946.5763648
File G:\project1\LigaPay\LigaPay\venv\Lib\site-packages\django\views\generic\base.py first seen with mtime 1726590946.744364
File G:\pynthon\Lib\http\server.py first seen with mtime 1707248442.0
File G:\project1\LigaPay\LigaPay\venv\Lib\site-packages\django\db\models\functions\mixins.py first seen with mtime 1726590946.660364
File G:\pynthon\Lib\asyncio\timeouts.py first seen with mtime 1707248442.0
File G:\project1\LigaPay\LigaPay\venv\Lib\site-packages\psycopg2\_range.py first seen with mtime 1726590943.6751423
File G:\project1\LigaPay\LigaPay\venv\Lib\site-packages\django\urls\base.py first seen with mtime 1726590946.719364
File G:\project1\LigaPay\LigaPay\venv\Lib\site-packages\django\views\decorators\__init__.py first seen with mtime 1726590946.7403634
File G:\project1\LigaPay\LigaPay\venv\Lib\site-packages\django\contrib\admin\exceptions.py first seen with mtime 1726590944.6222312
File G:\project1\LigaPay\LigaPay\venv\Lib\site-packages\redis\_parsers\socket.py first seen with mtime 1732644628.1506157
File G:\project1\LigaPay\LigaPay\venv\Lib\site-packages\django\template\backends\__init__.py first seen with mtime 1726590946.7103634
File G:\project1\LigaPay\LigaPay\venv\Lib\site-packages\django\contrib\admin\helpers.py first seen with mtime 1726590944.6232297
File G:\project1\LigaPay\LigaPay\venv\Lib\site-packages\django\views\generic\edit.py first seen with mtime 1726590946.7453637
File G:\project1\LigaPay\LigaPay\venv\Lib\site-packages\django\contrib\admin\decorators.py first seen with mtime 1726590944.6222312
File G:\pynthon\Lib\urllib\request.py first seen with mtime 1707248442.0
File G:\project1\LigaPay\LigaPay\venv\Lib\site-packages\kombu\utils\__init__.py first seen with mtime 1732641435.8058484
File G:\project1\LigaPay\LigaPay\venv\Lib\site-packages\django\core\checks\urls.py first seen with mtime 1726590946.5853646
File G:\project1\LigaPay\LigaPay\venv\Lib\site-packages\sqlparse\filters\tokens.py first seen with mtime 1726590942.5718567
File G:\pynthon\Lib\token.py first seen with mtime 1707248442.0
File G:\project1\LigaPay\LigaPay\venv\Lib\site-packages\django\db\backends\base\client.py first seen with mtime 1726590946.6173651
File G:\project1\LigaPay\LigaPay\venv\Lib\site-packages\celery\utils\term.py first seen with mtime 1732641437.2898474
File G:\pynthon\Lib\urllib\__init__.py first seen with mtime 1707248442.0
File G:\pynthon\DLLs\_overlapped.pyd first seen with mtime 1707248490.0
File G:\project1\LigaPay\LigaPay\venv\Lib\site-packages\celery\platforms.py first seen with mtime 1732641437.2258456
File G:\project1\LigaPay\LigaPay\venv\Lib\site-packages\django\db\backends\postgresql\operations.py first seen with mtime 1726590946.6333644
File G:\project1\LigaPay\LigaPay\venv\Lib\site-packages\sqlparse\exceptions.py first seen with mtime 1726590942.5638576
File G:\project1\LigaPay\LigaPay\wallet\__init__.py first seen with mtime 1740130259.818463
File G:\project1\LigaPay\LigaPay\venv\Lib\site-packages\django_redis\__init__.py first seen with mtime 1732644629.0778952
File G:\project1\LigaPay\LigaPay\venv\Lib\site-packages\PIL\TiffTags.py first seen with mtime 1727118445.8300192
File G:\project1\LigaPay\LigaPay\venv\Lib\site-packages\django\db\models\functions\comparison.py first seen with mtime 1726590946.658366
File G:\project1\LigaPay\LigaPay\venv\Lib\site-packages\django\core\management\sql.py first seen with mtime 1726590946.6003647
File G:\project1\LigaPay\LigaPay\users\urls.py first seen with mtime 1731951302.4415438
File G:\project1\LigaPay\LigaPay\venv\Lib\site-packages\django\utils\regex_helper.py first seen with mtime 1726590946.733364
File G:\project1\LigaPay\LigaPay\venv\Lib\site-packages\tzdata\__init__.py first seen with mtime 1726590942.238857
File G:\pynthon\Lib\calendar.py first seen with mtime 1707248442.0
File G:\project1\LigaPay\LigaPay\venv\Lib\site-packages\amqp\utils.py first seen with mtime 1732641435.4428475
File G:\pynthon\Lib\copy.py first seen with mtime 1707248442.0
File G:\project1\LigaPay\LigaPay\venv\Lib\site-packages\django\contrib\admin\templatetags\log.py first seen with mtime 1726590944.8962314
File G:\pynthon\Lib\email\base64mime.py first seen with mtime 1707248442.0
File G:\project1\LigaPay\LigaPay\venv\Lib\site-packages\redis\__init__.py first seen with mtime 1732644628.1296797
File G:\project1\LigaPay\LigaPay\venv\Lib\site-packages\widget_tweaks\__init__.py first seen with mtime 1728650047.8334458
File G:\project1\LigaPay\LigaPay\venv\Lib\site-packages\django_redis\cache.py first seen with mtime 1732644629.0788956
File G:\project1\LigaPay\LigaPay\venv\Lib\site-packages\django\template\backends\base.py first seen with mtime 1726590946.7103634
File G:\project1\LigaPay\LigaPay\venv\Lib\site-packages\redis\asyncio\__init__.py first seen with mtime 1732644628.1512122
File G:\project1\LigaPay\LigaPay\venv\Lib\site-packages\celery\utils\abstract.py first seen with mtime 1732641437.2838466
File G:\project1\LigaPay\LigaPay\venv\Lib\site-packages\kombu\messaging.py first seen with mtime 1732641435.7848456
File G:\project1\LigaPay\LigaPay\venv\Lib\site-packages\dateutil\tz\_factories.py first seen with mtime 1732641434.7188468
File G:\pynthon\Lib\logging\handlers.py first seen with mtime 1707248442.0
File G:\pynthon\Lib\re\_parser.py first seen with mtime 1707248442.0
File G:\project1\LigaPay\LigaPay\venv\Lib\site-packages\amqp\protocol.py first seen with mtime 1732641435.440847
File G:\project1\LigaPay\LigaPay\main\admin.py first seen with mtime 1726687386.8993547
File G:\pynthon\Lib\xml\dom\minicompat.py first seen with mtime 1707248442.0
File G:\project1\LigaPay\LigaPay\venv\Lib\site-packages\widget_tweaks\templatetags\__init__.py first seen with mtime 1728650047.8344114
File G:\project1\LigaPay\LigaPay\venv\Lib\site-packages\attr\_cmp.py first seen with mtime 1732115536.290012
File G:\pynthon\DLLs\pyexpat.pyd first seen with mtime 1707248490.0
File G:\project1\LigaPay\LigaPay\venv\Lib\site-packages\debug_toolbar\panels\history\panel.py first seen with mtime 1736963109.4322832
File G:\pynthon\Lib\collections\__init__.py first seen with mtime 1707248442.0
File G:\project1\LigaPay\LigaPay\venv\Lib\site-packages\debug_toolbar\middleware.py first seen with mtime 1736963109.3902817
File G:\project1\LigaPay\LigaPay\venv\Lib\site-packages\django\db\models\expressions.py first seen with mtime 1726590946.6503654
File G:\project1\LigaPay\LigaPay\venv\Lib\site-packages\celery\local.py first seen with mtime 1732641437.2248454
File G:\project1\LigaPay\LigaPay\venv\Lib\site-packages\django\db\migrations\exceptions.py first seen with mtime 1726590946.6393642
File G:\project1\LigaPay\LigaPay\venv\Lib\site-packages\django\db\backends\base\schema.py first seen with mtime 1726590946.6193645
File G:\project1\LigaPay\LigaPay\venv\Lib\site-packages\django\db\models\constraints.py first seen with mtime 1726590946.6483638
File G:\pynthon\Lib\importlib\resources\abc.py first seen with mtime 1707248442.0
File G:\pynthon\Lib\struct.py first seen with mtime 1707248442.0
File G:\project1\LigaPay\LigaPay\venv\Lib\site-packages\celery\fixups\django.py first seen with mtime 1732641437.278847
File G:\project1\LigaPay\LigaPay\venv\Lib\site-packages\debug_toolbar\views.py first seen with mtime 1736963109.392282
File G:\project1\LigaPay\LigaPay\venv\Lib\site-packages\django\core\handlers\exception.py first seen with mtime 1726590946.593363
File G:\pynthon\Lib\functools.py first seen with mtime 1707248442.0
File G:\project1\LigaPay\LigaPay\venv\Lib\site-packages\sqlparse\engine\__init__.py first seen with mtime 1726590942.5678573
File G:\project1\LigaPay\LigaPay\venv\Lib\site-packages\django_filters\__init__.py first seen with mtime 1737573152.0051117
File G:\project1\LigaPay\LigaPay\venv\Lib\site-packages\tzdata\zoneinfo\Etc\__init__.py first seen with mtime 1726590942.4048564
File G:\pynthon\Lib\asyncio\staggered.py first seen with mtime 1707248442.0
File G:\project1\LigaPay\LigaPay\venv\Lib\site-packages\django_filters\filters.py first seen with mtime 1737573152.007719
File G:\project1\LigaPay\LigaPay\venv\Lib\site-packages\django\utils\__init__.py first seen with mtime 1726590946.721365
File G:\pynthon\Lib\importlib\resources\_itertools.py first seen with mtime 1707248442.0
File G:\project1\LigaPay\LigaPay\venv\Lib\site-packages\sqlparse\sql.py first seen with mtime 1726590942.5668576
File G:\pynthon\Lib\email\_encoded_words.py first seen with mtime 1707248442.0
File G:\pynthon\Lib\multiprocessing\reduction.py first seen with mtime 1707248442.0
File G:\project1\LigaPay\LigaPay\venv\Lib\site-packages\django\contrib\staticfiles\__init__.py first seen with mtime 1726590946.5683634
File G:\pynthon\Lib\importlib\resources\readers.py first seen with mtime 1707248442.0
File G:\project1\LigaPay\LigaPay\venv\Lib\site-packages\debug_toolbar\panels\headers.py first seen with mtime 1736963109.425283
File G:\project1\LigaPay\LigaPay\venv\Lib\site-packages\dotenv\main.py first seen with mtime 1726590943.5151434
File G:\project1\LigaPay\LigaPay\venv\Lib\site-packages\colorama\winterm.py first seen with mtime 1732641433.8308463
File G:\project1\LigaPay\LigaPay\common\views.py first seen with mtime 1732124235.7379959
File G:\project1\LigaPay\LigaPay\venv\Lib\site-packages\django\core\checks\caches.py first seen with mtime 1726590946.5823636
File G:\project1\LigaPay\LigaPay\venv\Lib\site-packages\kombu\utils\encoding.py first seen with mtime 1732641435.8088465
File G:\pynthon\DLLs\select.pyd first seen with mtime 1707248488.0
File G:\project1\LigaPay\LigaPay\venv\Lib\site-packages\debug_toolbar\settings.py first seen with mtime 1736963109.3902817
File G:\project1\LigaPay\LigaPay\venv\Lib\site-packages\debug_toolbar\panels\cache.py first seen with mtime 1736963109.425283
File G:\project1\LigaPay\LigaPay\venv\Lib\site-packages\django\core\checks\security\sessions.py first seen with mtime 1726590946.5873635
File G:\pynthon\Lib\multiprocessing\__init__.py first seen with mtime 1707248442.0
File G:\pynthon\Lib\zoneinfo\_tzpath.py first seen with mtime 1707248442.0
File G:\pynthon\Lib\tempfile.py first seen with mtime 1707248442.0
File G:\project1\LigaPay\LigaPay\venv\Lib\site-packages\django\views\debug.py first seen with mtime 1726590946.7383633
File G:\pynthon\Lib\string.py first seen with mtime 1707248442.0
File G:\pynthon\Lib\unittest\loader.py first seen with mtime 1707248442.0
File G:\pynthon\Lib\importlib\__init__.py first seen with mtime 1707248442.0
File G:\project1\LigaPay\LigaPay\venv\Lib\site-packages\debug_toolbar\urls.py first seen with mtime 1736963109.3912811
File G:\project1\LigaPay\LigaPay\venv\Lib\site-packages\django\utils\html.py first seen with mtime 1726590946.7293656
File G:\pynthon\Lib\importlib\_abc.py first seen with mtime 1707248442.0
File G:\pynthon\Lib\zoneinfo\_common.py first seen with mtime 1707248442.0
File G:\project1\LigaPay\LigaPay\venv\Lib\site-packages\click\types.py first seen with mtime 1732641435.1638474
File G:\project1\LigaPay\LigaPay\venv\Lib\site-packages\django\contrib\admin\templatetags\base.py first seen with mtime 1726590944.8952303
File G:\project1\LigaPay\LigaPay\venv\Lib\site-packages\django\contrib\admin\sites.py first seen with mtime 1726590944.6252308
File G:\project1\LigaPay\LigaPay\venv\Lib\site-packages\django\contrib\auth\admin.py first seen with mtime 1726590944.9942315
File G:\pynthon\Lib\_weakrefset.py first seen with mtime 1707248442.0
File G:\project1\LigaPay\LigaPay\venv\Lib\site-packages\django_filters\filterset.py first seen with mtime 1737573152.0082393
File G:\project1\LigaPay\LigaPay\venv\Lib\site-packages\cron_descriptor\ExpressionParser.py first seen with mtime 1732641431.7568438
File G:\project1\LigaPay\LigaPay\venv\Lib\site-packages\django\forms\__init__.py first seen with mtime 1726590946.6653643
File G:\pynthon\Lib\xml\dom\xmlbuilder.py first seen with mtime 1707248442.0
File G:\pynthon\Lib\argparse.py first seen with mtime 1707248442.0
File G:\project1\LigaPay\LigaPay\venv\Lib\site-packages\django_celery_beat\apps.py first seen with mtime 1732641439.7438738
File G:\project1\LigaPay\LigaPay\venv\Lib\site-packages\colorama\initialise.py first seen with mtime 1732641433.8298454
File G:\project1\LigaPay\LigaPay\venv\Lib\site-packages\sqlparse\tokens.py first seen with mtime 1726590942.5668576
File G:\project1\LigaPay\LigaPay\venv\Lib\site-packages\attr\__init__.py first seen with mtime 1732115536.290012
File G:\pynthon\Lib\importlib\metadata\_text.py first seen with mtime 1707248442.0
File G:\project1\LigaPay\LigaPay\venv\Lib\site-packages\attr\filters.py first seen with mtime 1732115536.2980144
File G:\pynthon\Lib\unittest\mock.py first seen with mtime 1707248442.0
File G:\project1\LigaPay\LigaPay\venv\Lib\site-packages\django\db\backends\base\validation.py first seen with mtime 1726590946.6203637
File G:\pynthon\Lib\importlib\metadata\_collections.py first seen with mtime 1707248442.0
File G:\project1\LigaPay\LigaPay\venv\Lib\site-packages\django\contrib\contenttypes\admin.py first seen with mtime 1726590945.1242316
File G:\project1\LigaPay\LigaPay\venv\Lib\site-packages\captcha\fields.py first seen with mtime 1728586654.9512987
File G:\project1\LigaPay\LigaPay\venv\Lib\site-packages\captcha\conf\__init__.py first seen with mtime 1728586654.9533007
File G:\pynthon\Lib\tkinter\commondialog.py first seen with mtime 1707248442.0
File G:\project1\LigaPay\LigaPay\venv\Lib\site-packages\django\views\decorators\csrf.py first seen with mtime 1726590946.741366
File G:\project1\LigaPay\LigaPay\venv\Lib\site-packages\tzdata\zoneinfo\America\Indiana\__init__.py first seen with mtime 1726590942.3338578
File G:\project1\LigaPay\LigaPay\venv\Lib\site-packages\debug_toolbar\panels\sql\forms.py first seen with mtime 1736963109.4339557
File G:\pynthon\Lib\email\errors.py first seen with mtime 1707248442.0
File G:\project1\LigaPay\LigaPay\venv\Lib\site-packages\tzdata\zoneinfo\America\Argentina\__init__.py first seen with mtime 1726590942.3308582
File G:\pynthon\Lib\queue.py first seen with mtime 1707248442.0
File G:\project1\LigaPay\LigaPay\venv\Lib\site-packages\PIL\ImageFont.py first seen with mtime 1727118445.8083777
File G:\project1\LigaPay\LigaPay\venv\Lib\site-packages\attr\_make.py first seen with mtime 1732115536.2940128
File G:\project1\LigaPay\LigaPay\venv\Lib\site-packages\amqp\method_framing.py first seen with mtime 1732641435.4398456
File G:\project1\LigaPay\LigaPay\venv\Lib\site-packages\celery\app\autoretry.py first seen with mtime 1732641437.2288463
File G:\project1\LigaPay\LigaPay\venv\Lib\site-packages\dateutil\tz\win.py first seen with mtime 1732641434.7198615
File G:\project1\LigaPay\LigaPay\venv\Lib\site-packages\django\db\models\sql\datastructures.py first seen with mtime 1726590946.662363
File G:\project1\LigaPay\LigaPay\venv\Lib\site-packages\django\template\autoreload.py first seen with mtime 1726590946.705366
File G:\project1\LigaPay\LigaPay\venv\Lib\site-packages\_distutils_hack\__init__.py first seen with mtime 1726590903.3481083
File G:\project1\LigaPay\LigaPay\venv\Lib\site-packages\celery\exceptions.py first seen with mtime 1732641437.2248454
File G:\project1\LigaPay\LigaPay\venv\Lib\site-packages\django\views\generic\list.py first seen with mtime 1726590946.746364
File G:\pynthon\Lib\re\__init__.py first seen with mtime 1707248442.0
File G:\pynthon\Lib\types.py first seen with mtime 1707248442.0
File G:\project1\LigaPay\LigaPay\venv\Lib\site-packages\tzdata\zoneinfo\Arctic\__init__.py first seen with mtime 1726590942.3408582
File G:\project1\LigaPay\LigaPay\venv\Lib\site-packages\django\templatetags\__init__.py first seen with mtime 1726590946.7133646
File G:\project1\LigaPay\LigaPay\venv\Lib\site-packages\django_celery_beat\signals.py first seen with mtime 1732641439.75185
File G:\pynthon\Lib\_markupbase.py first seen with mtime 1707248442.0
File G:\project1\LigaPay\LigaPay\venv\Lib\site-packages\billiard\util.py first seen with mtime 1732641434.1668463
File G:\pynthon\DLLs\_queue.pyd first seen with mtime 1707248488.0
File G:\project1\LigaPay\LigaPay\LigaPay\settings.py first seen with mtime 1741110160.1036077
File G:\project1\LigaPay\LigaPay\venv\Lib\site-packages\django\db\migrations\operations\models.py first seen with mtime 1726590946.6453648
File G:\project1\LigaPay\LigaPay\venv\Lib\site-packages\django\core\handlers\base.py first seen with mtime 1726590946.593363
File G:\project1\LigaPay\LigaPay\venv\Lib\site-packages\colorama\ansitowin32.py first seen with mtime 1732641433.8298454
File G:\project1\LigaPay\LigaPay\venv\Lib\site-packages\debug_toolbar\panels\templates\__init__.py first seen with mtime 1736963109.4359531
File G:\project1\LigaPay\LigaPay\venv\Lib\site-packages\debug_toolbar\panels\sql\tracking.py first seen with mtime 1736963109.4349527
File G:\project1\LigaPay\LigaPay\venv\Lib\site-packages\django\core\files\locks.py first seen with mtime 1726590946.588364
File G:\project1\LigaPay\LigaPay\wallet\apps.py first seen with mtime 1741022034.42763
File G:\project1\LigaPay\LigaPay\venv\Lib\site-packages\dateutil\tz\__init__.py first seen with mtime 1732641434.717846
File G:\project1\LigaPay\LigaPay\venv\Lib\site-packages\django\contrib\admin\__init__.py first seen with mtime 1726590944.621231
File G:\project1\LigaPay\LigaPay\venv\Lib\site-packages\django\contrib\admin\filters.py first seen with mtime 1726590944.6232297
File G:\project1\LigaPay\LigaPay\products\__init__.py first seen with mtime 1733158547.745049
File G:\project1\LigaPay\LigaPay\products\filters.py first seen with mtime 1739790541.1092927
File G:\project1\LigaPay\LigaPay\venv\Lib\site-packages\django\contrib\admin\templatetags\admin_urls.py first seen with mtime 1726590944.8952303
File G:\project1\LigaPay\LigaPay\venv\Lib\site-packages\celery\utils\collections.py first seen with mtime 1732641437.2838466
File G:\project1\LigaPay\LigaPay\venv\Lib\site-packages\django\templatetags\cache.py first seen with mtime 1726590946.7143629
File G:\project1\LigaPay\LigaPay\venv\Lib\site-packages\django\utils\encoding.py first seen with mtime 1726590946.7273657
File G:\project1\LigaPay\LigaPay\venv\Lib\site-packages\django\template\loader_tags.py first seen with mtime 1726590946.7083652
File G:\project1\LigaPay\LigaPay\venv\Lib\site-packages\django\core\cache\backends\filebased.py first seen with mtime 1726590946.580365
File G:\project1\LigaPay\LigaPay\LigaPay\urls.py first seen with mtime 1740508075.6860094
File G:\pynthon\Lib\json\scanner.py first seen with mtime 1707248442.0
File G:\project1\LigaPay\LigaPay\venv\Lib\site-packages\django\contrib\messages\__init__.py first seen with mtime 1726590946.1223643
File G:\project1\LigaPay\LigaPay\venv\Lib\site-packages\PIL\_imagingft.cp311-win_amd64.pyd first seen with mtime 1727118445.8743808
File G:\pynthon\Lib\unittest\__init__.py first seen with mtime 1707248442.0
File G:\pynthon\Lib\importlib\metadata\_adapters.py first seen with mtime 1707248442.0
File G:\project1\LigaPay\LigaPay\venv\Lib\site-packages\django\contrib\messages\api.py first seen with mtime 1726590946.1223643
File G:\pynthon\Lib\keyword.py first seen with mtime 1707248442.0
File G:\project1\LigaPay\LigaPay\venv\Lib\site-packages\django\conf\locale\__init__.py first seen with mtime 1726590944.4467218
File G:\project1\LigaPay\LigaPay\venv\Lib\site-packages\PIL\__init__.py first seen with mtime 1727118445.8330195
File G:\project1\LigaPay\LigaPay\venv\Lib\site-packages\django_redis\client\__init__.py first seen with mtime 1732644629.0818954
File G:\project1\LigaPay\LigaPay\venv\Lib\site-packages\django\contrib\sessions\middleware.py first seen with mtime 1726590946.3583648
File G:\pynthon\Lib\socket.py first seen with mtime 1707248442.0
File G:\pynthon\Lib\_compression.py first seen with mtime 1707248442.0
File G:\project1\LigaPay\LigaPay\wallet\signals.py first seen with mtime 1741022070.2574167
File G:\project1\LigaPay\LigaPay\venv\Lib\site-packages\sqlparse\filters\output.py first seen with mtime 1726590942.5708568
File G:\project1\LigaPay\LigaPay\venv\Lib\site-packages\django\core\files\__init__.py first seen with mtime 1726590946.5873635
File G:\pynthon\Lib\cProfile.py first seen with mtime 1707248442.0
File G:\project1\LigaPay\LigaPay\venv\Lib\site-packages\django_filters\conf.py first seen with mtime 1737573152.0061586
File G:\project1\LigaPay\LigaPay\venv\Lib\site-packages\click\_winconsole.py first seen with mtime 1732641435.1568487
File G:\pynthon\Lib\subprocess.py first seen with mtime 1707248442.0
File G:\pynthon\DLLs\_ctypes.pyd first seen with mtime 1707248490.0
File G:\project1\LigaPay\LigaPay\venv\Lib\site-packages\django\core\servers\basehttp.py first seen with mtime 1726590946.6133647
File G:\project1\LigaPay\LigaPay\venv\Lib\site-packages\ranged_response\__init__.py first seen with mtime 1728586654.8957953
File G:\project1\LigaPay\LigaPay\venv\Lib\site-packages\django\db\backends\postgresql\schema.py first seen with mtime 1726590946.6343637
File G:\project1\LigaPay\LigaPay\venv\Lib\site-packages\sqlparse\engine\filter_stack.py first seen with mtime 1726590942.5678573
File G:\pynthon\Lib\asyncio\mixins.py first seen with mtime 1707248442.0
File G:\pynthon\Lib\asyncio\protocols.py first seen with mtime 1707248442.0
File G:\project1\LigaPay\LigaPay\venv\Lib\site-packages\debug_toolbar\decorators.py first seen with mtime 1736963109.389283
File G:\project1\LigaPay\LigaPay\venv\Lib\site-packages\kombu\utils\collections.py first seen with mtime 1732641435.8068473
File G:\pynthon\Lib\email\__init__.py first seen with mtime 1707248442.0
File G:\pynthon\Lib\asyncio\base_events.py first seen with mtime 1707248442.0
File G:\project1\LigaPay\LigaPay\venv\Lib\site-packages\django\template\exceptions.py first seen with mtime 1726590946.7083652
File G:\project1\LigaPay\LigaPay\venv\Lib\site-packages\django\middleware\common.py first seen with mtime 1726590946.7023656
File G:\project1\LigaPay\LigaPay\venv\Lib\site-packages\click\utils.py first seen with mtime 1732641435.1648457
File G:\project1\LigaPay\LigaPay\venv\Lib\site-packages\redis\_parsers\encoders.py first seen with mtime 1732644628.1480217
File G:\pynthon\Lib\gettext.py first seen with mtime 1707248442.0
File G:\project1\LigaPay\LigaPay\venv\Lib\site-packages\attr\_config.py first seen with mtime 1732115536.2920115
File G:\project1\LigaPay\LigaPay\orders\admin.py first seen with mtime 1740678593.1348405
File G:\pynthon\Lib\asyncio\subprocess.py first seen with mtime 1707248442.0
File G:\project1\LigaPay\LigaPay\venv\Lib\site-packages\celery\utils\nodenames.py first seen with mtime 1732641437.287847
File G:\project1\LigaPay\LigaPay\venv\Lib\site-packages\django\contrib\auth\models.py first seen with mtime 1726590944.9982312
File G:\pynthon\Lib\email\mime\text.py first seen with mtime 1707248442.0
File G:\pynthon\Lib\pkgutil.py first seen with mtime 1707248442.0
File G:\pynthon\Lib\html\__init__.py first seen with mtime 1707248442.0
File G:\pynthon\Lib\concurrent\futures\__init__.py first seen with mtime 1707248442.0
File G:\project1\LigaPay\LigaPay\venv\Lib\site-packages\django\contrib\staticfiles\apps.py first seen with mtime 1726590946.5683634
File G:\pynthon\Lib\zipfile.py first seen with mtime 1707248442.0
File G:\project1\LigaPay\LigaPay\venv\Lib\site-packages\django\test\testcases.py first seen with mtime 1726590946.718364
File G:\pynthon\Lib\secrets.py first seen with mtime 1707248442.0
File G:\project1\LigaPay\LigaPay\venv\Lib\site-packages\dateutil\__init__.py first seen with mtime 1732641434.7128468
File G:\project1\LigaPay\LigaPay\venv\Lib\site-packages\cron_descriptor\__init__.py first seen with mtime 1732641431.7588434
File G:\project1\LigaPay\LigaPay\venv\Lib\site-packages\django\utils\formats.py first seen with mtime 1726590946.7283657
File G:\project1\LigaPay\LigaPay\venv\Lib\site-packages\django\middleware\gzip.py first seen with mtime 1726590946.7033658
File G:\project1\LigaPay\LigaPay\venv\Lib\site-packages\amqp\platform.py first seen with mtime 1732641435.440847
File G:\project1\LigaPay\LigaPay\venv\Lib\site-packages\django\db\models\fields\reverse_related.py first seen with mtime 1726590946.658366
File G:\project1\LigaPay\LigaPay\venv\Lib\site-packages\debug_toolbar\_stubs.py first seen with mtime 1736963109.3882818
File G:\project1\LigaPay\LigaPay\venv\Lib\site-packages\django\conf\global_settings.py first seen with mtime 1726590944.443721
File G:\project1\LigaPay\LigaPay\venv\Lib\site-packages\django\forms\boundfield.py first seen with mtime 1726590946.6663651
File G:\project1\LigaPay\LigaPay\venv\Lib\site-packages\django\views\i18n.py first seen with mtime 1726590946.7393646
File G:\project1\LigaPay\LigaPay\venv\Lib\site-packages\django\middleware\cache.py first seen with mtime 1726590946.7023656
File G:\pynthon\Lib\email\charset.py first seen with mtime 1707248442.0
File G:\project1\LigaPay\LigaPay\venv\Lib\site-packages\django\template\library.py first seen with mtime 1726590946.7083652
File G:\project1\LigaPay\LigaPay\venv\Lib\site-packages\django\core\files\base.py first seen with mtime 1726590946.5873635
File G:\pynthon\Lib\encodings\aliases.py first seen with mtime 1707248442.0
File G:\project1\LigaPay\LigaPay\venv\Lib\site-packages\django\contrib\contenttypes\forms.py first seen with mtime 1726590945.1262312
File G:\project1\LigaPay\LigaPay\venv\Lib\site-packages\debug_toolbar\panels\sql\utils.py first seen with mtime 1736963109.4349527
File G:\project1\LigaPay\LigaPay\venv\Lib\site-packages\debug_toolbar\panels\alerts.py first seen with mtime 1736963109.424282
File G:\project1\LigaPay\LigaPay\venv\Lib\site-packages\psycopg2\_psycopg.cp311-win_amd64.pyd first seen with mtime 1726590943.6751423
File G:\project1\LigaPay\LigaPay\venv\Lib\site-packages\django\core\handlers\asgi.py first seen with mtime 1726590946.5923634
File G:\project1\LigaPay\LigaPay\venv\Lib\site-packages\celery\app\base.py first seen with mtime 1732641437.2298455
File G:\pynthon\Lib\importlib\resources\__init__.py first seen with mtime 1707248442.0
File G:\project1\LigaPay\LigaPay\venv\Lib\site-packages\cffi\model.py first seen with mtime 1732115536.8075366
File G:\project1\LigaPay\LigaPay\venv\Lib\site-packages\django\dispatch\dispatcher.py first seen with mtime 1726590946.6653643
File G:\project1\LigaPay\LigaPay\venv\Lib\site-packages\PIL\ImageDraw.py first seen with mtime 1727118445.8052523
File G:\pynthon\Lib\email\header.py first seen with mtime 1707248442.0
File G:\project1\LigaPay\LigaPay\venv\Lib\site-packages\django\utils\datastructures.py first seen with mtime 1726590946.725366
File G:\project1\LigaPay\LigaPay\venv\Lib\site-packages\django\db\models\aggregates.py first seen with mtime 1726590946.6473665
File G:\project1\LigaPay\LigaPay\venv\Lib\site-packages\django\contrib\sessions\models.py first seen with mtime 1726590946.3583648
File G:\project1\LigaPay\LigaPay\venv\Lib\site-packages\redis\backoff.py first seen with mtime 1732644628.1301918
File G:\project1\LigaPay\LigaPay\venv\Lib\site-packages\django\core\checks\__init__.py first seen with mtime 1726590946.5823636
File G:\project1\LigaPay\LigaPay\venv\Lib\site-packages\tzdata\zoneinfo\America\Kentucky\__init__.py first seen with mtime 1726590942.3348572
File G:\project1\LigaPay\LigaPay\venv\Lib\site-packages\tzdata\zoneinfo\Europe\__init__.py first seen with mtime 1726590942.4268565
File G:\project1\LigaPay\LigaPay\products\urls.py first seen with mtime 1739792217.820119
File G:\project1\LigaPay\LigaPay\venv\Lib\site-packages\debug_toolbar\panels\sql\panel.py first seen with mtime 1736963109.4349527
File G:\pynthon\Lib\fnmatch.py first seen with mtime 1707248442.0
File G:\project1\LigaPay\LigaPay\venv\Lib\site-packages\django\utils\translation\trans_real.py first seen with mtime 1726590946.7373638
File G:\pynthon\Lib\asyncio\threads.py first seen with mtime 1707248442.0
File G:\project1\LigaPay\LigaPay\venv\Lib\site-packages\django\utils\translation\reloader.py first seen with mtime 1726590946.736364
File G:\project1\LigaPay\LigaPay\venv\Lib\site-packages\captcha\templates\captcha first seen with mtime 1728586654.9963017
File G:\project1\LigaPay\LigaPay\venv\Lib\site-packages\captcha\templates\captcha\field.html first seen with mtime 1728586654.9952996
File G:\project1\LigaPay\LigaPay\venv\Lib\site-packages\captcha\templates\captcha\hidden_field.html first seen with mtime 1728586654.9952996
File G:\project1\LigaPay\LigaPay\venv\Lib\site-packages\captcha\templates\captcha\image.html first seen with mtime 1728586654.9963017
File G:\project1\LigaPay\LigaPay\venv\Lib\site-packages\captcha\templates\captcha\text_field.html first seen with mtime 1728586654.9963017
File G:\project1\LigaPay\LigaPay\venv\Lib\site-packages\captcha\templates\captcha\widgets first seen with mtime 1728586654.997303
File G:\project1\LigaPay\LigaPay\venv\Lib\site-packages\captcha\templates\captcha\widgets\captcha.html first seen with mtime 1728586654.997303
File G:\project1\LigaPay\LigaPay\news\templates\news first seen with mtime 1732199049.2782166
File G:\project1\LigaPay\LigaPay\news\templates\news\base.html first seen with mtime 1732203327.3650777
File G:\project1\LigaPay\LigaPay\news\templates\news\news.html first seen with mtime 1733053544.0462568
File G:\project1\LigaPay\LigaPay\venv\Lib\site-packages\django_celery_beat\templates\admin first seen with mtime 1732641439.7818477
File G:\project1\LigaPay\LigaPay\venv\Lib\site-packages\django_celery_beat\templates\admin\djcelery first seen with mtime 1732641439.7818477
File G:\project1\LigaPay\LigaPay\venv\Lib\site-packages\django_celery_beat\templates\admin\djcelery\change_list.html first seen with mtime 1732641439.7818477
File G:\project1\LigaPay\LigaPay\venv\Lib\site-packages\django_celery_beat\templates\admin\djcelery\change_periodictask_form.html first seen with mtime 1732641439.7828476
File G:\project1\LigaPay\LigaPay\venv\Lib\site-packages\debug_toolbar\templates\debug_toolbar first seen with mtime 1736963109.443954
File G:\project1\LigaPay\LigaPay\venv\Lib\site-packages\debug_toolbar\templates\debug_toolbar\base.html first seen with mtime 1736963109.4419532
File G:\project1\LigaPay\LigaPay\venv\Lib\site-packages\debug_toolbar\templates\debug_toolbar\includes first seen with mtime 1736963109.442953
File G:\project1\LigaPay\LigaPay\venv\Lib\site-packages\debug_toolbar\templates\debug_toolbar\panels first seen with mtime 1736963109.4509535
File G:\project1\LigaPay\LigaPay\venv\Lib\site-packages\debug_toolbar\templates\debug_toolbar\redirect.html first seen with mtime 1736963109.4419532
File G:\project1\LigaPay\LigaPay\venv\Lib\site-packages\debug_toolbar\templates\debug_toolbar\includes\panel_button.html first seen with mtime 1736963109.442953
File G:\project1\LigaPay\LigaPay\venv\Lib\site-packages\debug_toolbar\templates\debug_toolbar\includes\panel_content.html first seen with mtime 1736963109.442953
File G:\project1\LigaPay\LigaPay\venv\Lib\site-packages\debug_toolbar\templates\debug_toolbar\includes\theme_selector.html first seen with mtime 1736963109.443954
File G:\project1\LigaPay\LigaPay\venv\Lib\site-packages\debug_toolbar\templates\debug_toolbar\panels\alerts.html first seen with mtime 1736963109.443954
File G:\project1\LigaPay\LigaPay\venv\Lib\site-packages\debug_toolbar\templates\debug_toolbar\panels\cache.html first seen with mtime 1736963109.443954
File G:\project1\LigaPay\LigaPay\venv\Lib\site-packages\debug_toolbar\templates\debug_toolbar\panels\headers.html first seen with mtime 1736963109.4459538
File G:\project1\LigaPay\LigaPay\venv\Lib\site-packages\debug_toolbar\templates\debug_toolbar\panels\history.html first seen with mtime 1736963109.4459944
File G:\project1\LigaPay\LigaPay\venv\Lib\site-packages\debug_toolbar\templates\debug_toolbar\panels\history_tr.html first seen with mtime 1736963109.4459944
File G:\project1\LigaPay\LigaPay\venv\Lib\site-packages\debug_toolbar\templates\debug_toolbar\panels\profiling.html first seen with mtime 1736963109.4469526
File G:\project1\LigaPay\LigaPay\venv\Lib\site-packages\debug_toolbar\templates\debug_toolbar\panels\request.html first seen with mtime 1736963109.4469526
File G:\project1\LigaPay\LigaPay\venv\Lib\site-packages\debug_toolbar\templates\debug_toolbar\panels\request_variables.html first seen with mtime 1736963109.4469526
File G:\project1\LigaPay\LigaPay\venv\Lib\site-packages\debug_toolbar\templates\debug_toolbar\panels\settings.html first seen with mtime 1736963109.4479527
File G:\project1\LigaPay\LigaPay\venv\Lib\site-packages\debug_toolbar\templates\debug_toolbar\panels\signals.html first seen with mtime 1736963109.4479527
File G:\project1\LigaPay\LigaPay\venv\Lib\site-packages\debug_toolbar\templates\debug_toolbar\panels\sql.html first seen with mtime 1736963109.4489522
File G:\project1\LigaPay\LigaPay\venv\Lib\site-packages\debug_toolbar\templates\debug_toolbar\panels\sql_explain.html first seen with mtime 1736963109.4489522
File G:\project1\LigaPay\LigaPay\venv\Lib\site-packages\debug_toolbar\templates\debug_toolbar\panels\sql_profile.html first seen with mtime 1736963109.4489522
File G:\project1\LigaPay\LigaPay\venv\Lib\site-packages\debug_toolbar\templates\debug_toolbar\panels\sql_select.html first seen with mtime 1736963109.4499526
File G:\project1\LigaPay\LigaPay\venv\Lib\site-packages\debug_toolbar\templates\debug_toolbar\panels\staticfiles.html first seen with mtime 1736963109.4499526
File G:\project1\LigaPay\LigaPay\venv\Lib\site-packages\debug_toolbar\templates\debug_toolbar\panels\templates.html first seen with mtime 1736963109.4509535
File G:\project1\LigaPay\LigaPay\venv\Lib\site-packages\debug_toolbar\templates\debug_toolbar\panels\template_source.html first seen with mtime 1736963109.4499526
File G:\project1\LigaPay\LigaPay\venv\Lib\site-packages\debug_toolbar\templates\debug_toolbar\panels\timer.html first seen with mtime 1736963109.4509535
File G:\project1\LigaPay\LigaPay\venv\Lib\site-packages\debug_toolbar\templates\debug_toolbar\panels\versions.html first seen with mtime 1736963109.4509535
File G:\project1\LigaPay\LigaPay\wallet\templates\wallet first seen with mtime 1740503752.0611818
File G:\project1\LigaPay\LigaPay\wallet\templates\wallet\deposit.html first seen with mtime 1740502949.2986577
File G:\project1\LigaPay\LigaPay\users\templates\users first seen with mtime 1731950901.0898564
File G:\project1\LigaPay\LigaPay\users\templates\users\authorization.html first seen with mtime 1733053675.3727796
File G:\project1\LigaPay\LigaPay\users\templates\users\base.html first seen with mtime 1740134354.8840601
File G:\project1\LigaPay\LigaPay\users\templates\users\email_reset.html first seen with mtime 1733053666.3317828
File G:\project1\LigaPay\LigaPay\users\templates\users\email_reset_complete.html first seen with mtime 1733053669.7102265
File G:\project1\LigaPay\LigaPay\users\templates\users\email_reset_done.html first seen with mtime 1733053668.1557803
File G:\project1\LigaPay\LigaPay\users\templates\users\email_verification.html first seen with mtime 1733053664.2737522
File G:\project1\LigaPay\LigaPay\users\templates\users\password_reset.html first seen with mtime 1733053657.4038415
File G:\project1\LigaPay\LigaPay\users\templates\users\password_reset_complete.html first seen with mtime 1733053662.6787813
File G:\project1\LigaPay\LigaPay\users\templates\users\password_reset_confirm.html first seen with mtime 1733053660.820756
File G:\project1\LigaPay\LigaPay\users\templates\users\password_reset_done.html first seen with mtime 1733053659.0827808
File G:\project1\LigaPay\LigaPay\users\templates\users\password_reset_email.html first seen with mtime 1728645023.3892965
File G:\project1\LigaPay\LigaPay\users\templates\users\profile.html first seen with mtime 1733053655.6327767
File G:\project1\LigaPay\LigaPay\users\templates\users\registration.html first seen with mtime 1733053652.90978
File G:\project1\LigaPay\LigaPay\main\templates\main first seen with mtime 1733052478.4898121
File G:\project1\LigaPay\LigaPay\main\templates\main\base.html first seen with mtime 1741014097.467419
File G:\project1\LigaPay\LigaPay\main\templates\main\index.html first seen with mtime 1737049364.7857566
File G:\project1\LigaPay\LigaPay\main\templates\main\rules.html first seen with mtime 1733056726.944029
File G:\project1\LigaPay\LigaPay\orders\templates\orders first seen with mtime 1741013647.6262102
File G:\project1\LigaPay\LigaPay\orders\templates\orders\order_list.html first seen with mtime 1740758605.2232354
File G:\project1\LigaPay\LigaPay\orders\templates\orders\sale_list.html first seen with mtime 1741016206.769198
File G:\project1\LigaPay\LigaPay\products\templates\products first seen with mtime 1739792568.8470702
File G:\project1\LigaPay\LigaPay\products\templates\products\account.html first seen with mtime 1739294514.8038156
File G:\project1\LigaPay\LigaPay\products\templates\products\battlepass.html first seen with mtime 1739295936.8459928
File G:\project1\LigaPay\LigaPay\products\templates\products\boost.html first seen with mtime 1739295944.2153091
File G:\project1\LigaPay\LigaPay\products\templates\products\donation.html first seen with mtime 1739295951.277994
File G:\project1\LigaPay\LigaPay\products\templates\products\offer.html first seen with mtime 1736185031.258356
File G:\project1\LigaPay\LigaPay\products\templates\products\other.html first seen with mtime 1739295957.6039937
File G:\project1\LigaPay\LigaPay\products\templates\products\products.html first seen with mtime 1739295010.3380172
File G:\project1\LigaPay\LigaPay\products\templates\products\qualification.html first seen with mtime 1739295929.146992
File G:\project1\LigaPay\LigaPay\products\templates\products\riot-points.html first seen with mtime 1739877192.9037676
File G:\project1\LigaPay\LigaPay\products\templates\products\riot-points_detail.html first seen with mtime 1741027424.347702
File G:\project1\LigaPay\LigaPay\products\templates\products\services.html first seen with mtime 1739295985.331993
File G:\project1\LigaPay\LigaPay\products\templates\products\training.html first seen with mtime 1739295994.899958
File G:\project1\LigaPay\LigaPay\venv\Lib\site-packages\debug_toolbar\locale\bg\LC_MESSAGES\django.mo first seen with mtime 1736963109.3932824
File G:\project1\LigaPay\LigaPay\venv\Lib\site-packages\debug_toolbar\locale\ca\LC_MESSAGES\django.mo first seen with mtime 1736963109.3952825
File G:\project1\LigaPay\LigaPay\venv\Lib\site-packages\debug_toolbar\locale\cs\LC_MESSAGES\django.mo first seen with mtime 1736963109.3962817
File G:\project1\LigaPay\LigaPay\venv\Lib\site-packages\debug_toolbar\locale\de\LC_MESSAGES\django.mo first seen with mtime 1736963109.3982835
File G:\project1\LigaPay\LigaPay\venv\Lib\site-packages\debug_toolbar\locale\en\LC_MESSAGES\django.mo first seen with mtime 1736963109.3992817
File G:\project1\LigaPay\LigaPay\venv\Lib\site-packages\debug_toolbar\locale\es\LC_MESSAGES\django.mo first seen with mtime 1736963109.4002817
File G:\project1\LigaPay\LigaPay\venv\Lib\site-packages\debug_toolbar\locale\fa\LC_MESSAGES\django.mo first seen with mtime 1736963109.4012816
File G:\project1\LigaPay\LigaPay\venv\Lib\site-packages\debug_toolbar\locale\fi\LC_MESSAGES\django.mo first seen with mtime 1736963109.4042819
File G:\project1\LigaPay\LigaPay\venv\Lib\site-packages\debug_toolbar\locale\fr\LC_MESSAGES\django.mo first seen with mtime 1736963109.405281
File G:\project1\LigaPay\LigaPay\venv\Lib\site-packages\debug_toolbar\locale\he\LC_MESSAGES\django.mo first seen with mtime 1736963109.4062812
File G:\project1\LigaPay\LigaPay\venv\Lib\site-packages\debug_toolbar\locale\id\LC_MESSAGES\django.mo first seen with mtime 1736963109.4082806
File G:\project1\LigaPay\LigaPay\venv\Lib\site-packages\debug_toolbar\locale\it\LC_MESSAGES\django.mo first seen with mtime 1736963109.4092822
File G:\project1\LigaPay\LigaPay\venv\Lib\site-packages\debug_toolbar\locale\ja\LC_MESSAGES\django.mo first seen with mtime 1736963109.4112835
File G:\project1\LigaPay\LigaPay\venv\Lib\site-packages\debug_toolbar\locale\ko\LC_MESSAGES\django.mo first seen with mtime 1736963109.4122832
File G:\project1\LigaPay\LigaPay\venv\Lib\site-packages\debug_toolbar\locale\nl\LC_MESSAGES\django.mo first seen with mtime 1736963109.413283
File G:\project1\LigaPay\LigaPay\venv\Lib\site-packages\debug_toolbar\locale\pl\LC_MESSAGES\django.mo first seen with mtime 1736963109.4142833
File G:\project1\LigaPay\LigaPay\venv\Lib\site-packages\debug_toolbar\locale\pt\LC_MESSAGES\django.mo first seen with mtime 1736963109.4152818
File G:\project1\LigaPay\LigaPay\venv\Lib\site-packages\debug_toolbar\locale\pt_BR\LC_MESSAGES\django.mo first seen with mtime 1736963109.4162831
File G:\project1\LigaPay\LigaPay\venv\Lib\site-packages\debug_toolbar\locale\ru\LC_MESSAGES\django.mo first seen with mtime 1736963109.4172838
File G:\project1\LigaPay\LigaPay\venv\Lib\site-packages\debug_toolbar\locale\sk\LC_MESSAGES\django.mo first seen with mtime 1736963109.4182816
File G:\project1\LigaPay\LigaPay\venv\Lib\site-packages\debug_toolbar\locale\sv_SE\LC_MESSAGES\django.mo first seen with mtime 1736963109.419281
File G:\project1\LigaPay\LigaPay\venv\Lib\site-packages\debug_toolbar\locale\uk\LC_MESSAGES\django.mo first seen with mtime 1736963109.4212825
File G:\project1\LigaPay\LigaPay\venv\Lib\site-packages\debug_toolbar\locale\zh_CN\LC_MESSAGES\django.mo first seen with mtime 1736963109.4222817
File G:\project1\LigaPay\LigaPay\venv\Lib\site-packages\captcha\locale\bg\LC_MESSAGES\django.mo first seen with mtime 1728586654.9573016
File G:\project1\LigaPay\LigaPay\venv\Lib\site-packages\captcha\locale\cs\LC_MESSAGES\django.mo first seen with mtime 1728586654.9583018
File G:\project1\LigaPay\LigaPay\venv\Lib\site-packages\captcha\locale\de\LC_MESSAGES\django.mo first seen with mtime 1728586654.959301
File G:\project1\LigaPay\LigaPay\venv\Lib\site-packages\captcha\locale\en\LC_MESSAGES\django.mo first seen with mtime 1728586654.9603012
File G:\project1\LigaPay\LigaPay\venv\Lib\site-packages\captcha\locale\es\LC_MESSAGES\django.mo first seen with mtime 1728586654.9613018
File G:\project1\LigaPay\LigaPay\venv\Lib\site-packages\captcha\locale\fa\LC_MESSAGES\django.mo first seen with mtime 1728586654.9773002
File G:\project1\LigaPay\LigaPay\venv\Lib\site-packages\captcha\locale\fr\LC_MESSAGES\django.mo first seen with mtime 1728586654.979303
File G:\project1\LigaPay\LigaPay\venv\Lib\site-packages\captcha\locale\it\LC_MESSAGES\django.mo first seen with mtime 1728586654.9803019
File G:\project1\LigaPay\LigaPay\venv\Lib\site-packages\captcha\locale\ja\LC_MESSAGES\django.mo first seen with mtime 1728586654.9813018
File G:\project1\LigaPay\LigaPay\venv\Lib\site-packages\captcha\locale\nl\LC_MESSAGES\django.mo first seen with mtime 1728586654.9823005
File G:\project1\LigaPay\LigaPay\venv\Lib\site-packages\captcha\locale\pl\LC_MESSAGES\django.mo first seen with mtime 1728586654.9833002
File G:\project1\LigaPay\LigaPay\venv\Lib\site-packages\captcha\locale\pt_BR\LC_MESSAGES\django.mo first seen with mtime 1728586654.9833002
File G:\project1\LigaPay\LigaPay\venv\Lib\site-packages\captcha\locale\ru\LC_MESSAGES\django.mo first seen with mtime 1728586654.985301
File G:\project1\LigaPay\LigaPay\venv\Lib\site-packages\captcha\locale\sk\LC_MESSAGES\django.mo first seen with mtime 1728586654.9863017
File G:\project1\LigaPay\LigaPay\venv\Lib\site-packages\captcha\locale\sv\LC_MESSAGES\django.mo first seen with mtime 1728586654.9873009
File G:\project1\LigaPay\LigaPay\venv\Lib\site-packages\captcha\locale\tr\LC_MESSAGES\django.mo first seen with mtime 1728586654.9883
File G:\project1\LigaPay\LigaPay\venv\Lib\site-packages\captcha\locale\uk\LC_MESSAGES\django.mo first seen with mtime 1728586654.9893005
File G:\project1\LigaPay\LigaPay\venv\Lib\site-packages\captcha\locale\zh_CN\LC_MESSAGES\django.mo first seen with mtime 1728586654.9903016
File G:\project1\LigaPay\LigaPay\venv\Lib\site-packages\captcha\locale\zh_Hans\LC_MESSAGES\django.mo first seen with mtime 1728586654.9913006
File G:\project1\LigaPay\LigaPay\venv\Lib\site-packages\django_celery_beat\locale\de\LC_MESSAGES\django.mo first seen with mtime 1732641439.75685
File G:\project1\LigaPay\LigaPay\venv\Lib\site-packages\django_celery_beat\locale\es\LC_MESSAGES\django.mo first seen with mtime 1732641439.759849
File G:\project1\LigaPay\LigaPay\venv\Lib\site-packages\django_celery_beat\locale\fr\LC_MESSAGES\django.mo first seen with mtime 1732641439.7628472
File G:\project1\LigaPay\LigaPay\venv\Lib\site-packages\django_celery_beat\locale\ko\LC_MESSAGES\django.mo first seen with mtime 1732641439.7638464
File G:\project1\LigaPay\LigaPay\venv\Lib\site-packages\django_celery_beat\locale\ru\LC_MESSAGES\django.mo first seen with mtime 1732641439.7658467
File G:\project1\LigaPay\LigaPay\venv\Lib\site-packages\django_celery_beat\locale\zh_Hans\LC_MESSAGES\django.mo first seen with mtime 1732641439.7678459
File G:\project1\LigaPay\LigaPay\venv\Lib\site-packages\redis\commands\__init__.py first seen with mtime 1732644628.155485
File G:\project1\LigaPay\LigaPay\venv\Lib\site-packages\django\contrib\auth\migrations\0003_alter_user_email_max_length.py first seen with mtime 1726590945.1202319
File G:\project1\LigaPay\LigaPay\products\migrations\0028_alter_rpservice_filter_type.py first seen with mtime 1740133052.6790483
File G:\project1\LigaPay\LigaPay\products\migrations\0017_alter_accountservice_filter_type_and_more.py first seen with mtime 1735233321.701342
File G:\project1\LigaPay\LigaPay\venv\Lib\site-packages\redis\retry.py first seen with mtime 1732644628.1448855
File G:\project1\LigaPay\LigaPay\venv\Lib\site-packages\redis\lock.py first seen with mtime 1732644628.1432545
File G:\project1\LigaPay\LigaPay\products\migrations\0027_battlepassservice_quantity.py first seen with mtime 1738864214.6472285
File G:\project1\LigaPay\LigaPay\venv\Lib\site-packages\django\db\migrations\graph.py first seen with mtime 1726590946.6403646
File G:\project1\LigaPay\LigaPay\venv\Lib\site-packages\redis\sentinel.py first seen with mtime 1732644628.145427
File G:\project1\LigaPay\LigaPay\products\migrations\0014_delete_filter.py first seen with mtime 1734371131.9669032
File G:\project1\LigaPay\LigaPay\venv\Lib\site-packages\django\contrib\sessions\backends\db.py first seen with mtime 1726590946.3743658
File G:\project1\LigaPay\LigaPay\venv\Lib\site-packages\redis\commands\redismodules.py first seen with mtime 1732644628.1581728
File G:\project1\LigaPay\LigaPay\venv\Lib\site-packages\django\contrib\sessions\migrations\__init__.py first seen with mtime 1726590946.4793632
File G:\pynthon\Lib\encodings\idna.py first seen with mtime 1707248442.0
File G:\project1\LigaPay\LigaPay\venv\Lib\site-packages\django_celery_beat\migrations\0019_alter_periodictasks_options.py first seen with mtime 1732641439.7808456
File G:\project1\LigaPay\LigaPay\venv\Lib\site-packages\django\contrib\auth\migrations\0002_alter_permission_name_max_length.py first seen with mtime 1726590945.119232
File G:\project1\LigaPay\LigaPay\venv\Lib\site-packages\django\contrib\sessions\migrations\0001_initial.py first seen with mtime 1726590946.4793632
File G:\project1\LigaPay\LigaPay\venv\Lib\site-packages\django_redis\pool.py first seen with mtime 1732644629.0808964
File G:\project1\LigaPay\LigaPay\venv\Lib\site-packages\django\contrib\auth\migrations\0007_alter_validators_add_error_messages.py first seen with mtime 1726590945.12123
File G:\project1\LigaPay\LigaPay\venv\Lib\site-packages\redis\commands\sentinel.py first seen with mtime 1732644628.1581728
File G:\project1\LigaPay\LigaPay\venv\Lib\site-packages\django_celery_beat\migrations\0006_auto_20180210_1226.py first seen with mtime 1732641439.772849
File G:\project1\LigaPay\LigaPay\venv\Lib\site-packages\django\views\csrf.py first seen with mtime 1726590946.7383633
File G:\project1\LigaPay\LigaPay\products\migrations\0019_accountservice_is_auto_delivery_and_more.py first seen with mtime 1735380971.4860263
File G:\project1\LigaPay\LigaPay\products\migrations\__init__.py first seen with mtime 1733158547.7460487
File G:\project1\LigaPay\LigaPay\products\migrations\0009_accountservice_account_level_and_more.py first seen with mtime 1733938652.1384642
File G:\pynthon\Lib\stringprep.py first seen with mtime 1707248442.0
File G:\project1\LigaPay\LigaPay\products\migrations\0010_accountservice_rank.py first seen with mtime 1733939024.746361
File G:\project1\LigaPay\LigaPay\users\migrations\0004_user_new_email.py first seen with mtime 1730231133.8098607
File G:\project1\LigaPay\LigaPay\venv\Lib\site-packages\django_celery_beat\migrations\0006_periodictask_priority.py first seen with mtime 1732641439.7738488
File G:\project1\LigaPay\LigaPay\venv\Lib\site-packages\django\contrib\admin\migrations\__init__.py first seen with mtime 1726590944.8162308
File G:\project1\LigaPay\LigaPay\venv\Lib\site-packages\django\contrib\auth\migrations\0012_alter_user_first_name_max_length.py first seen with mtime 1726590945.122231
File G:\project1\LigaPay\LigaPay\venv\Lib\site-packages\django_celery_beat\migrations\0003_auto_20161209_0049.py first seen with mtime 1732641439.7708478
File G:\project1\LigaPay\LigaPay\products\migrations\0008_battlepassservice_filter_type_and_more.py first seen with mtime 1733932555.3106384
File G:\project1\LigaPay\LigaPay\main\migrations\__init__.py first seen with mtime 1726687386.9033542
File G:\project1\LigaPay\LigaPay\products\migrations\0026_battlepassservice_server.py first seen with mtime 1738863930.8107207
File G:\project1\LigaPay\LigaPay\products\migrations\0001_initial.py first seen with mtime 1733420265.377048
File G:\project1\LigaPay\LigaPay\venv\Lib\site-packages\django_celery_beat\migrations\0002_auto_20161118_0346.py first seen with mtime 1732641439.7708478
File G:\project1\LigaPay\LigaPay\venv\Lib\site-packages\redis\cluster.py first seen with mtime 1732644628.1411736
File G:\project1\LigaPay\LigaPay\venv\Lib\site-packages\django_celery_beat\migrations\0005_add_solarschedule_events_choices.py first seen with mtime 1732641439.772849
File G:\project1\LigaPay\LigaPay\venv\Lib\site-packages\django\contrib\admin\migrations\0001_initial.py first seen with mtime 1726590944.8152308
File G:\project1\LigaPay\LigaPay\venv\Lib\site-packages\django\db\migrations\executor.py first seen with mtime 1726590946.6403646
File G:\project1\LigaPay\LigaPay\venv\Lib\site-packages\django\contrib\contenttypes\migrations\0002_remove_content_type_name.py first seen with mtime 1726590945.2152312
File G:\project1\LigaPay\LigaPay\products\migrations\0003_filter.py first seen with mtime 1733764549.4037325
File G:\project1\LigaPay\LigaPay\users\migrations\0003_alter_user_email.py first seen with mtime 1728583440.6588514
File G:\project1\LigaPay\LigaPay\venv\Lib\site-packages\django_celery_beat\migrations\0004_auto_20170221_0000.py first seen with mtime 1732641439.7718499
File G:\project1\LigaPay\LigaPay\venv\Lib\site-packages\django_celery_beat\migrations\0007_auto_20180521_0826.py first seen with mtime 1732641439.774848
File G:\project1\LigaPay\LigaPay\wallet\migrations\0001_initial.py first seen with mtime 1740133052.6800497
File G:\project1\LigaPay\LigaPay\users\migrations\0005_user_email_change_token.py first seen with mtime 1730386437.0861495
File G:\project1\LigaPay\LigaPay\venv\Lib\site-packages\django\db\models\sql\compiler.py first seen with mtime 1726590946.6613646
File G:\project1\LigaPay\LigaPay\products\migrations\0020_alter_accountservice_category.py first seen with mtime 1736423403.269295
File G:\project1\LigaPay\LigaPay\venv\Lib\site-packages\redis\commands\cluster.py first seen with mtime 1732644628.1560042
File G:\project1\LigaPay\LigaPay\venv\Lib\site-packages\django\contrib\admin\migrations\0003_logentry_add_action_flag_choices.py first seen with mtime 1726590944.8162308
File G:\project1\LigaPay\LigaPay\venv\Lib\site-packages\django\db\migrations\recorder.py first seen with mtime 1726590946.6423635
File G:\project1\LigaPay\LigaPay\products\migrations\0012_boostservice_rank_range.py first seen with mtime 1733939368.502343
File G:\project1\LigaPay\LigaPay\venv\Lib\site-packages\django\contrib\admin\migrations\0002_logentry_remove_auto_add.py first seen with mtime 1726590944.8152308
File G:\project1\LigaPay\LigaPay\venv\Lib\site-packages\django_celery_beat\migrations\0010_auto_20190429_0326.py first seen with mtime 1732641439.7758484
File G:\project1\LigaPay\LigaPay\news\migrations\0001_initial.py first seen with mtime 1732124187.2577648
File G:\project1\LigaPay\LigaPay\orders\migrations\__init__.py first seen with mtime 1740676453.931092
File G:\project1\LigaPay\LigaPay\venv\Lib\site-packages\django\contrib\auth\migrations\0011_update_proxy_permissions.py first seen with mtime 1726590945.122231
File G:\project1\LigaPay\LigaPay\venv\Lib\site-packages\django_celery_beat\migrations\0016_alter_crontabschedule_timezone.py first seen with mtime 1732641439.778846
File G:\project1\LigaPay\LigaPay\venv\Lib\site-packages\django_celery_beat\migrations\__init__.py first seen with mtime 1732641439.7808456
File G:\project1\LigaPay\LigaPay\venv\Lib\site-packages\django_celery_beat\migrations\0006_auto_20180322_0932.py first seen with mtime 1732641439.7738488
File G:\project1\LigaPay\LigaPay\users\migrations\0006_user_last_activity.py first seen with mtime 1739789710.6109066
File G:\project1\LigaPay\LigaPay\products\migrations\0023_alter_accountservice_server_and_more.py first seen with mtime 1738684743.9670243
File G:\project1\LigaPay\LigaPay\products\migrations\0013_otherservice_auto_delivery_and_more.py first seen with mtime 1733939872.969553
File G:\project1\LigaPay\LigaPay\products\migrations\0004_alter_accountservice_server_and_more.py first seen with mtime 1733928815.6773226
File G:\project1\LigaPay\LigaPay\orders\migrations\0001_initial.py first seen with mtime 1740678821.78627
File G:\project1\LigaPay\LigaPay\news\migrations\0002_alter_news_options.py first seen with mtime 1732814021.1114922
File G:\project1\LigaPay\LigaPay\products\migrations\0011_donationservice_receiving_method.py first seen with mtime 1733939232.0419345
File G:\project1\LigaPay\LigaPay\products\migrations\0016_alter_battlepassservice_filter_type.py first seen with mtime 1735233261.4149168
File G:\project1\LigaPay\LigaPay\venv\Lib\site-packages\django_celery_beat\migrations\0009_periodictask_headers.py first seen with mtime 1732641439.7758484
File G:\project1\LigaPay\LigaPay\venv\Lib\site-packages\django\contrib\contenttypes\migrations\__init__.py first seen with mtime 1726590945.2152312
File G:\project1\LigaPay\LigaPay\venv\Lib\site-packages\django_celery_beat\migrations\0001_initial.py first seen with mtime 1732641439.769848
File G:\project1\LigaPay\LigaPay\venv\Lib\site-packages\django_celery_beat\migrations\0015_edit_solarschedule_events_choices.py first seen with mtime 1732641439.778846
File G:\project1\LigaPay\LigaPay\venv\Lib\site-packages\redis\asyncio\lock.py first seen with mtime 1732644628.153391
File G:\project1\LigaPay\LigaPay\venv\Lib\site-packages\django_celery_beat\migrations\0012_periodictask_expire_seconds.py first seen with mtime 1732641439.7768488
File G:\project1\LigaPay\LigaPay\venv\Lib\site-packages\django\contrib\auth\migrations\0004_alter_user_username_opts.py first seen with mtime 1726590945.1202319
File G:\project1\LigaPay\LigaPay\venv\Lib\site-packages\redis\asyncio\sentinel.py first seen with mtime 1732644628.15443
File G:\project1\LigaPay\LigaPay\venv\Lib\site-packages\django_redis\client\sharded.py first seen with mtime 1732644629.0838947
File G:\project1\LigaPay\LigaPay\venv\Lib\site-packages\django_redis\util.py first seen with mtime 1732644629.0808964
File G:\project1\LigaPay\LigaPay\products\migrations\0018_accountservice_search_description_and_more.py first seen with mtime 1735320850.0419905
File G:\project1\LigaPay\LigaPay\venv\Lib\site-packages\django\contrib\contenttypes\migrations\0001_initial.py first seen with mtime 1726590945.2142317
File G:\project1\LigaPay\LigaPay\venv\Lib\site-packages\django\contrib\auth\migrations\__init__.py first seen with mtime 1726590945.1232295
File G:\project1\LigaPay\LigaPay\venv\Lib\site-packages\redis\credentials.py first seen with mtime 1732644628.142727
File G:\project1\LigaPay\LigaPay\venv\Lib\site-packages\django_redis\client\sentinel.py first seen with mtime 1732644629.0838947
File G:\project1\LigaPay\LigaPay\orders\migrations\0003_order_amount.py first seen with mtime 1741109245.847424
File G:\project1\LigaPay\LigaPay\LigaPay\wsgi.py first seen with mtime 1726686597.384477
File G:\project1\LigaPay\LigaPay\products\migrations\0025_alter_battlepassservice_filter_type_and_more.py first seen with mtime 1738684931.096323
File G:\project1\LigaPay\LigaPay\venv\Lib\site-packages\django\contrib\auth\migrations\0001_initial.py first seen with mtime 1726590945.119232
File G:\project1\LigaPay\LigaPay\venv\Lib\site-packages\django_redis\hash_ring.py first seen with mtime 1732644629.079895
File G:\project1\LigaPay\LigaPay\venv\Lib\site-packages\redis\client.py first seen with mtime 1732644628.1401343
File G:\project1\LigaPay\LigaPay\venv\Lib\site-packages\django_celery_beat\migrations\0011_auto_20190508_0153.py first seen with mtime 1732641439.7768488
File G:\project1\LigaPay\LigaPay\venv\Lib\site-packages\redis\commands\core.py first seen with mtime 1732644628.1570385
File G:\project1\LigaPay\LigaPay\venv\Lib\site-packages\django_celery_beat\migrations\0008_auto_20180914_1922.py first seen with mtime 1732641439.774848
File G:\project1\LigaPay\LigaPay\venv\Lib\site-packages\django\contrib\auth\migrations\0009_alter_user_last_name_max_length.py first seen with mtime 1726590945.122231
File G:\project1\LigaPay\LigaPay\products\migrations\0015_accountservice_category.py first seen with mtime 1735141807.281324
File G:\project1\LigaPay\LigaPay\venv\Lib\site-packages\django_celery_beat\migrations\0014_remove_clockedschedule_enabled.py first seen with mtime 1732641439.7778463
File G:\project1\LigaPay\LigaPay\users\migrations\__init__.py first seen with mtime 1726760398.9996564
File G:\project1\LigaPay\LigaPay\venv\Lib\site-packages\redis\asyncio\utils.py first seen with mtime 1732644628.15496
File G:\project1\LigaPay\LigaPay\products\migrations\0005_remove_accountservice_category_and_more.py first seen with mtime 1733930280.5253367
File G:\project1\LigaPay\LigaPay\venv\Lib\site-packages\django\contrib\auth\migrations\0008_alter_user_username_max_length.py first seen with mtime 1726590945.12123
File G:\project1\LigaPay\LigaPay\venv\Lib\site-packages\redis\asyncio\cluster.py first seen with mtime 1732644628.1523015
File G:\project1\LigaPay\LigaPay\venv\Lib\site-packages\captcha\migrations\0002_alter_captchastore_id.py first seen with mtime 1728586654.9943
File G:\project1\LigaPay\LigaPay\users\migrations\0001_initial.py first seen with mtime 1727194750.8073032
File G:\project1\LigaPay\LigaPay\venv\Lib\site-packages\django_celery_beat\migrations\0017_alter_crontabschedule_month_of_year.py first seen with mtime 1732641439.7798455
File G:\project1\LigaPay\LigaPay\venv\Lib\site-packages\django_redis\client\herd.py first seen with mtime 1732644629.0828955
File G:\project1\LigaPay\LigaPay\products\migrations\0007_donationservice_filter_type_and_more.py first seen with mtime 1733932431.8163662
File G:\project1\LigaPay\LigaPay\products\migrations\0022_alter_accountservice_filter_type.py first seen with mtime 1738683788.9171367
File G:\project1\LigaPay\LigaPay\venv\Lib\site-packages\django_celery_beat\migrations\0013_auto_20200609_0727.py first seen with mtime 1732641439.7778463
File G:\project1\LigaPay\LigaPay\venv\Lib\site-packages\captcha\migrations\__init__.py first seen with mtime 1728586654.9943
File G:\project1\LigaPay\LigaPay\venv\Lib\site-packages\django\contrib\auth\migrations\0006_require_contenttypes_0002.py first seen with mtime 1726590945.12123
File G:\project1\LigaPay\LigaPay\products\migrations\0024_alter_accountservice_server_and_more.py first seen with mtime 1738684771.1002557
File G:\project1\LigaPay\LigaPay\users\migrations\0002_user_is_verified_email_alter_user_image_and_more.py first seen with mtime 1728393799.7536683
File G:\project1\LigaPay\LigaPay\venv\Lib\site-packages\django_celery_beat\migrations\0018_improve_crontab_helptext.py first seen with mtime 1732641439.7798455
File G:\project1\LigaPay\LigaPay\venv\Lib\site-packages\captcha\migrations\0001_initial.py first seen with mtime 1728586654.9943
File G:\project1\LigaPay\LigaPay\wallet\migrations\__init__.py first seen with mtime 1740130259.819463
File G:\project1\LigaPay\LigaPay\products\migrations\0021_alter_accountservice_server_and_more.py first seen with mtime 1736424724.9957066
File G:\project1\LigaPay\LigaPay\venv\Lib\site-packages\django\contrib\auth\migrations\0005_alter_user_last_login_null.py first seen with mtime 1726590945.1202319
File G:\project1\LigaPay\LigaPay\venv\Lib\site-packages\redis\commands\helpers.py first seen with mtime 1732644628.1576128
File G:\project1\LigaPay\LigaPay\venv\Lib\site-packages\redis\crc.py first seen with mtime 1732644628.142207
File G:\project1\LigaPay\LigaPay\venv\Lib\site-packages\django\db\migrations\loader.py first seen with mtime 1726590946.6403646
File G:\project1\LigaPay\LigaPay\venv\Lib\site-packages\django\contrib\auth\migrations\0010_alter_group_name_max_length.py first seen with mtime 1726590945.122231
File G:\project1\LigaPay\LigaPay\products\migrations\0006_remove_accountservice_filter_type_and_more.py first seen with mtime 1733930586.4761841
File G:\project1\LigaPay\LigaPay\orders\migrations\0002_order_price.py first seen with mtime 1740678964.1223564
File G:\project1\LigaPay\LigaPay\news\migrations\__init__.py first seen with mtime 1732123295.3903456
File G:\project1\LigaPay\LigaPay\products\migrations\0002_alter_rpservice_seller_alter_rpservice_server_and_more.py first seen with mtime 1733655880.6117966
File G:\project1\LigaPay\LigaPay\LigaPay\settings.py previous mtime: 1741110160.1036077, current mtime: 1741110214.4351654
G:\project1\LigaPay\LigaPay\LigaPay\settings.py notified as changed. Signal results: [(<function template_changed at 0x00000198E428A980>, None), (<function translation_file_changed at 0x00000198E4C0E160>, None)].
G:\project1\LigaPay\LigaPay\LigaPay\settings.py changed, reloading.
Watching for file changes with StatReloader
Waiting for apps ready_event.
Apps ready_event triggered. Sending autoreload_started signal.
Watching dir G:\project1\LigaPay\LigaPay\templates with glob **/*.
Watching dir G:\project1\LigaPay\LigaPay\venv\Lib\site-packages\captcha\templates with glob **/*.
Watching dir G:\project1\LigaPay\LigaPay\orders\templates with glob **/*.
Watching dir G:\project1\LigaPay\LigaPay\news\templates with glob **/*.
Watching dir G:\project1\LigaPay\LigaPay\products\templates with glob **/*.
Watching dir G:\project1\LigaPay\LigaPay\users\templates with glob **/*.
Watching dir G:\project1\LigaPay\LigaPay\venv\Lib\site-packages\django_celery_beat\templates with glob **/*.
Watching dir G:\project1\LigaPay\LigaPay\main\templates with glob **/*.
Watching dir G:\project1\LigaPay\LigaPay\wallet\templates with glob **/*.
Watching dir G:\project1\LigaPay\LigaPay\venv\Lib\site-packages\debug_toolbar\templates with glob **/*.
Watching dir G:\project1\LigaPay\LigaPay\locale with glob **/*.mo.
Watching dir G:\project1\LigaPay\LigaPay\venv\Lib\site-packages\debug_toolbar\locale with glob **/*.mo.
Watching dir G:\project1\LigaPay\LigaPay\main\locale with glob **/*.mo.
Watching dir G:\project1\LigaPay\LigaPay\users\locale with glob **/*.mo.
Watching dir G:\project1\LigaPay\LigaPay\venv\Lib\site-packages\captcha\locale with glob **/*.mo.
Watching dir G:\project1\LigaPay\LigaPay\venv\Lib\site-packages\widget_tweaks\locale with glob **/*.mo.
Watching dir G:\project1\LigaPay\LigaPay\news\locale with glob **/*.mo.
Watching dir G:\project1\LigaPay\LigaPay\venv\Lib\site-packages\django_celery_beat\locale with glob **/*.mo.
Watching dir G:\project1\LigaPay\LigaPay\products\locale with glob **/*.mo.
Watching dir G:\project1\LigaPay\LigaPay\wallet\locale with glob **/*.mo.
Watching dir G:\project1\LigaPay\LigaPay\orders\locale with glob **/*.mo.
(0.016) 
            SELECT
                c.relname,
                CASE
                    WHEN c.relispartition THEN 'p'
                    WHEN c.relkind IN ('m', 'v') THEN 'v'
                    ELSE 't'
                END,
                obj_description(c.oid, 'pg_class')
            FROM pg_catalog.pg_class c
            LEFT JOIN pg_catalog.pg_namespace n ON n.oid = c.relnamespace
            WHERE c.relkind IN ('f', 'm', 'p', 'r', 'v')
                AND n.nspname NOT IN ('pg_catalog', 'pg_toast')
                AND pg_catalog.pg_table_is_visible(c.oid)
        ; args=None; alias=default
(0.000) SELECT "django_migrations"."id", "django_migrations"."app", "django_migrations"."name", "django_migrations"."applied" FROM "django_migrations"; args=(); alias=default
File G:\project1\LigaPay\LigaPay\venv\Lib\site-packages\debug_toolbar\views.py first seen with mtime 1736963109.392282
File G:\pynthon\Lib\opcode.py first seen with mtime 1707248442.0
File G:\project1\LigaPay\LigaPay\venv\Lib\site-packages\amqp\spec.py first seen with mtime 1732641435.4418466
File G:\project1\LigaPay\LigaPay\venv\Lib\site-packages\django\core\checks\model_checks.py first seen with mtime 1726590946.5843635
File G:\project1\LigaPay\LigaPay\venv\Lib\site-packages\django\template\loaders\__init__.py first seen with mtime 1726590946.711365
File G:\project1\LigaPay\LigaPay\venv\Lib\site-packages\django\db\backends\postgresql\operations.py first seen with mtime 1726590946.6333644
File G:\pynthon\Lib\graphlib.py first seen with mtime 1707248442.0
File G:\project1\LigaPay\LigaPay\venv\Lib\site-packages\django\core\checks\caches.py first seen with mtime 1726590946.5823636
File G:\project1\LigaPay\LigaPay\venv\Lib\site-packages\django\dispatch\dispatcher.py first seen with mtime 1726590946.6653643
File G:\project1\LigaPay\LigaPay\venv\Lib\site-packages\click\parser.py first seen with mtime 1732641435.1608477
File G:\project1\LigaPay\LigaPay\venv\Lib\site-packages\psycopg2\__init__.py first seen with mtime 1726590943.662142
File G:\pynthon\Lib\asyncio\selector_events.py first seen with mtime 1707248442.0
File G:\project1\LigaPay\LigaPay\venv\Lib\site-packages\amqp\__init__.py first seen with mtime 1732641435.436846
File G:\project1\LigaPay\LigaPay\venv\Lib\site-packages\django\core\wsgi.py first seen with mtime 1726590946.5773642
File G:\project1\LigaPay\LigaPay\venv\Lib\site-packages\django\contrib\auth\management\__init__.py first seen with mtime 1726590945.1172295
File G:\pynthon\Lib\pathlib.py first seen with mtime 1707248442.0
File G:\pynthon\Lib\string.py first seen with mtime 1707248442.0
File G:\project1\LigaPay\LigaPay\venv\Lib\site-packages\timezone_field\backends\__init__.py first seen with mtime 1732641434.9798458
File G:\pynthon\Lib\importlib\metadata\_functools.py first seen with mtime 1707248442.0
File G:\pynthon\Lib\importlib\resources\_itertools.py first seen with mtime 1707248442.0
File G:\pynthon\Lib\multiprocessing\context.py first seen with mtime 1707248442.0
File G:\project1\LigaPay\LigaPay\venv\Lib\site-packages\django\middleware\clickjacking.py first seen with mtime 1726590946.7023656
File G:\project1\LigaPay\LigaPay\venv\Lib\site-packages\django\contrib\sites\shortcuts.py first seen with mtime 1726590946.4853654
File G:\pynthon\Lib\tkinter\__init__.py first seen with mtime 1707248442.0
File G:\project1\LigaPay\LigaPay\venv\Lib\site-packages\dateutil\relativedelta.py first seen with mtime 1732641434.7138455
File G:\project1\LigaPay\LigaPay\venv\Lib\site-packages\sqlparse\engine\__init__.py first seen with mtime 1726590942.5678573
File G:\pynthon\Lib\email\policy.py first seen with mtime 1707248442.0
File G:\project1\LigaPay\LigaPay\venv\Lib\site-packages\celery\utils\term.py first seen with mtime 1732641437.2898474
File G:\project1\LigaPay\LigaPay\venv\Lib\site-packages\redis\asyncio\__init__.py first seen with mtime 1732644628.1512122
File G:\pynthon\Lib\re\_constants.py first seen with mtime 1707248442.0
File G:\project1\LigaPay\LigaPay\venv\Lib\site-packages\tzdata\zoneinfo\Australia\__init__.py first seen with mtime 1726590942.3888566
File G:\project1\LigaPay\LigaPay\venv\Lib\site-packages\PIL\_typing.py first seen with mtime 1727118445.8773806
File G:\pynthon\DLLs\_tkinter.pyd first seen with mtime 1707248490.0
File G:\project1\LigaPay\LigaPay\venv\Lib\site-packages\django\template\loaders\filesystem.py first seen with mtime 1726590946.7133646
File G:\project1\LigaPay\LigaPay\venv\Lib\site-packages\debug_toolbar\panels\versions.py first seen with mtime 1736963109.4312847
File G:\project1\LigaPay\LigaPay\venv\Lib\site-packages\django\template\smartif.py first seen with mtime 1726590946.7093637
File G:\project1\LigaPay\LigaPay\venv\Lib\site-packages\billiard\exceptions.py first seen with mtime 1732641434.1578462
File G:\pynthon\Lib\email\contentmanager.py first seen with mtime 1707248442.0
File G:\pynthon\Lib\urllib\parse.py first seen with mtime 1707248442.0
File G:\project1\LigaPay\LigaPay\venv\Lib\site-packages\captcha\conf\settings.py first seen with mtime 1728586654.9543009
File G:\project1\LigaPay\LigaPay\venv\Lib\site-packages\django\contrib\auth\validators.py first seen with mtime 1726590945.00023
File G:\project1\LigaPay\LigaPay\venv\Lib\site-packages\celery\utils\__init__.py first seen with mtime 1732641437.2838466
File G:\project1\LigaPay\LigaPay\venv\Lib\site-packages\psycopg2\errors.py first seen with mtime 1726590943.6761422
File G:\project1\LigaPay\LigaPay\venv\Lib\site-packages\celery\app\builtins.py first seen with mtime 1732641437.230846
File G:\project1\LigaPay\LigaPay\products\mixins.py first seen with mtime 1739790428.468932
File G:\pynthon\Lib\queue.py first seen with mtime 1707248442.0
File G:\project1\LigaPay\LigaPay\venv\Lib\site-packages\django\db\backends\postgresql\creation.py first seen with mtime 1726590946.6313658
File G:\project1\LigaPay\LigaPay\venv\Lib\site-packages\django\core\signals.py first seen with mtime 1726590946.5763648
File G:\project1\LigaPay\LigaPay\LigaPay\celery.py first seen with mtime 1732725477.5353017
File G:\project1\LigaPay\LigaPay\venv\Lib\site-packages\asgiref\current_thread_executor.py first seen with mtime 1726590944.2548585
File G:\project1\LigaPay\LigaPay\venv\Lib\site-packages\django\template\backends\__init__.py first seen with mtime 1726590946.7103634
File G:\project1\LigaPay\LigaPay\users\urls.py first seen with mtime 1731951302.4415438
File G:\project1\LigaPay\LigaPay\venv\Lib\site-packages\dateutil\tz\_common.py first seen with mtime 1732641434.7188468
File G:\pynthon\Lib\pkgutil.py first seen with mtime 1707248442.0
File G:\project1\LigaPay\LigaPay\venv\Lib\site-packages\django\contrib\admin\templatetags\admin_list.py first seen with mtime 1726590944.8942304
File G:\project1\LigaPay\LigaPay\venv\Lib\site-packages\django\core\serializers\__init__.py first seen with mtime 1726590946.610365
File G:\project1\LigaPay\LigaPay\venv\Lib\site-packages\cffi\error.py first seen with mtime 1732115536.8065364
File G:\project1\LigaPay\LigaPay\venv\Lib\site-packages\dateutil\parser\isoparser.py first seen with mtime 1732641434.717846
File G:\pynthon\Lib\ipaddress.py first seen with mtime 1707248442.0
File G:\pynthon\Lib\multiprocessing\reduction.py first seen with mtime 1707248442.0
File G:\project1\LigaPay\LigaPay\venv\Lib\site-packages\django\core\checks\__init__.py first seen with mtime 1726590946.5823636
File G:\project1\LigaPay\LigaPay\venv\Lib\site-packages\kombu\utils\json.py first seen with mtime 1732641435.8108478
File G:\project1\LigaPay\LigaPay\wallet\views.py first seen with mtime 1740503980.7901468
File G:\project1\LigaPay\LigaPay\venv\Lib\site-packages\django\template\response.py first seen with mtime 1726590946.7093637
File G:\project1\LigaPay\LigaPay\orders\urls.py first seen with mtime 1741014074.8375504
File G:\pynthon\Lib\pprint.py first seen with mtime 1707248442.0
File G:\project1\LigaPay\LigaPay\venv\Lib\site-packages\django_filters\utils.py first seen with mtime 1737573152.0092764
File G:\pynthon\Lib\platform.py first seen with mtime 1707248442.0
File G:\project1\LigaPay\LigaPay\venv\Lib\site-packages\tzdata\zoneinfo\Europe\__init__.py first seen with mtime 1726590942.4268565
File G:\project1\LigaPay\LigaPay\venv\Lib\site-packages\django\db\backends\postgresql\schema.py first seen with mtime 1726590946.6343637
File G:\pynthon\Lib\urllib\response.py first seen with mtime 1707248442.0
File G:\project1\LigaPay\LigaPay\venv\Lib\site-packages\tzdata\zoneinfo\Brazil\__init__.py first seen with mtime 1726590942.3898566
File G:\project1\LigaPay\LigaPay\venv\Lib\site-packages\django\forms\utils.py first seen with mtime 1726590946.6683636
File G:\project1\LigaPay\LigaPay\venv\Lib\site-packages\celery\app\backends.py first seen with mtime 1732641437.2288463
File G:\project1\LigaPay\LigaPay\venv\Lib\site-packages\django\forms\formsets.py first seen with mtime 1726590946.6673636
File G:\pynthon\Lib\importlib\resources\__init__.py first seen with mtime 1707248442.0
File G:\project1\LigaPay\LigaPay\venv\Lib\site-packages\django\db\backends\base\__init__.py first seen with mtime 1726590946.6163647
File G:\project1\LigaPay\LigaPay\venv\Lib\site-packages\vine\synchronization.py first seen with mtime 1732641431.9138439
File G:\pynthon\Lib\xml\dom\minidom.py first seen with mtime 1707248442.0
File G:\project1\LigaPay\LigaPay\venv\Lib\site-packages\django\contrib\auth\models.py first seen with mtime 1726590944.9982312
File G:\project1\LigaPay\LigaPay\venv\Lib\site-packages\django\core\management\__init__.py first seen with mtime 1726590946.5993676
File G:\project1\LigaPay\LigaPay\venv\Lib\site-packages\celery\app\annotations.py first seen with mtime 1732641437.2288463
File G:\pynthon\DLLs\_zoneinfo.pyd first seen with mtime 1707248490.0
File G:\project1\LigaPay\LigaPay\venv\Lib\site-packages\django\core\mail\utils.py first seen with mtime 1726590946.5943632
File G:\project1\LigaPay\LigaPay\venv\Lib\site-packages\django\template\loaders\cached.py first seen with mtime 1726590946.7123654
File G:\project1\LigaPay\LigaPay\venv\Lib\site-packages\django\contrib\admin\models.py first seen with mtime 1726590944.6242316
File G:\project1\LigaPay\LigaPay\venv\Lib\site-packages\django\utils\module_loading.py first seen with mtime 1726590946.7323644
File G:\project1\LigaPay\LigaPay\venv\Lib\site-packages\django\test\testcases.py first seen with mtime 1726590946.718364
File G:\pynthon\Lib\decimal.py first seen with mtime 1707248442.0
File G:\project1\LigaPay\LigaPay\venv\Lib\site-packages\celery\loaders\__init__.py first seen with mtime 1732641437.2798464
File G:\project1\LigaPay\LigaPay\venv\Lib\site-packages\django\__init__.py first seen with mtime 1726590944.4407225
File G:\pynthon\DLLs\unicodedata.pyd first seen with mtime 1707248490.0
File G:\project1\LigaPay\LigaPay\venv\Lib\site-packages\tzdata\zoneinfo\Mexico\__init__.py first seen with mtime 1726590942.4318578
File G:\project1\LigaPay\LigaPay\venv\Lib\site-packages\django\contrib\contenttypes\fields.py first seen with mtime 1726590945.1252298
File G:\project1\LigaPay\LigaPay\venv\Lib\site-packages\sqlparse\utils.py first seen with mtime 1726590942.5678573
File G:\project1\LigaPay\LigaPay\venv\Lib\site-packages\django\contrib\auth\backends.py first seen with mtime 1726590944.9942315
File G:\project1\LigaPay\LigaPay\venv\Lib\site-packages\debug_toolbar\panels\sql\views.py first seen with mtime 1736963109.4359531
File G:\project1\LigaPay\LigaPay\venv\Lib\site-packages\django\contrib\admin\actions.py first seen with mtime 1726590944.621231
File G:\pynthon\DLLs\pyexpat.pyd first seen with mtime 1707248490.0
File G:\project1\LigaPay\LigaPay\venv\Lib\site-packages\celery\utils\collections.py first seen with mtime 1732641437.2838466
File G:\project1\LigaPay\LigaPay\venv\Lib\site-packages\django\core\checks\security\csrf.py first seen with mtime 1726590946.5873635
File G:\project1\LigaPay\LigaPay\venv\Lib\site-packages\kombu\entity.py first seen with mtime 1732641435.782847
File G:\project1\LigaPay\LigaPay\venv\Lib\site-packages\billiard\util.py first seen with mtime 1732641434.1668463
File G:\pynthon\Lib\unittest\mock.py first seen with mtime 1707248442.0
File G:\project1\LigaPay\LigaPay\venv\Lib\site-packages\celery\app\defaults.py first seen with mtime 1732641437.230846
File G:\pynthon\DLLs\_socket.pyd first seen with mtime 1707248490.0
File G:\pynthon\Lib\email\_header_value_parser.py first seen with mtime 1707248442.0
File G:\pynthon\Lib\asyncio\queues.py first seen with mtime 1707248442.0
File G:\pynthon\Lib\ssl.py first seen with mtime 1707248442.0
File G:\project1\LigaPay\LigaPay\venv\Lib\site-packages\django\conf\locale\__init__.py first seen with mtime 1726590944.4467218
File G:\pynthon\DLLs\_uuid.pyd first seen with mtime 1707248488.0
File G:\project1\LigaPay\LigaPay\venv\Lib\site-packages\django\conf\global_settings.py first seen with mtime 1726590944.443721
File G:\pynthon\Lib\turtle.py first seen with mtime 1707248442.0
File G:\project1\LigaPay\LigaPay\venv\Lib\site-packages\PIL\_imaging.cp311-win_amd64.pyd first seen with mtime 1727118445.8603826
File G:\project1\LigaPay\LigaPay\venv\Lib\site-packages\debug_toolbar\panels\sql\forms.py first seen with mtime 1736963109.4339557
File G:\pynthon\Lib\email\header.py first seen with mtime 1707248442.0
File G:\project1\LigaPay\LigaPay\venv\Lib\site-packages\tzdata\__init__.py first seen with mtime 1726590942.238857
File G:\project1\LigaPay\LigaPay\venv\Lib\site-packages\click\globals.py first seen with mtime 1732641435.1608477
File G:\project1\LigaPay\LigaPay\venv\Lib\site-packages\django\urls\utils.py first seen with mtime 1726590946.721365
File G:\project1\LigaPay\LigaPay\venv\Lib\site-packages\captcha\urls.py first seen with mtime 1728586654.9523003
File G:\project1\LigaPay\LigaPay\venv\Lib\site-packages\django\core\files\base.py first seen with mtime 1726590946.5873635
File G:\project1\LigaPay\LigaPay\venv\Lib\site-packages\kombu\log.py first seen with mtime 1732641435.782847
File G:\project1\LigaPay\LigaPay\venv\Lib\site-packages\dotenv\parser.py first seen with mtime 1726590943.5151434
File G:\pynthon\Lib\unittest\util.py first seen with mtime 1707248442.0
File G:\pynthon\Lib\_markupbase.py first seen with mtime 1707248442.0
File G:\project1\LigaPay\LigaPay\venv\Lib\site-packages\django\middleware\csrf.py first seen with mtime 1726590946.7033658
File G:\project1\LigaPay\LigaPay\venv\Lib\site-packages\django\contrib\admin\views\__init__.py first seen with mtime 1726590944.8962314
File G:\project1\LigaPay\LigaPay\venv\Lib\site-packages\django\db\backends\base\features.py first seen with mtime 1726590946.6183653
File G:\project1\LigaPay\LigaPay\news\views.py first seen with mtime 1733236364.1613946
File G:\project1\LigaPay\LigaPay\venv\Lib\site-packages\django\contrib\auth\hashers.py first seen with mtime 1726590944.9972312
File G:\project1\LigaPay\LigaPay\venv\Lib\site-packages\django\db\models\deletion.py first seen with mtime 1726590946.6493657
File G:\pynthon\Lib\nturl2path.py first seen with mtime 1707248442.0
File G:\project1\LigaPay\LigaPay\venv\Lib\site-packages\django\db\transaction.py first seen with mtime 1726590946.614364
File G:\project1\LigaPay\LigaPay\venv\Lib\site-packages\django\utils\hashable.py first seen with mtime 1726590946.7293656
File G:\pynthon\Lib\asyncio\tasks.py first seen with mtime 1707248442.0
File G:\pynthon\Lib\concurrent\futures\__init__.py first seen with mtime 1707248442.0
File G:\project1\LigaPay\LigaPay\venv\Lib\site-packages\debug_toolbar\panels\sql\tracking.py first seen with mtime 1736963109.4349527
File G:\project1\LigaPay\LigaPay\venv\Lib\site-packages\celery\app\__init__.py first seen with mtime 1732641437.2278454
File G:\project1\LigaPay\LigaPay\venv\Lib\site-packages\dateutil\__init__.py first seen with mtime 1732641434.7128468
File G:\project1\LigaPay\LigaPay\venv\Lib\site-packages\django\contrib\messages\utils.py first seen with mtime 1726590946.1843636
File G:\pynthon\Lib\asyncio\base_subprocess.py first seen with mtime 1707248442.0
File G:\project1\LigaPay\LigaPay\venv\Lib\site-packages\django\contrib\messages\storage\__init__.py first seen with mtime 1726590946.1843636
File G:\project1\LigaPay\LigaPay\orders\admin.py first seen with mtime 1740678593.1348405
File G:\project1\LigaPay\LigaPay\venv\Lib\site-packages\django\core\management\commands\runserver.py first seen with mtime 1726590946.6063647
File G:\project1\LigaPay\LigaPay\venv\Lib\site-packages\django\core\checks\messages.py first seen with mtime 1726590946.5833635
File G:\project1\LigaPay\LigaPay\venv\Lib\site-packages\debug_toolbar\panels\settings.py first seen with mtime 1736963109.4292815
File G:\project1\LigaPay\LigaPay\venv\Lib\site-packages\debug_toolbar\middleware.py first seen with mtime 1736963109.3902817
File G:\project1\LigaPay\LigaPay\venv\Lib\site-packages\django\core\checks\database.py first seen with mtime 1726590946.5833635
File G:\project1\LigaPay\LigaPay\venv\Lib\site-packages\django\views\decorators\common.py first seen with mtime 1726590946.741366
File G:\project1\LigaPay\LigaPay\venv\Lib\site-packages\django\db\migrations\operations\fields.py first seen with mtime 1726590946.6443639
File G:\project1\LigaPay\LigaPay\venv\Lib\site-packages\django\db\models\constraints.py first seen with mtime 1726590946.6483638
File G:\project1\LigaPay\LigaPay\venv\Lib\site-packages\celery\utils\log.py first seen with mtime 1732641437.287847
File G:\pynthon\Lib\unittest\suite.py first seen with mtime 1707248442.0
File G:\project1\LigaPay\LigaPay\venv\Lib\site-packages\click\decorators.py first seen with mtime 1732641435.1598487
File G:\pynthon\Lib\wsgiref\headers.py first seen with mtime 1707248442.0
File G:\pynthon\Lib\_compression.py first seen with mtime 1707248442.0
File G:\project1\LigaPay\LigaPay\venv\Lib\site-packages\attr\_next_gen.py first seen with mtime 1732115536.2940128
File G:\pynthon\Lib\asyncio\windows_events.py first seen with mtime 1707248442.0
File G:\project1\LigaPay\LigaPay\venv\Lib\site-packages\dateutil\parser\_parser.py first seen with mtime 1732641434.7168462
File G:\pynthon\Lib\importlib\resources\abc.py first seen with mtime 1707248442.0
File G:\project1\LigaPay\LigaPay\venv\Lib\site-packages\sqlparse\filters\aligned_indent.py first seen with mtime 1726590942.5698705
File G:\pynthon\Lib\asyncio\streams.py first seen with mtime 1707248442.0
File G:\project1\LigaPay\LigaPay\venv\Lib\site-packages\django\core\management\color.py first seen with mtime 1726590946.5993676
File G:\project1\LigaPay\LigaPay\venv\Lib\site-packages\vine\promises.py first seen with mtime 1732641431.9138439
File G:\project1\LigaPay\LigaPay\venv\Lib\site-packages\widget_tweaks\templatetags\__init__.py first seen with mtime 1728650047.8344114
File G:\pynthon\Lib\linecache.py first seen with mtime 1707248442.0
File G:\project1\LigaPay\LigaPay\venv\Lib\site-packages\django\db\models\__init__.py first seen with mtime 1726590946.646366
File G:\pynthon\Lib\asyncio\exceptions.py first seen with mtime 1707248442.0
File G:\project1\LigaPay\LigaPay\venv\Lib\site-packages\django\db\models\options.py first seen with mtime 1726590946.6513662
File G:\project1\LigaPay\LigaPay\venv\Lib\site-packages\django\test\html.py first seen with mtime 1726590946.7163641
File G:\pynthon\Lib\gzip.py first seen with mtime 1707248442.0
File G:\project1\LigaPay\LigaPay\venv\Lib\site-packages\click\formatting.py first seen with mtime 1732641435.1598487
File G:\project1\LigaPay\LigaPay\venv\Lib\site-packages\django\template\loaders\app_directories.py first seen with mtime 1726590946.7123654
File G:\pynthon\Lib\asyncio\mixins.py first seen with mtime 1707248442.0
File G:\project1\LigaPay\LigaPay\products\__init__.py first seen with mtime 1733158547.745049
File G:\pynthon\DLLs\_hashlib.pyd first seen with mtime 1707248490.0
File G:\project1\LigaPay\LigaPay\venv\Lib\site-packages\debug_toolbar\panels\history\__init__.py first seen with mtime 1736963109.4312847
File G:\pynthon\Lib\email\feedparser.py first seen with mtime 1707248442.0
File G:\project1\LigaPay\LigaPay\venv\Lib\site-packages\django\db\models\aggregates.py first seen with mtime 1726590946.6473665
File G:\project1\LigaPay\LigaPay\venv\Lib\site-packages\captcha\helpers.py first seen with mtime 1728586654.9523003
File G:\pynthon\Lib\asyncio\taskgroups.py first seen with mtime 1707248442.0
File G:\project1\LigaPay\LigaPay\venv\Lib\site-packages\cron_descriptor\ExpressionParser.py first seen with mtime 1732641431.7568438
File G:\project1\LigaPay\LigaPay\venv\Lib\site-packages\django\db\backends\__init__.py first seen with mtime 1726590946.615365
File G:\pynthon\Lib\email\_parseaddr.py first seen with mtime 1707248442.0
File G:\pynthon\Lib\json\decoder.py first seen with mtime 1707248442.0
File G:\project1\LigaPay\LigaPay\venv\Lib\site-packages\django\contrib\sessions\backends\__init__.py first seen with mtime 1726590946.372365
File G:\pynthon\Lib\secrets.py first seen with mtime 1707248442.0
File G:\project1\LigaPay\LigaPay\venv\Lib\site-packages\celery\utils\objects.py first seen with mtime 1732641437.287847
File G:\project1\LigaPay\LigaPay\venv\Lib\site-packages\django\forms\models.py first seen with mtime 1726590946.6683636
File G:\project1\LigaPay\LigaPay\venv\Lib\site-packages\click\types.py first seen with mtime 1732641435.1638474
File G:\project1\LigaPay\LigaPay\venv\Lib\site-packages\amqp\sasl.py first seen with mtime 1732641435.4418466
File G:\project1\LigaPay\LigaPay\wallet\models.py first seen with mtime 1740134209.2212236
File G:\project1\LigaPay\LigaPay\venv\Lib\site-packages\django\db\models\fields\proxy.py first seen with mtime 1726590946.6563647
File G:\pynthon\Lib\dataclasses.py first seen with mtime 1707248442.0
File G:\project1\LigaPay\LigaPay\venv\Lib\site-packages\django\test\__init__.py first seen with mtime 1726590946.7153645
File G:\project1\LigaPay\LigaPay\venv\Lib\site-packages\celery\fixups\django.py first seen with mtime 1732641437.278847
File G:\project1\LigaPay\LigaPay\venv\Lib\site-packages\celery\_state.py first seen with mtime 1732641437.2228477
File G:\project1\LigaPay\LigaPay\venv\Lib\site-packages\debug_toolbar\panels\templates\panel.py first seen with mtime 1736963109.4369545
File G:\project1\LigaPay\LigaPay\users\__init__.py first seen with mtime 1726760398.9986563
File G:\pynthon\Lib\zipfile.py first seen with mtime 1707248442.0
File G:\pynthon\Lib\asyncio\trsock.py first seen with mtime 1707248442.0
File G:\project1\LigaPay\LigaPay\venv\Lib\site-packages\django\template\base.py first seen with mtime 1726590946.705366
File G:\project1\LigaPay\LigaPay\venv\Lib\site-packages\django\template\defaultfilters.py first seen with mtime 1726590946.7063668
File G:\project1\LigaPay\LigaPay\venv\Lib\site-packages\kombu\utils\uuid.py first seen with mtime 1732641435.8138473
File G:\project1\LigaPay\LigaPay\venv\Lib\site-packages\debug_toolbar\panels\timer.py first seen with mtime 1736963109.430282
File G:\pynthon\Lib\copyreg.py first seen with mtime 1707248442.0
File G:\project1\LigaPay\LigaPay\venv\Lib\site-packages\django\contrib\admin\views\main.py first seen with mtime 1726590944.8972316
File G:\project1\LigaPay\LigaPay\venv\Lib\site-packages\django\db\models\functions\math.py first seen with mtime 1726590946.659363
File G:\project1\LigaPay\LigaPay\wallet\signals.py first seen with mtime 1741022070.2574167
File G:\project1\LigaPay\LigaPay\venv\Lib\site-packages\django\core\cache\backends\__init__.py first seen with mtime 1726590946.5783634
File G:\project1\LigaPay\LigaPay\common\views.py first seen with mtime 1732124235.7379959
File G:\project1\LigaPay\LigaPay\venv\Lib\site-packages\django\contrib\auth\password_validation.py first seen with mtime 1726590944.9992306
File G:\project1\LigaPay\LigaPay\venv\Lib\site-packages\colorama\ansitowin32.py first seen with mtime 1732641433.8298454
File G:\project1\LigaPay\LigaPay\orders\__init__.py first seen with mtime 1740506286.7934947
File G:\project1\LigaPay\LigaPay\venv\Lib\site-packages\debug_toolbar\panels\headers.py first seen with mtime 1736963109.425283
File G:\project1\LigaPay\LigaPay\venv\Lib\site-packages\attr\_cmp.py first seen with mtime 1732115536.290012
File G:\project1\LigaPay\LigaPay\venv\Lib\site-packages\django\db\models\sql\where.py first seen with mtime 1726590946.6643658
File G:\project1\LigaPay\LigaPay\venv\Lib\site-packages\celery\schedules.py first seen with mtime 1732641437.2258456
File G:\project1\LigaPay\LigaPay\venv\Lib\site-packages\django\contrib\sessions\__init__.py first seen with mtime 1726590946.3563647
File G:\project1\LigaPay\LigaPay\venv\Lib\site-packages\django\middleware\security.py first seen with mtime 1726590946.704366
File G:\pynthon\Lib\http\server.py first seen with mtime 1707248442.0
File G:\pynthon\Lib\bisect.py first seen with mtime 1707248442.0
File G:\project1\LigaPay\LigaPay\venv\Lib\site-packages\django\contrib\auth\apps.py first seen with mtime 1726590944.9942315
File G:\pynthon\Lib\html\parser.py first seen with mtime 1707248442.0
File G:\project1\LigaPay\LigaPay\venv\Lib\site-packages\dotenv\main.py first seen with mtime 1726590943.5151434
File G:\pynthon\Lib\importlib\metadata\_itertools.py first seen with mtime 1707248442.0
File G:\pynthon\Lib\email\iterators.py first seen with mtime 1707248442.0
File G:\project1\LigaPay\LigaPay\venv\Lib\site-packages\django\utils\translation\trans_real.py first seen with mtime 1726590946.7373638
File G:\project1\LigaPay\LigaPay\venv\Lib\site-packages\django\views\debug.py first seen with mtime 1726590946.7383633
File G:\project1\LigaPay\LigaPay\venv\Lib\site-packages\billiard\compat.py first seen with mtime 1732641434.155846
File G:\project1\LigaPay\LigaPay\venv\Lib\site-packages\django\contrib\admin\apps.py first seen with mtime 1726590944.621231
File G:\pynthon\Lib\email\mime\text.py first seen with mtime 1707248442.0
File G:\pynthon\Lib\locale.py first seen with mtime 1707248442.0
File G:\pynthon\Lib\urllib\error.py first seen with mtime 1707248442.0
File G:\project1\LigaPay\LigaPay\venv\Lib\site-packages\kombu\resource.py first seen with mtime 1732641435.785846
File G:\project1\LigaPay\LigaPay\venv\Lib\site-packages\django\db\models\functions\comparison.py first seen with mtime 1726590946.658366
File G:\pynthon\Lib\socket.py first seen with mtime 1707248442.0
File G:\project1\LigaPay\LigaPay\venv\Lib\site-packages\amqp\platform.py first seen with mtime 1732641435.440847
File G:\project1\LigaPay\LigaPay\venv\Lib\site-packages\django\core\files\images.py first seen with mtime 1726590946.588364
File G:\project1\LigaPay\LigaPay\venv\Lib\site-packages\cron_descriptor\__init__.py first seen with mtime 1732641431.7588434
File G:\project1\LigaPay\LigaPay\venv\Lib\site-packages\django\core\checks\security\base.py first seen with mtime 1726590946.5863638
File G:\project1\LigaPay\LigaPay\venv\Lib\site-packages\django\core\files\storage\base.py first seen with mtime 1726590946.5903642
File G:\project1\LigaPay\LigaPay\venv\Lib\site-packages\django\utils\choices.py first seen with mtime 1726590946.7243655
File G:\pynthon\Lib\logging\config.py first seen with mtime 1707248442.0
File G:\project1\LigaPay\LigaPay\venv\Lib\site-packages\tzdata\zoneinfo\Canada\__init__.py first seen with mtime 1726590942.3928576
File G:\project1\LigaPay\LigaPay\venv\Lib\site-packages\vine\utils.py first seen with mtime 1732641431.9148445
File G:\project1\LigaPay\LigaPay\venv\Lib\site-packages\django\views\decorators\debug.py first seen with mtime 1726590946.741366
File G:\pynthon\Lib\xml\dom\domreg.py first seen with mtime 1707248442.0
File G:\project1\LigaPay\LigaPay\venv\Lib\site-packages\django\utils\safestring.py first seen with mtime 1726590946.733364
File G:\project1\LigaPay\LigaPay\venv\Lib\site-packages\PIL\Image.py first seen with mtime 1727118445.7888193
File G:\project1\LigaPay\LigaPay\venv\Lib\site-packages\django\core\files\uploadhandler.py first seen with mtime 1726590946.5903642
File G:\pynthon\DLLs\_bz2.pyd first seen with mtime 1707248490.0
File G:\pynthon\Lib\concurrent\futures\thread.py first seen with mtime 1707248442.0
File G:\pynthon\Lib\wsgiref\simple_server.py first seen with mtime 1707248442.0
File G:\project1\LigaPay\LigaPay\venv\Lib\site-packages\celery\app\autoretry.py first seen with mtime 1732641437.2288463
File G:\project1\LigaPay\LigaPay\venv\Lib\site-packages\tzdata\zoneinfo\Arctic\__init__.py first seen with mtime 1726590942.3408582
File G:\project1\LigaPay\LigaPay\venv\Lib\site-packages\psycopg2\sql.py first seen with mtime 1726590943.6781423
File G:\project1\LigaPay\LigaPay\venv\Lib\site-packages\django\core\handlers\base.py first seen with mtime 1726590946.593363
File G:\project1\LigaPay\LigaPay\venv\Lib\site-packages\django\template\loader_tags.py first seen with mtime 1726590946.7083652
File G:\pynthon\Lib\ctypes\_endian.py first seen with mtime 1707248442.0
File G:\project1\LigaPay\LigaPay\news\models.py first seen with mtime 1732540759.784505
File G:\pynthon\Lib\re\__init__.py first seen with mtime 1707248442.0
File G:\project1\LigaPay\LigaPay\venv\Lib\site-packages\cffi\api.py first seen with mtime 1732115536.8025436
File G:\project1\LigaPay\LigaPay\venv\Lib\site-packages\django\core\checks\registry.py first seen with mtime 1726590946.5843635
File G:\project1\LigaPay\LigaPay\venv\Lib\site-packages\django\db\backends\postgresql\introspection.py first seen with mtime 1726590946.632364
File G:\project1\LigaPay\LigaPay\venv\Lib\site-packages\django\templatetags\tz.py first seen with mtime 1726590946.7153645
File G:\project1\LigaPay\LigaPay\venv\Lib\site-packages\django\middleware\common.py first seen with mtime 1726590946.7023656
File G:\project1\LigaPay\LigaPay\venv\Lib\site-packages\django\utils\tree.py first seen with mtime 1726590946.735366
File G:\project1\LigaPay\LigaPay\venv\Lib\site-packages\kombu\utils\__init__.py first seen with mtime 1732641435.8058484
File G:\project1\LigaPay\LigaPay\venv\Lib\site-packages\psycopg2\extras.py first seen with mtime 1726590943.6771429
File G:\project1\LigaPay\LigaPay\venv\Lib\site-packages\vine\abstract.py first seen with mtime 1732641431.9128437
File G:\pynthon\Lib\concurrent\futures\_base.py first seen with mtime 1707248442.0
File G:\project1\LigaPay\LigaPay\venv\Lib\site-packages\debug_toolbar\settings.py first seen with mtime 1736963109.3902817
File G:\project1\LigaPay\LigaPay\venv\Lib\site-packages\click\_compat.py first seen with mtime 1732641435.154847
File G:\project1\LigaPay\LigaPay\venv\Lib\site-packages\django\db\models\sql\query.py first seen with mtime 1726590946.663364
File G:\project1\LigaPay\LigaPay\venv\Lib\site-packages\django\template\exceptions.py first seen with mtime 1726590946.7083652
File G:\project1\LigaPay\LigaPay\venv\Lib\site-packages\captcha\__init__.py first seen with mtime 1728586654.9512987
File G:\pynthon\Lib\asyncio\base_futures.py first seen with mtime 1707248442.0
File G:\project1\LigaPay\LigaPay\venv\Lib\site-packages\django\core\handlers\wsgi.py first seen with mtime 1726590946.593363
File G:\project1\LigaPay\LigaPay\venv\Lib\site-packages\ranged_response\__init__.py first seen with mtime 1728586654.8957953
File G:\project1\LigaPay\LigaPay\venv\Lib\site-packages\sqlparse\filters\others.py first seen with mtime 1726590942.5698705
File G:\project1\LigaPay\LigaPay\venv\Lib\site-packages\debug_toolbar\apps.py first seen with mtime 1736963109.3882818
File G:\project1\LigaPay\LigaPay\main\models.py first seen with mtime 1726687386.901355
File G:\project1\LigaPay\LigaPay\venv\Lib\site-packages\celery\__init__.py first seen with mtime 1732641437.2218468
File G:\project1\LigaPay\LigaPay\venv\Lib\site-packages\django\core\cache\__init__.py first seen with mtime 1726590946.5773642
File G:\pynthon\Lib\importlib\metadata\__init__.py first seen with mtime 1707248442.0
File G:\project1\LigaPay\LigaPay\LigaPay\settings.py first seen with mtime 1741110214.4351654
File G:\pynthon\Lib\heapq.py first seen with mtime 1707248442.0
File G:\project1\LigaPay\LigaPay\venv\Lib\site-packages\django\core\serializers\base.py first seen with mtime 1726590946.6113646
File G:\project1\LigaPay\LigaPay\venv\Lib\site-packages\django\db\models\fields\related_lookups.py first seen with mtime 1726590946.6573634
File G:\project1\LigaPay\LigaPay\venv\Lib\site-packages\django\db\models\functions\text.py first seen with mtime 1726590946.660364
File G:\project1\LigaPay\LigaPay\venv\Lib\site-packages\django\utils\functional.py first seen with mtime 1726590946.7283657
File G:\project1\LigaPay\LigaPay\venv\Lib\site-packages\tzdata\zoneinfo\America\__init__.py first seen with mtime 1726590942.3258567
File G:\project1\LigaPay\LigaPay\venv\Lib\site-packages\tzdata\zoneinfo\Pacific\__init__.py first seen with mtime 1726590942.444858
File G:\pynthon\Lib\re\_compiler.py first seen with mtime 1707248442.0
File G:\project1\LigaPay\LigaPay\venv\Lib\site-packages\celery\loaders\app.py first seen with mtime 1732641437.2798464
File G:\project1\LigaPay\LigaPay\venv\Lib\site-packages\attr\_version_info.py first seen with mtime 1732115536.2950125
File G:\project1\LigaPay\LigaPay\venv\Lib\site-packages\django\db\backends\base\validation.py first seen with mtime 1726590946.6203637
File G:\project1\LigaPay\LigaPay\venv\Lib\site-packages\django\contrib\contenttypes\models.py first seen with mtime 1726590945.1262312
File G:\project1\LigaPay\LigaPay\venv\Lib\site-packages\django\db\models\fields\generated.py first seen with mtime 1726590946.6543634
File G:\project1\LigaPay\LigaPay\venv\Lib\site-packages\django\views\i18n.py first seen with mtime 1726590946.7393646
File G:\project1\LigaPay\LigaPay\venv\Lib\site-packages\django\contrib\sites\__init__.py first seen with mtime 1726590946.4823632
File G:\project1\LigaPay\LigaPay\venv\Lib\site-packages\debug_toolbar\panels\sql\panel.py first seen with mtime 1736963109.4349527
File G:\project1\LigaPay\LigaPay\venv\Lib\site-packages\PIL\__init__.py first seen with mtime 1727118445.8330195
File G:\project1\LigaPay\LigaPay\venv\Lib\site-packages\django\contrib\admin\decorators.py first seen with mtime 1726590944.6222312
File G:\project1\LigaPay\LigaPay\venv\Lib\site-packages\django\conf\__init__.py first seen with mtime 1726590944.4427235
File G:\project1\LigaPay\LigaPay\venv\Lib\site-packages\django\contrib\admin\templatetags\admin_urls.py first seen with mtime 1726590944.8952303
File G:\project1\LigaPay\LigaPay\venv\Lib\site-packages\sqlparse\tokens.py first seen with mtime 1726590942.5668576
File G:\project1\LigaPay\LigaPay\venv\Lib\site-packages\django\utils\ipv6.py first seen with mtime 1726590946.730365
File G:\project1\LigaPay\LigaPay\venv\Lib\site-packages\django\contrib\staticfiles\utils.py first seen with mtime 1726590946.5713649
File G:\pynthon\DLLs\select.pyd first seen with mtime 1707248488.0
File G:\project1\LigaPay\LigaPay\venv\Lib\site-packages\tzdata\zoneinfo\Asia\__init__.py first seen with mtime 1726590942.3768568
File G:\project1\LigaPay\LigaPay\venv\Lib\site-packages\django_celery_beat\models.py first seen with mtime 1732641439.7478573
File G:\pynthon\Lib\email\_policybase.py first seen with mtime 1707248442.0
File G:\project1\LigaPay\LigaPay\venv\Lib\site-packages\django_filters\constants.py first seen with mtime 1737573152.0061586
File G:\pynthon\Lib\asyncio\format_helpers.py first seen with mtime 1707248442.0
File G:\project1\LigaPay\LigaPay\venv\Lib\site-packages\django\http\__init__.py first seen with mtime 1726590946.699366
File G:\project1\LigaPay\LigaPay\venv\Lib\site-packages\django\db\migrations\operations\base.py first seen with mtime 1726590946.6443639
File G:\project1\LigaPay\LigaPay\venv\Lib\site-packages\django\db\backends\base\base.py first seen with mtime 1726590946.6173651
File G:\project1\LigaPay\LigaPay\venv\Lib\site-packages\django_redis\client\default.py first seen with mtime 1732644629.0828955
File G:\pynthon\Lib\email\base64mime.py first seen with mtime 1707248442.0
File G:\project1\LigaPay\LigaPay\venv\Lib\site-packages\kombu\exceptions.py first seen with mtime 1732641435.782847
File G:\project1\LigaPay\LigaPay\products\models.py first seen with mtime 1739802686.4150822
File G:\project1\LigaPay\LigaPay\venv\Lib\site-packages\debug_toolbar\panels\templates\views.py first seen with mtime 1736963109.437955
File G:\project1\LigaPay\LigaPay\venv\Lib\site-packages\amqp\exceptions.py first seen with mtime 1732641435.4398456
File G:\project1\LigaPay\LigaPay\venv\Lib\site-packages\django\apps\__init__.py first seen with mtime 1726590944.4417217
File G:\project1\LigaPay\LigaPay\venv\Lib\site-packages\django\contrib\auth\forms.py first seen with mtime 1726590944.9972312
File G:\pynthon\Lib\token.py first seen with mtime 1707248442.0
File G:\pynthon\Lib\asyncio\sslproto.py first seen with mtime 1707248442.0
File G:\project1\LigaPay\LigaPay\venv\Lib\site-packages\attr\_compat.py first seen with mtime 1732115536.2920115
File G:\project1\LigaPay\LigaPay\venv\Lib\site-packages\django\core\checks\translation.py first seen with mtime 1726590946.5853646
File G:\project1\LigaPay\LigaPay\venv\Lib\site-packages\django\core\files\storage\mixins.py first seen with mtime 1726590946.5923634
File G:\project1\LigaPay\LigaPay\venv\Lib\site-packages\tzdata\zoneinfo\US\__init__.py first seen with mtime 1726590942.4488566
File G:\project1\LigaPay\LigaPay\venv\Lib\site-packages\django\urls\__init__.py first seen with mtime 1726590946.719364
File G:\project1\LigaPay\LigaPay\venv\Lib\site-packages\tzdata\zoneinfo\Antarctica\__init__.py first seen with mtime 1726590942.3408582
File G:\project1\LigaPay\LigaPay\venv\Lib\site-packages\django_celery_beat\signals.py first seen with mtime 1732641439.75185
File G:\project1\LigaPay\LigaPay\venv\Lib\site-packages\debug_toolbar\panels\history\forms.py first seen with mtime 1736963109.4322832
File G:\pynthon\Lib\re\_casefix.py first seen with mtime 1707248442.0
File G:\project1\LigaPay\LigaPay\venv\Lib\site-packages\sqlparse\formatter.py first seen with mtime 1726590942.564858
File G:\project1\LigaPay\LigaPay\venv\Lib\site-packages\celery\loaders\base.py first seen with mtime 1732641437.2808452
File G:\project1\LigaPay\LigaPay\venv\Lib\site-packages\django\utils\duration.py first seen with mtime 1726590946.7273657
File G:\pynthon\Lib\hashlib.py first seen with mtime 1707248442.0
File G:\project1\LigaPay\LigaPay\venv\Lib\site-packages\debug_toolbar\utils.py first seen with mtime 1736963109.392282
File G:\project1\LigaPay\LigaPay\venv\Lib\site-packages\django\core\paginator.py first seen with mtime 1726590946.5763648
File G:\project1\LigaPay\LigaPay\venv\Lib\site-packages\django\views\generic\list.py first seen with mtime 1726590946.746364
File G:\project1\LigaPay\LigaPay\venv\Lib\site-packages\timezone_field\__init__.py first seen with mtime 1732641434.9788458
File G:\project1\LigaPay\LigaPay\venv\Lib\site-packages\django\core\management\sql.py first seen with mtime 1726590946.6003647
File G:\pynthon\Lib\email\mime\image.py first seen with mtime 1707248442.0
File G:\project1\LigaPay\LigaPay\venv\Lib\site-packages\kombu\utils\collections.py first seen with mtime 1732641435.8068473
File G:\project1\LigaPay\LigaPay\venv\Lib\site-packages\django\views\generic\edit.py first seen with mtime 1726590946.7453637
File G:\project1\LigaPay\LigaPay\venv\Lib\site-packages\debug_toolbar\panels\signals.py first seen with mtime 1736963109.4292815
File G:\project1\LigaPay\LigaPay\venv\Lib\site-packages\django\core\checks\templates.py first seen with mtime 1726590946.5843635
File G:\project1\LigaPay\LigaPay\venv\Lib\site-packages\billiard\process.py first seen with mtime 1732641434.1628451
File G:\project1\LigaPay\LigaPay\venv\Lib\site-packages\click\__init__.py first seen with mtime 1732641435.154847
File G:\project1\LigaPay\LigaPay\users\views.py first seen with mtime 1732812915.027769
File G:\project1\LigaPay\LigaPay\venv\Lib\site-packages\django\utils\crypto.py first seen with mtime 1726590946.7243655
File G:\pynthon\Lib\importlib\resources\readers.py first seen with mtime 1707248442.0
File G:\project1\LigaPay\LigaPay\venv\Lib\site-packages\django\db\migrations\__init__.py first seen with mtime 1726590946.6383657
File G:\project1\LigaPay\LigaPay\wallet\apps.py first seen with mtime 1741022034.42763
File G:\pynthon\Lib\unittest\signals.py first seen with mtime 1707248442.0
File G:\project1\LigaPay\LigaPay\venv\Lib\site-packages\attr\setters.py first seen with mtime 1732115536.2990124
File G:\project1\LigaPay\LigaPay\venv\Lib\site-packages\debug_toolbar\decorators.py first seen with mtime 1736963109.389283
File G:\pynthon\DLLs\_ctypes.pyd first seen with mtime 1707248490.0
File G:\project1\LigaPay\LigaPay\venv\Lib\site-packages\django\db\migrations\operations\models.py first seen with mtime 1726590946.6453648
File G:\project1\LigaPay\LigaPay\venv\Lib\site-packages\amqp\abstract_channel.py first seen with mtime 1732641435.436846
File G:\project1\LigaPay\LigaPay\venv\Lib\site-packages\celery\app\registry.py first seen with mtime 1732641437.2328475
File G:\project1\LigaPay\LigaPay\venv\Lib\site-packages\redis\asyncio\client.py first seen with mtime 1732644628.1517518
File G:\project1\LigaPay\LigaPay\orders\views.py first seen with mtime 1741109558.531039
File G:\project1\LigaPay\LigaPay\venv\Lib\site-packages\captcha\fields.py first seen with mtime 1728586654.9512987
File G:\project1\LigaPay\LigaPay\venv\Lib\site-packages\celery\utils\threads.py first seen with mtime 1732641437.290847
File G:\project1\LigaPay\LigaPay\venv\Lib\site-packages\django\core\files\utils.py first seen with mtime 1726590946.5903642
File G:\pynthon\Lib\getpass.py first seen with mtime 1707248442.0
File G:\project1\LigaPay\LigaPay\venv\Lib\site-packages\django\contrib\admin\templatetags\admin_modify.py first seen with mtime 1726590944.8952303
File G:\project1\LigaPay\LigaPay\users\forms.py first seen with mtime 1739960187.831464
File G:\pynthon\Lib\importlib\metadata\_text.py first seen with mtime 1707248442.0
File G:\pynthon\Lib\pstats.py first seen with mtime 1707248442.0
File G:\project1\LigaPay\LigaPay\venv\Lib\site-packages\sqlparse\engine\filter_stack.py first seen with mtime 1726590942.5678573
File G:\pynthon\Lib\http\cookies.py first seen with mtime 1707248442.0
File G:\project1\LigaPay\LigaPay\venv\Lib\site-packages\django\db\backends\postgresql\psycopg_any.py first seen with mtime 1726590946.6333644
File G:\project1\LigaPay\LigaPay\venv\Lib\site-packages\django_filters\filterset.py first seen with mtime 1737573152.0082393
File G:\project1\LigaPay\LigaPay\venv\Lib\site-packages\debug_toolbar\urls.py first seen with mtime 1736963109.3912811
File G:\pynthon\Lib\email\mime\__init__.py first seen with mtime 1707248442.0
File G:\project1\LigaPay\LigaPay\venv\Lib\site-packages\widget_tweaks\models.py first seen with mtime 1728650047.8344114
File G:\pynthon\Lib\bz2.py first seen with mtime 1707248442.0
File G:\project1\LigaPay\LigaPay\venv\Lib\site-packages\django\middleware\gzip.py first seen with mtime 1726590946.7033658
File G:\pynthon\Lib\importlib\metadata\_meta.py first seen with mtime 1707248442.0
File G:\project1\LigaPay\LigaPay\venv\Lib\site-packages\django\contrib\admin\helpers.py first seen with mtime 1726590944.6232297
File G:\project1\LigaPay\LigaPay\venv\Lib\site-packages\django\db\backends\postgresql\__init__.py first seen with mtime 1726590946.6293645
File G:\project1\LigaPay\LigaPay\venv\Lib\site-packages\django\contrib\messages\constants.py first seen with mtime 1726590946.1233644
File G:\project1\LigaPay\LigaPay\venv\Lib\site-packages\attr\__init__.py first seen with mtime 1732115536.290012
File G:\project1\LigaPay\LigaPay\venv\Lib\site-packages\django\db\models\enums.py first seen with mtime 1726590946.6493657
File G:\project1\LigaPay\LigaPay\venv\Lib\site-packages\django\core\mail\message.py first seen with mtime 1726590946.5943632
File G:\project1\LigaPay\LigaPay\venv\Lib\site-packages\django\db\models\fields\__init__.py first seen with mtime 1726590946.6543634
File G:\pynthon\Lib\subprocess.py first seen with mtime 1707248442.0
File G:\project1\LigaPay\LigaPay\venv\Lib\site-packages\django\db\models\fields\related_descriptors.py first seen with mtime 1726590946.6573634
File G:\project1\LigaPay\LigaPay\venv\Lib\site-packages\django\db\models\query_utils.py first seen with mtime 1726590946.652364
File G:\project1\LigaPay\LigaPay\venv\Lib\site-packages\django\db\backends\base\client.py first seen with mtime 1726590946.6173651
File G:\project1\LigaPay\LigaPay\venv\Lib\site-packages\django\http\response.py first seen with mtime 1726590946.7013667
File G:\project1\LigaPay\LigaPay\venv\Lib\site-packages\django\contrib\sessions\base_session.py first seen with mtime 1726590946.357364
File G:\project1\LigaPay\LigaPay\manage.py first seen with mtime 1736963922.268093
File G:\project1\LigaPay\LigaPay\venv\Lib\site-packages\django\contrib\auth\admin.py first seen with mtime 1726590944.9942315
File G:\project1\LigaPay\LigaPay\venv\Lib\site-packages\cron_descriptor\DescriptionTypeEnum.py first seen with mtime 1732641431.7558434
File G:\project1\LigaPay\LigaPay\venv\Lib\site-packages\cron_descriptor\GetText.py first seen with mtime 1732641431.7568438
File G:\project1\LigaPay\LigaPay\venv\Lib\site-packages\django\contrib\messages\apps.py first seen with mtime 1726590946.1233644
File G:\project1\LigaPay\LigaPay\venv\Lib\site-packages\django\db\backends\base\creation.py first seen with mtime 1726590946.6173651
File G:\project1\LigaPay\LigaPay\venv\Lib\site-packages\django\templatetags\cache.py first seen with mtime 1726590946.7143629
File G:\pynthon\Lib\asyncio\base_events.py first seen with mtime 1707248442.0
File G:\project1\LigaPay\LigaPay\venv\Lib\site-packages\debug_toolbar\toolbar.py first seen with mtime 1736963109.3912811
File G:\pynthon\Lib\colorsys.py first seen with mtime 1707248442.0
File G:\project1\LigaPay\LigaPay\venv\Lib\site-packages\kombu\utils\encoding.py first seen with mtime 1732641435.8088465
File G:\project1\LigaPay\LigaPay\venv\Lib\site-packages\sqlparse\filters\right_margin.py first seen with mtime 1726590942.5708568
File G:\project1\LigaPay\LigaPay\venv\Lib\site-packages\captcha\views.py first seen with mtime 1728586654.9533007
File G:\project1\LigaPay\LigaPay\venv\Lib\site-packages\kombu\utils\objects.py first seen with mtime 1732641435.8118482
File G:\project1\LigaPay\LigaPay\news\apps.py first seen with mtime 1732124309.213293
File G:\project1\LigaPay\LigaPay\venv\Lib\site-packages\django\core\signing.py first seen with mtime 1726590946.5763648
File G:\project1\LigaPay\LigaPay\venv\Lib\site-packages\django\contrib\staticfiles\management\__init__.py first seen with mtime 1726590946.5713649
File G:\project1\LigaPay\LigaPay\venv\Lib\site-packages\django\contrib\sessions\backends\base.py first seen with mtime 1726590946.3733659
File G:\pynthon\Lib\importlib\__init__.py first seen with mtime 1707248442.0
File G:\project1\LigaPay\LigaPay\venv\Lib\site-packages\tzdata\zoneinfo\America\North_Dakota\__init__.py first seen with mtime 1726590942.3358567
File G:\project1\LigaPay\LigaPay\venv\Lib\site-packages\django\db\backends\base\schema.py first seen with mtime 1726590946.6193645
File G:\project1\LigaPay\LigaPay\venv\Lib\site-packages\colorama\initialise.py first seen with mtime 1732641433.8298454
File G:\project1\LigaPay\LigaPay\venv\Lib\site-packages\django\core\__init__.py first seen with mtime 1726590946.5743635
File G:\project1\LigaPay\LigaPay\venv\Lib\site-packages\django_filters\widgets.py first seen with mtime 1737573152.009884
File G:\project1\LigaPay\LigaPay\venv\Lib\site-packages\django\http\multipartparser.py first seen with mtime 1726590946.7003658
File G:\project1\LigaPay\LigaPay\venv\Lib\site-packages\django\db\models\functions\__init__.py first seen with mtime 1726590946.658366
File G:\pynthon\Lib\asyncio\subprocess.py first seen with mtime 1707248442.0
File G:\project1\LigaPay\LigaPay\venv\Lib\site-packages\django\db\backends\ddl_references.py first seen with mtime 1726590946.615365
File G:\project1\LigaPay\LigaPay\main\apps.py first seen with mtime 1726687386.9003549
File G:\project1\LigaPay\LigaPay\venv\Lib\site-packages\debug_toolbar\panels\sql\utils.py first seen with mtime 1736963109.4349527
File G:\project1\LigaPay\LigaPay\venv\Lib\site-packages\dateutil\tz\__init__.py first seen with mtime 1732641434.717846
File G:\project1\LigaPay\LigaPay\venv\Lib\site-packages\asgiref\__init__.py first seen with mtime 1726590944.253859
File G:\project1\LigaPay\LigaPay\venv\Lib\site-packages\django\db\models\fields\related.py first seen with mtime 1726590946.6563647
File G:\project1\LigaPay\LigaPay\venv\Lib\site-packages\django\forms\widgets.py first seen with mtime 1726590946.6693642
File G:\project1\LigaPay\LigaPay\wallet\urls.py first seen with mtime 1740503372.8625188
File G:\project1\LigaPay\LigaPay\venv\Lib\site-packages\django\db\backends\postgresql\features.py first seen with mtime 1726590946.6313658
File G:\project1\LigaPay\LigaPay\venv\Lib\site-packages\django\template\utils.py first seen with mtime 1726590946.7093637
File G:\project1\LigaPay\LigaPay\users\admin.py first seen with mtime 1740133733.3898263
File G:\pynthon\Lib\traceback.py first seen with mtime 1707248442.0
File G:\project1\LigaPay\LigaPay\venv\Lib\site-packages\cron_descriptor\StringBuilder.py first seen with mtime 1732641431.7578433
File G:\project1\LigaPay\LigaPay\venv\Lib\site-packages\django\core\checks\async_checks.py first seen with mtime 1726590946.5823636
File G:\project1\LigaPay\LigaPay\venv\Lib\site-packages\django\forms\renderers.py first seen with mtime 1726590946.6683636
File G:\project1\LigaPay\LigaPay\venv\Lib\site-packages\django\contrib\contenttypes\apps.py first seen with mtime 1726590945.1252298
File G:\project1\LigaPay\LigaPay\venv\Lib\site-packages\django_redis\exceptions.py first seen with mtime 1732644629.079895
File G:\project1\LigaPay\LigaPay\venv\Lib\site-packages\click\termui.py first seen with mtime 1732641435.1628494
File G:\project1\LigaPay\LigaPay\venv\Lib\site-packages\attr\converters.py first seen with mtime 1732115536.2960126
File G:\project1\LigaPay\LigaPay\venv\Lib\site-packages\django\db\models\sql\constants.py first seen with mtime 1726590946.662363
File G:\project1\LigaPay\LigaPay\venv\Lib\site-packages\django_redis\__init__.py first seen with mtime 1732644629.0778952
File G:\project1\LigaPay\LigaPay\venv\Lib\site-packages\celery\utils\time.py first seen with mtime 1732641437.290847
File G:\project1\LigaPay\LigaPay\venv\Lib\site-packages\timezone_field\backends\zoneinfo.py first seen with mtime 1732641434.981846
File G:\project1\LigaPay\LigaPay\venv\Lib\site-packages\attr\_funcs.py first seen with mtime 1732115536.293028
File G:\pynthon\Lib\multiprocessing\__init__.py first seen with mtime 1707248442.0
File G:\pynthon\Lib\json\encoder.py first seen with mtime 1707248442.0
File G:\project1\LigaPay\LigaPay\venv\Lib\site-packages\django\contrib\staticfiles\handlers.py first seen with mtime 1726590946.5693653
File G:\project1\LigaPay\LigaPay\venv\Lib\site-packages\dotenv\__init__.py first seen with mtime 1726590943.5131426
File G:\project1\LigaPay\LigaPay\venv\Lib\site-packages\django\core\files\move.py first seen with mtime 1726590946.588364
File G:\project1\LigaPay\LigaPay\venv\Lib\site-packages\django\utils\timezone.py first seen with mtime 1726590946.735366
File G:\project1\LigaPay\LigaPay\venv\Lib\site-packages\redis\_parsers\__init__.py first seen with mtime 1732644628.1469846
File G:\pynthon\Lib\csv.py first seen with mtime 1707248442.0
File G:\project1\LigaPay\LigaPay\products\apps.py first seen with mtime 1733158547.720054
File G:\project1\LigaPay\LigaPay\venv\Lib\site-packages\psycopg2\_range.py first seen with mtime 1726590943.6751423
File G:\project1\LigaPay\LigaPay\venv\Lib\site-packages\django\contrib\__init__.py first seen with mtime 1726590944.6202312
File G:\project1\LigaPay\LigaPay\venv\Lib\site-packages\click\core.py first seen with mtime 1732641435.1588466
File G:\project1\LigaPay\LigaPay\venv\Lib\site-packages\django\utils\inspect.py first seen with mtime 1726590946.730365
File G:\project1\LigaPay\LigaPay\venv\Lib\site-packages\django_redis\client\__init__.py first seen with mtime 1732644629.0818954
File G:\project1\LigaPay\LigaPay\venv\Lib\site-packages\django\http\request.py first seen with mtime 1726590946.7013667
File G:\pynthon\Lib\http\client.py first seen with mtime 1707248442.0
File G:\project1\LigaPay\LigaPay\venv\Lib\site-packages\django\utils\_os.py first seen with mtime 1726590946.7223642
File G:\project1\LigaPay\LigaPay\venv\Lib\site-packages\django\utils\timesince.py first seen with mtime 1726590946.7343645
File G:\project1\LigaPay\LigaPay\venv\Lib\site-packages\sqlparse\filters\__init__.py first seen with mtime 1726590942.5698705
File G:\project1\LigaPay\LigaPay\venv\Lib\site-packages\django\contrib\auth\__init__.py first seen with mtime 1726590944.9932318
File G:\project1\LigaPay\LigaPay\venv\Lib\site-packages\amqp\utils.py first seen with mtime 1732641435.4428475
File G:\pynthon\DLLs\_overlapped.pyd first seen with mtime 1707248490.0
File G:\project1\LigaPay\LigaPay\venv\Lib\site-packages\timezone_field\forms.py first seen with mtime 1732641434.9828458
File G:\project1\LigaPay\LigaPay\venv\Lib\site-packages\django\db\__init__.py first seen with mtime 1726590946.6133647
File G:\pynthon\Lib\concurrent\__init__.py first seen with mtime 1707248442.0
File G:\project1\LigaPay\LigaPay\venv\Lib\site-packages\widget_tweaks\templatetags\widget_tweaks.py first seen with mtime 1728650047.8354118
File G:\project1\LigaPay\LigaPay\venv\Lib\site-packages\attr\_make.py first seen with mtime 1732115536.2940128
File G:\project1\LigaPay\LigaPay\venv\Lib\site-packages\django\core\cache\backends\filebased.py first seen with mtime 1726590946.580365
File G:\project1\LigaPay\LigaPay\venv\Lib\site-packages\django\utils\autoreload.py first seen with mtime 1726590946.7233653
File G:\pynthon\Lib\asyncio\windows_utils.py first seen with mtime 1707248442.0
File G:\project1\LigaPay\LigaPay\venv\Lib\site-packages\django\contrib\admin\__init__.py first seen with mtime 1726590944.621231
File G:\project1\LigaPay\LigaPay\venv\Lib\site-packages\django\contrib\admin\options.py first seen with mtime 1726590944.6252308
File G:\project1\LigaPay\LigaPay\venv\Lib\site-packages\django\contrib\staticfiles\management\commands\__init__.py first seen with mtime 1726590946.572364
File G:\pynthon\Lib\xml\__init__.py first seen with mtime 1707248442.0
File G:\project1\LigaPay\LigaPay\venv\Lib\site-packages\_distutils_hack\__init__.py first seen with mtime 1726590903.3481083
File G:\project1\LigaPay\LigaPay\venv\Lib\site-packages\kombu\abstract.py first seen with mtime 1732641435.7798457
File G:\project1\LigaPay\LigaPay\users\middleware.py first seen with mtime 1739789815.9731033
File G:\pynthon\Lib\ctypes\__init__.py first seen with mtime 1707248442.0
File G:\project1\LigaPay\LigaPay\venv\Lib\site-packages\django\utils\termcolors.py first seen with mtime 1726590946.733364
File G:\pynthon\Lib\re\_parser.py first seen with mtime 1707248442.0
File G:\project1\LigaPay\LigaPay\venv\Lib\site-packages\kombu\clocks.py first seen with mtime 1732641435.7798457
File G:\pynthon\Lib\importlib\abc.py first seen with mtime 1707248442.0
File G:\project1\LigaPay\LigaPay\venv\Lib\site-packages\django\template\library.py first seen with mtime 1726590946.7083652
File G:\project1\LigaPay\LigaPay\venv\Lib\site-packages\django_celery_beat\utils.py first seen with mtime 1732641439.7538648
File G:\project1\LigaPay\LigaPay\news\urls.py first seen with mtime 1733238988.629807
File G:\project1\LigaPay\LigaPay\venv\Lib\site-packages\attr\filters.py first seen with mtime 1732115536.2980144
File G:\project1\LigaPay\LigaPay\venv\Lib\site-packages\debug_toolbar\panels\history\panel.py first seen with mtime 1736963109.4322832
File G:\project1\LigaPay\LigaPay\venv\Lib\site-packages\django\contrib\sessions\middleware.py first seen with mtime 1726590946.3583648
File G:\project1\LigaPay\LigaPay\venv\Lib\site-packages\amqp\method_framing.py first seen with mtime 1732641435.4398456
File G:\project1\LigaPay\LigaPay\venv\Lib\site-packages\dateutil\tz\win.py first seen with mtime 1732641434.7198615
File G:\project1\LigaPay\LigaPay\venv\Lib\site-packages\django\core\serializers\json.py first seen with mtime 1726590946.6113646
File G:\pynthon\Lib\multiprocessing\util.py first seen with mtime 1707248442.0
File G:\project1\LigaPay\LigaPay\venv\Lib\site-packages\django\test\client.py first seen with mtime 1726590946.7163641
File G:\pynthon\Lib\email\_encoded_words.py first seen with mtime 1707248442.0
File G:\project1\LigaPay\LigaPay\venv\Lib\site-packages\celery\utils\abstract.py first seen with mtime 1732641437.2838466
File G:\pynthon\Lib\html\entities.py first seen with mtime 1707248442.0
File G:\project1\LigaPay\LigaPay\venv\Lib\site-packages\django\templatetags\l10n.py first seen with mtime 1726590946.7143629
File G:\project1\LigaPay\LigaPay\venv\Lib\site-packages\django\utils\deconstruct.py first seen with mtime 1726590946.7263658
File G:\project1\LigaPay\LigaPay\main\urls.py first seen with mtime 1733053025.8868248
File G:\project1\LigaPay\LigaPay\venv\Lib\site-packages\psycopg2\_psycopg.cp311-win_amd64.pyd first seen with mtime 1726590943.6751423
File G:\project1\LigaPay\LigaPay\venv\Lib\site-packages\django\apps\registry.py first seen with mtime 1726590944.4427235
File G:\project1\LigaPay\LigaPay\venv\Lib\site-packages\six.py first seen with mtime 1732641432.0538437
File G:\pynthon\Lib\__future__.py first seen with mtime 1707248442.0
File G:\project1\LigaPay\LigaPay\venv\Lib\site-packages\django\db\models\sql\subqueries.py first seen with mtime 1726590946.663364
File G:\project1\LigaPay\LigaPay\venv\Lib\site-packages\django\contrib\sessions\exceptions.py first seen with mtime 1726590946.3583648
File G:\project1\LigaPay\LigaPay\venv\Lib\site-packages\django\views\defaults.py first seen with mtime 1726590946.7393646
File G:\project1\LigaPay\LigaPay\venv\Lib\site-packages\kombu\compression.py first seen with mtime 1732641435.7808454
File G:\pynthon\Lib\quopri.py first seen with mtime 1707248442.0
File G:\pynthon\Lib\inspect.py first seen with mtime 1707248442.0
File G:\project1\LigaPay\LigaPay\venv\Lib\site-packages\debug_toolbar\__init__.py first seen with mtime 1736963109.38025
File G:\project1\LigaPay\LigaPay\venv\Lib\site-packages\django\utils\dateformat.py first seen with mtime 1726590946.725366
File G:\pynthon\Lib\shlex.py first seen with mtime 1707248442.0
File G:\pynthon\Lib\email\headerregistry.py first seen with mtime 1707248442.0
File G:\pynthon\Lib\xml\dom\NodeFilter.py first seen with mtime 1707248442.0
File G:\project1\LigaPay\LigaPay\venv\Lib\site-packages\django\views\static.py first seen with mtime 1726590946.7393646
File G:\project1\LigaPay\LigaPay\venv\Lib\site-packages\django\template\loaders\base.py first seen with mtime 1726590946.7123654
File G:\project1\LigaPay\LigaPay\venv\Lib\site-packages\colorama\__init__.py first seen with mtime 1732641433.8288462
File G:\project1\LigaPay\LigaPay\venv\Lib\site-packages\kombu\common.py first seen with mtime 1732641435.7808454
File G:\project1\LigaPay\LigaPay\products\forms.py first seen with mtime 1741023352.2436764
File G:\pynthon\Lib\asyncio\base_tasks.py first seen with mtime 1707248442.0
File G:\pynthon\Lib\zoneinfo\_common.py first seen with mtime 1707248442.0
File G:\project1\LigaPay\LigaPay\venv\Lib\site-packages\django\utils\decorators.py first seen with mtime 1726590946.7263658
File G:\pynthon\Lib\json\__init__.py first seen with mtime 1707248442.0
File G:\project1\LigaPay\LigaPay\venv\Lib\site-packages\django\utils\deprecation.py first seen with mtime 1726590946.7273657
File G:\project1\LigaPay\LigaPay\products\urls.py first seen with mtime 1739792217.820119
File G:\pynthon\Lib\xml\dom\xmlbuilder.py first seen with mtime 1707248442.0
File G:\project1\LigaPay\LigaPay\venv\Lib\site-packages\django\core\checks\compatibility\__init__.py first seen with mtime 1726590946.5853646
File G:\pynthon\Lib\html\__init__.py first seen with mtime 1707248442.0
File G:\pynthon\Lib\_weakrefset.py first seen with mtime 1707248442.0
File G:\project1\LigaPay\LigaPay\venv\Lib\site-packages\django\views\generic\detail.py first seen with mtime 1726590946.7453637
File G:\project1\LigaPay\LigaPay\venv\Lib\site-packages\timezone_field\backends\base.py first seen with mtime 1732641434.980846
File G:\project1\LigaPay\LigaPay\venv\Lib\site-packages\django\utils\translation\__init__.py first seen with mtime 1726590946.736364
File G:\project1\LigaPay\LigaPay\venv\Lib\site-packages\django\views\__init__.py first seen with mtime 1726590946.7383633
File G:\project1\LigaPay\LigaPay\venv\Lib\site-packages\tzdata\zoneinfo\Indian\__init__.py first seen with mtime 1726590942.4298565
File G:\pynthon\Lib\unittest\case.py first seen with mtime 1707248442.0
File G:\pynthon\Lib\difflib.py first seen with mtime 1707248442.0
File G:\project1\LigaPay\LigaPay\venv\Lib\site-packages\debug_toolbar\panels\request.py first seen with mtime 1736963109.4282813
File G:\project1\LigaPay\LigaPay\venv\Lib\site-packages\celery\utils\functional.py first seen with mtime 1732641437.285848
File G:\pynthon\Lib\collections\abc.py first seen with mtime 1707248442.0
File G:\pynthon\DLLs\_decimal.pyd first seen with mtime 1707248490.0
File G:\project1\LigaPay\LigaPay\venv\Lib\site-packages\django\contrib\staticfiles\apps.py first seen with mtime 1726590946.5683634
File G:\project1\LigaPay\LigaPay\venv\Lib\site-packages\django\core\serializers\python.py first seen with mtime 1726590946.6113646
File G:\pynthon\Lib\encodings\utf_8.py first seen with mtime 1707248442.0
File G:\project1\LigaPay\LigaPay\venv\Lib\site-packages\PIL\ExifTags.py first seen with mtime 1727118445.779822
File G:\project1\LigaPay\LigaPay\venv\Lib\site-packages\django_filters\__init__.py first seen with mtime 1737573152.0051117
File G:\project1\LigaPay\LigaPay\venv\Lib\site-packages\django\http\cookie.py first seen with mtime 1726590946.7003658
File G:\pynthon\Lib\asyncio\constants.py first seen with mtime 1707248442.0
File G:\project1\LigaPay\LigaPay\venv\Lib\site-packages\django_celery_beat\validators.py first seen with mtime 1732641439.7548494
File G:\project1\LigaPay\LigaPay\venv\Lib\site-packages\tzdata\zoneinfo\__init__.py first seen with mtime 1726590942.2578568
File G:\pynthon\Lib\shutil.py first seen with mtime 1707248442.0
File G:\pynthon\Lib\tkinter\simpledialog.py first seen with mtime 1707248442.0
File G:\pynthon\Lib\cProfile.py first seen with mtime 1707248442.0
File G:\project1\LigaPay\LigaPay\venv\Lib\site-packages\django\forms\__init__.py first seen with mtime 1726590946.6653643
File G:\project1\LigaPay\LigaPay\venv\Lib\site-packages\django\views\decorators\__init__.py first seen with mtime 1726590946.7403634
File G:\project1\LigaPay\LigaPay\venv\Lib\site-packages\django\contrib\auth\checks.py first seen with mtime 1726590944.9952314
File G:\project1\LigaPay\LigaPay\venv\Lib\site-packages\debug_toolbar\templatetags\__init__.py first seen with mtime 1736963109.4519534
File G:\project1\LigaPay\LigaPay\venv\Lib\site-packages\billiard\context.py first seen with mtime 1732641434.1568482
File G:\project1\LigaPay\LigaPay\venv\Lib\site-packages\celery\exceptions.py first seen with mtime 1732641437.2248454
File G:\project1\LigaPay\LigaPay\venv\Lib\site-packages\django\template\backends\base.py first seen with mtime 1726590946.7103634
File G:\project1\LigaPay\LigaPay\wallet\__init__.py first seen with mtime 1740130259.818463
File G:\pynthon\Lib\email\mime\nonmultipart.py first seen with mtime 1707248442.0
File G:\project1\LigaPay\LigaPay\venv\Lib\site-packages\django\core\servers\__init__.py first seen with mtime 1726590946.6133647
File G:\project1\LigaPay\LigaPay\venv\Lib\site-packages\PIL\_binary.py first seen with mtime 1727118445.8340197
File G:\project1\LigaPay\LigaPay\venv\Lib\site-packages\sqlparse\filters\output.py first seen with mtime 1726590942.5708568
File G:\project1\LigaPay\LigaPay\venv\Lib\site-packages\django\utils\text.py first seen with mtime 1726590946.7343645
File G:\project1\LigaPay\LigaPay\venv\Lib\site-packages\django\core\mail\__init__.py first seen with mtime 1726590946.5943632
File G:\pynthon\Lib\wsgiref\handlers.py first seen with mtime 1707248442.0
File G:\pynthon\Lib\email\quoprimime.py first seen with mtime 1707248442.0
File G:\pynthon\Lib\asyncio\coroutines.py first seen with mtime 1707248442.0
File G:\project1\LigaPay\LigaPay\venv\Lib\site-packages\PIL\_deprecate.py first seen with mtime 1727118445.8350198
File G:\project1\LigaPay\LigaPay\venv\Lib\site-packages\dateutil\tz\_factories.py first seen with mtime 1732641434.7188468
File G:\pynthon\Lib\copy.py first seen with mtime 1707248442.0
File G:\project1\LigaPay\LigaPay\venv\Lib\site-packages\django\contrib\admin\filters.py first seen with mtime 1726590944.6232297
File G:\project1\LigaPay\LigaPay\venv\Lib\site-packages\celery\app\utils.py first seen with mtime 1732641437.234846
File G:\project1\LigaPay\LigaPay\venv\Lib\site-packages\amqp\transport.py first seen with mtime 1732641435.4428475
File G:\project1\LigaPay\LigaPay\venv\Lib\site-packages\django\utils\connection.py first seen with mtime 1726590946.7243655
File G:\pynthon\Lib\encodings\cp1251.py first seen with mtime 1707248442.0
File G:\project1\LigaPay\LigaPay\venv\Lib\site-packages\captcha\conf\__init__.py first seen with mtime 1728586654.9533007
File G:\project1\LigaPay\LigaPay\venv\Lib\site-packages\django\contrib\admin\templatetags\__init__.py first seen with mtime 1726590944.8942304
File G:\project1\LigaPay\LigaPay\main\admin.py first seen with mtime 1726687386.8993547
File G:\project1\LigaPay\LigaPay\venv\Lib\site-packages\kombu\utils\div.py first seen with mtime 1732641435.8078468
File G:\project1\LigaPay\LigaPay\venv\Lib\site-packages\psycopg2\_ipaddress.py first seen with mtime 1726590943.662142
File G:\project1\LigaPay\LigaPay\venv\Lib\site-packages\django\db\models\indexes.py first seen with mtime 1726590946.6503654
File G:\project1\LigaPay\LigaPay\venv\Lib\site-packages\django\contrib\auth\views.py first seen with mtime 1728647848.44994
File G:\project1\LigaPay\LigaPay\venv\Lib\site-packages\sqlparse\__init__.py first seen with mtime 1726590942.562857
File G:\project1\LigaPay\LigaPay\venv\Lib\site-packages\sqlparse\keywords.py first seen with mtime 1726590942.5658586
File G:\pynthon\Lib\email\mime\base.py first seen with mtime 1707248442.0
File G:\pynthon\Lib\fnmatch.py first seen with mtime 1707248442.0
File G:\project1\LigaPay\LigaPay\venv\Lib\site-packages\django\utils\http.py first seen with mtime 1726590946.730365
File G:\project1\LigaPay\LigaPay\venv\Lib\site-packages\kombu\serialization.py first seen with mtime 1732641435.7868454
File G:\project1\LigaPay\LigaPay\venv\Lib\site-packages\tzdata\zoneinfo\Atlantic\__init__.py first seen with mtime 1726590942.3808563
File G:\project1\LigaPay\LigaPay\venv\Lib\site-packages\django\contrib\contenttypes\admin.py first seen with mtime 1726590945.1242316
File G:\project1\LigaPay\LigaPay\venv\Lib\site-packages\debug_toolbar\panels\history\views.py first seen with mtime 1736963109.43344
File G:\project1\LigaPay\LigaPay\venv\Lib\site-packages\django\core\checks\files.py first seen with mtime 1726590946.5833635
File G:\project1\LigaPay\LigaPay\venv\Lib\site-packages\amqp\serialization.py first seen with mtime 1732641435.4418466
File G:\pynthon\Lib\contextvars.py first seen with mtime 1707248442.0
File G:\pynthon\Lib\importlib\resources\_legacy.py first seen with mtime 1707248442.0
File G:\project1\LigaPay\LigaPay\venv\Lib\site-packages\django\db\backends\postgresql\base.py first seen with mtime 1726590946.6303644
File G:\project1\LigaPay\LigaPay\venv\Lib\site-packages\sqlparse\cli.py first seen with mtime 1726590942.5638576
File G:\pynthon\Lib\hmac.py first seen with mtime 1707248442.0
File G:\pynthon\Lib\encodings\aliases.py first seen with mtime 1707248442.0
File G:\project1\LigaPay\LigaPay\venv\Lib\site-packages\django\db\models\functions\datetime.py first seen with mtime 1726590946.659363
File G:\project1\LigaPay\LigaPay\venv\Lib\site-packages\django\core\management\base.py first seen with mtime 1726590946.5993676
File G:\project1\LigaPay\LigaPay\venv\Lib\site-packages\cron_descriptor\CasingTypeEnum.py first seen with mtime 1732641431.7548437
File G:\project1\LigaPay\LigaPay\venv\Lib\site-packages\django\db\migrations\migration.py first seen with mtime 1726590946.641366
File G:\pynthon\Lib\warnings.py first seen with mtime 1707248442.0
File G:\project1\LigaPay\LigaPay\venv\Lib\site-packages\tzdata\zoneinfo\Etc\__init__.py first seen with mtime 1726590942.4048564
File G:\project1\LigaPay\LigaPay\venv\Lib\site-packages\django\urls\exceptions.py first seen with mtime 1726590946.7203646
File G:\project1\LigaPay\LigaPay\venv\Lib\site-packages\cron_descriptor\ExpressionDescriptor.py first seen with mtime 1732641431.7558434
File G:\pynthon\DLLs\_lzma.pyd first seen with mtime 1707248490.0
File G:\project1\LigaPay\LigaPay\venv\Lib\site-packages\django\db\models\utils.py first seen with mtime 1726590946.653365
File G:\project1\LigaPay\LigaPay\products\admin.py first seen with mtime 1740513382.888477
File G:\project1\LigaPay\LigaPay\venv\Lib\site-packages\colorama\win32.py first seen with mtime 1732641433.8308463
File G:\project1\LigaPay\LigaPay\venv\Lib\site-packages\django\utils\asyncio.py first seen with mtime 1726590946.7223642
File G:\pynthon\Lib\email\message.py first seen with mtime 1707248442.0
File G:\project1\LigaPay\LigaPay\venv\Lib\site-packages\click\exceptions.py first seen with mtime 1732641435.1598487
File G:\pynthon\Lib\email\utils.py first seen with mtime 1707248442.0
File G:\project1\LigaPay\LigaPay\venv\Lib\site-packages\django\contrib\admin\widgets.py first seen with mtime 1726590944.6262307
File G:\project1\LigaPay\LigaPay\venv\Lib\site-packages\django\db\migrations\state.py first seen with mtime 1726590946.643365
File G:\pynthon\Lib\asyncio\proactor_events.py first seen with mtime 1707248442.0
File G:\project1\LigaPay\LigaPay\venv\Lib\site-packages\celery\utils\serialization.py first seen with mtime 1732641437.2888482
File G:\project1\LigaPay\LigaPay\venv\Lib\site-packages\django\db\migrations\exceptions.py first seen with mtime 1726590946.6393642
File G:\pynthon\Lib\ctypes\wintypes.py first seen with mtime 1707248442.0
File G:\project1\LigaPay\LigaPay\venv\Lib\site-packages\django_filters\fields.py first seen with mtime 1737573152.007202
File G:\project1\LigaPay\LigaPay\venv\Lib\site-packages\django\contrib\messages\__init__.py first seen with mtime 1726590946.1223643
File G:\pynthon\Lib\types.py first seen with mtime 1707248442.0
File G:\pynthon\Lib\wsgiref\__init__.py first seen with mtime 1707248442.0
File G:\pynthon\Lib\zoneinfo\_tzpath.py first seen with mtime 1707248442.0
File G:\project1\LigaPay\LigaPay\venv\Lib\site-packages\asgiref\local.py first seen with mtime 1726590944.2548585
File G:\pynthon\DLLs\_ssl.pyd first seen with mtime 1707248490.0
File G:\project1\LigaPay\LigaPay\venv\Lib\site-packages\celery\utils\dispatch\__init__.py first seen with mtime 1732641437.2918463
File G:\project1\LigaPay\LigaPay\venv\Lib\site-packages\django\core\handlers\exception.py first seen with mtime 1726590946.593363
File G:\project1\LigaPay\LigaPay\venv\Lib\site-packages\django\forms\fields.py first seen with mtime 1726590946.6663651
File G:\pynthon\Lib\threading.py first seen with mtime 1707248442.0
File G:\project1\LigaPay\LigaPay\venv\Lib\site-packages\django\template\defaulttags.py first seen with mtime 1726590946.7073653
File G:\project1\LigaPay\LigaPay\venv\Lib\site-packages\debug_toolbar\panels\redirects.py first seen with mtime 1736963109.4262812
File G:\project1\LigaPay\LigaPay\venv\Lib\site-packages\amqp\channel.py first seen with mtime 1732641435.437847
File G:\project1\LigaPay\LigaPay\venv\Lib\site-packages\celery\utils\imports.py first seen with mtime 1732641437.2868476
File G:\pynthon\Lib\email\charset.py first seen with mtime 1707248442.0
File G:\project1\LigaPay\LigaPay\venv\Lib\site-packages\django\views\generic\dates.py first seen with mtime 1726590946.744364
File G:\pynthon\DLLs\_queue.pyd first seen with mtime 1707248488.0
File G:\project1\LigaPay\LigaPay\venv\Lib\site-packages\PIL\ImageDraw.py first seen with mtime 1727118445.8052523
File G:\project1\LigaPay\LigaPay\venv\Lib\site-packages\django\core\files\uploadedfile.py first seen with mtime 1726590946.589363
File G:\project1\LigaPay\LigaPay\venv\Lib\site-packages\django\test\utils.py first seen with mtime 1726590946.718364
File G:\project1\LigaPay\LigaPay\venv\Lib\site-packages\django_redis\cache.py first seen with mtime 1732644629.0788956
File G:\pynthon\Lib\importlib\metadata\_collections.py first seen with mtime 1707248442.0
File G:\project1\LigaPay\LigaPay\venv\Lib\site-packages\amqp\basic_message.py first seen with mtime 1732641435.437847
File G:\project1\LigaPay\LigaPay\venv\Lib\site-packages\debug_toolbar\panels\alerts.py first seen with mtime 1736963109.424282
File G:\project1\LigaPay\LigaPay\venv\Lib\site-packages\kombu\utils\url.py first seen with mtime 1732641435.8128476
File G:\project1\LigaPay\LigaPay\venv\Lib\site-packages\PIL\ImageFont.py first seen with mtime 1727118445.8083777
File G:\project1\LigaPay\LigaPay\venv\Lib\site-packages\django\db\backends\base\operations.py first seen with mtime 1726590946.6193645
File G:\pynthon\Lib\importlib\resources\_common.py first seen with mtime 1707248442.0
File G:\project1\LigaPay\LigaPay\venv\Lib\site-packages\debug_toolbar\panels\staticfiles.py first seen with mtime 1736963109.430282
File G:\project1\LigaPay\LigaPay\venv\Lib\site-packages\attr\_config.py first seen with mtime 1732115536.2920115
File G:\project1\LigaPay\LigaPay\venv\Lib\site-packages\django\views\decorators\csrf.py first seen with mtime 1726590946.741366
File G:\project1\LigaPay\LigaPay\venv\Lib\site-packages\psycopg2\_json.py first seen with mtime 1726590943.6631422
File G:\project1\LigaPay\LigaPay\venv\Lib\site-packages\django\contrib\staticfiles\finders.py first seen with mtime 1726590946.5693653
File G:\project1\LigaPay\LigaPay\venv\Lib\site-packages\django\core\files\storage\__init__.py first seen with mtime 1726590946.5903642
File G:\project1\LigaPay\LigaPay\venv\Lib\site-packages\django\template\loader.py first seen with mtime 1726590946.7083652
File G:\project1\LigaPay\LigaPay\main\__init__.py first seen with mtime 1726687386.9023545
File G:\project1\LigaPay\LigaPay\venv\Lib\site-packages\django\core\checks\security\__init__.py first seen with mtime 1726590946.5863638
File G:\project1\LigaPay\LigaPay\venv\Lib\site-packages\debug_toolbar\forms.py first seen with mtime 1736963109.389283
File G:\project1\LigaPay\LigaPay\venv\Lib\site-packages\django\core\handlers\asgi.py first seen with mtime 1726590946.5923634
File G:\project1\LigaPay\LigaPay\venv\Lib\site-packages\celery\app\base.py first seen with mtime 1732641437.2298455
File G:\pynthon\Lib\importlib\readers.py first seen with mtime 1707248442.0
File G:\pynthon\Lib\tokenize.py first seen with mtime 1707248442.0
File G:\project1\LigaPay\LigaPay\venv\Lib\site-packages\celery\platforms.py first seen with mtime 1732641437.2258456
File G:\project1\LigaPay\LigaPay\venv\Lib\site-packages\PIL\_util.py first seen with mtime 1727118445.8773806
File G:\project1\LigaPay\LigaPay\venv\Lib\site-packages\django\contrib\messages\storage\base.py first seen with mtime 1726590946.1853638
File G:\pynthon\Lib\asyncio\locks.py first seen with mtime 1707248442.0
File G:\pynthon\Lib\socketserver.py first seen with mtime 1707248442.0
File G:\pynthon\Lib\datetime.py first seen with mtime 1707248442.0
File G:\pynthon\Lib\logging\handlers.py first seen with mtime 1707248442.0
File G:\pynthon\Lib\sysconfig.py first seen with mtime 1707248442.0
File G:\project1\LigaPay\LigaPay\venv\Lib\site-packages\django\utils\dates.py first seen with mtime 1726590946.7263658
File G:\project1\LigaPay\LigaPay\venv\Lib\site-packages\django\urls\converters.py first seen with mtime 1726590946.7203646
File G:\project1\LigaPay\LigaPay\venv\Lib\site-packages\django\contrib\admin\views\autocomplete.py first seen with mtime 1726590944.8962314
File G:\project1\LigaPay\LigaPay\venv\Lib\site-packages\attr\exceptions.py first seen with mtime 1732115536.2970126
File G:\project1\LigaPay\LigaPay\venv\Lib\site-packages\django\contrib\contenttypes\__init__.py first seen with mtime 1726590945.1242316
File G:\project1\LigaPay\LigaPay\venv\Lib\site-packages\django_filters\filters.py first seen with mtime 1737573152.007719
File G:\pynthon\Lib\typing.py first seen with mtime 1707248442.0
File G:\project1\LigaPay\LigaPay\venv\Lib\site-packages\django\db\models\sql\datastructures.py first seen with mtime 1726590946.662363
File G:\project1\LigaPay\LigaPay\venv\Lib\site-packages\django\template\autoreload.py first seen with mtime 1726590946.705366
File G:\project1\LigaPay\LigaPay\venv\Lib\site-packages\django\core\handlers\__init__.py first seen with mtime 1726590946.5923634
File G:\project1\LigaPay\LigaPay\LigaPay\urls.py first seen with mtime 1740508075.6860094
File G:\pynthon\Lib\reprlib.py first seen with mtime 1707248442.0
File G:\pynthon\Lib\_compat_pickle.py first seen with mtime 1707248442.0
File G:\project1\LigaPay\LigaPay\venv\Lib\site-packages\django\middleware\__init__.py first seen with mtime 1726590946.7013667
File G:\project1\LigaPay\LigaPay\venv\Lib\site-packages\django\db\models\fields\mixins.py first seen with mtime 1726590946.6553826
File G:\project1\LigaPay\LigaPay\venv\Lib\site-packages\django\core\files\temp.py first seen with mtime 1726590946.589363
File G:\project1\LigaPay\LigaPay\venv\Lib\site-packages\django_celery_beat\__init__.py first seen with mtime 1732641439.7368588
File G:\project1\LigaPay\LigaPay\venv\Lib\site-packages\billiard\__init__.py first seen with mtime 1732641434.1538463
File G:\project1\LigaPay\LigaPay\venv\Lib\site-packages\django\db\backends\postgresql\client.py first seen with mtime 1726590946.6303644
File G:\pynthon\Lib\ast.py first seen with mtime 1707248442.0
File G:\project1\LigaPay\LigaPay\venv\Lib\site-packages\django\utils\html.py first seen with mtime 1726590946.7293656
File G:\project1\LigaPay\LigaPay\venv\Lib\site-packages\django\db\models\query.py first seen with mtime 1726590946.652364
File G:\project1\LigaPay\LigaPay\venv\Lib\site-packages\PIL\ImageMode.py first seen with mtime 1727118445.8094141
File G:\project1\LigaPay\LigaPay\venv\Lib\site-packages\django\core\files\storage\filesystem.py first seen with mtime 1726590946.5913637
File G:\project1\LigaPay\LigaPay\venv\Lib\site-packages\django\db\models\sql\__init__.py first seen with mtime 1726590946.6613646
File G:\project1\LigaPay\LigaPay\venv\Lib\site-packages\django\core\files\locks.py first seen with mtime 1726590946.588364
File G:\project1\LigaPay\LigaPay\venv\Lib\site-packages\django\views\generic\__init__.py first seen with mtime 1726590946.7433648
File G:\project1\LigaPay\LigaPay\venv\Lib\site-packages\django\contrib\staticfiles\storage.py first seen with mtime 1726590946.5703642
File G:\project1\LigaPay\LigaPay\venv\Lib\site-packages\django\db\models\base.py first seen with mtime 1726590946.6473665
File G:\project1\LigaPay\LigaPay\venv\Lib\site-packages\django\forms\boundfield.py first seen with mtime 1726590946.6663651
File G:\pynthon\Lib\functools.py first seen with mtime 1707248442.0
File G:\pynthon\Lib\glob.py first seen with mtime 1707248442.0
File G:\project1\LigaPay\LigaPay\venv\Lib\site-packages\kombu\transport\__init__.py first seen with mtime 1732641435.7958465
File G:\project1\LigaPay\LigaPay\venv\Lib\site-packages\click\_winconsole.py first seen with mtime 1732641435.1568487
File G:\project1\LigaPay\LigaPay\venv\Lib\site-packages\timezone_field\fields.py first seen with mtime 1732641434.9828458
File G:\pynthon\Lib\importlib\_abc.py first seen with mtime 1707248442.0
File G:\project1\LigaPay\LigaPay\venv\Lib\site-packages\debug_toolbar\panels\__init__.py first seen with mtime 1736963109.424282
File G:\project1\LigaPay\LigaPay\venv\Lib\site-packages\tzdata\zoneinfo\America\Indiana\__init__.py first seen with mtime 1726590942.3338578
File G:\pynthon\Lib\wsgiref\util.py first seen with mtime 1707248442.0
File G:\project1\LigaPay\LigaPay\venv\Lib\site-packages\django\urls\resolvers.py first seen with mtime 1726590946.7203646
File G:\project1\LigaPay\LigaPay\venv\Lib\site-packages\django\contrib\admin\templatetags\log.py first seen with mtime 1726590944.8962314
File G:\project1\LigaPay\LigaPay\venv\Lib\site-packages\django\utils\datastructures.py first seen with mtime 1726590946.725366
File G:\project1\LigaPay\LigaPay\venv\Lib\site-packages\PIL\TiffTags.py first seen with mtime 1727118445.8300192
File G:\project1\LigaPay\LigaPay\venv\Lib\site-packages\sqlparse\engine\statement_splitter.py first seen with mtime 1726590942.5688572
File G:\project1\LigaPay\LigaPay\venv\Lib\site-packages\tzdata\zoneinfo\Africa\__init__.py first seen with mtime 1726590942.2788575
File G:\project1\LigaPay\LigaPay\venv\Lib\site-packages\django\db\models\expressions.py first seen with mtime 1726590946.6503654
File G:\pynthon\Lib\unittest\__init__.py first seen with mtime 1707248442.0
File G:\pynthon\Lib\asyncio\events.py first seen with mtime 1707248442.0
File G:\project1\LigaPay\LigaPay\venv\Lib\site-packages\django\core\exceptions.py first seen with mtime 1726590946.575364
File G:\project1\LigaPay\LigaPay\venv\Lib\site-packages\django\forms\forms.py first seen with mtime 1726590946.6673636
File G:\project1\LigaPay\LigaPay\venv\Lib\site-packages\dateutil\_common.py first seen with mtime 1732641434.7128468
File G:\project1\LigaPay\LigaPay\venv\Lib\site-packages\django\contrib\sites\requests.py first seen with mtime 1726590946.4843638
File G:\project1\LigaPay\LigaPay\venv\Lib\site-packages\redis\__init__.py first seen with mtime 1732644628.1296797
File G:\project1\LigaPay\LigaPay\venv\Lib\site-packages\django\utils\__init__.py first seen with mtime 1726590946.721365
File G:\project1\LigaPay\LigaPay\venv\Lib\site-packages\celery\fixups\__init__.py first seen with mtime 1732641437.278847
File G:\pynthon\Lib\tkinter\constants.py first seen with mtime 1707248442.0
File G:\project1\LigaPay\LigaPay\venv\Lib\site-packages\django\db\models\functions\mixins.py first seen with mtime 1726590946.660364
File G:\pynthon\Lib\logging\__init__.py first seen with mtime 1707248442.0
File G:\project1\LigaPay\LigaPay\venv\Lib\site-packages\django\db\migrations\operations\__init__.py first seen with mtime 1726590946.6443639
File G:\pynthon\Lib\uuid.py first seen with mtime 1707248442.0
File G:\pynthon\Lib\importlib\metadata\_adapters.py first seen with mtime 1707248442.0
File G:\pynthon\Lib\textwrap.py first seen with mtime 1707248442.0
File G:\pynthon\Lib\multiprocessing\process.py first seen with mtime 1707248442.0
File G:\project1\LigaPay\LigaPay\venv\Lib\site-packages\tzdata\zoneinfo\Chile\__init__.py first seen with mtime 1726590942.3938563
File G:\project1\LigaPay\LigaPay\venv\Lib\site-packages\django\core\cache\utils.py first seen with mtime 1726590946.5783634
File G:\pynthon\Lib\random.py first seen with mtime 1707248442.0
File G:\pynthon\Lib\tkinter\messagebox.py first seen with mtime 1707248442.0
File G:\project1\LigaPay\LigaPay\venv\Lib\site-packages\kombu\messaging.py first seen with mtime 1732641435.7848456
File G:\pynthon\Lib\unittest\result.py first seen with mtime 1707248442.0
File G:\pynthon\Lib\mimetypes.py first seen with mtime 1707248442.0
File G:\project1\LigaPay\LigaPay\venv\Lib\site-packages\django\core\cache\backends\base.py first seen with mtime 1726590946.5793636
File G:\project1\LigaPay\LigaPay\venv\Lib\site-packages\django\contrib\auth\middleware.py first seen with mtime 1726590944.9982312
File G:\project1\LigaPay\LigaPay\venv\Lib\site-packages\django\utils\numberformat.py first seen with mtime 1726590946.7323644
File G:\project1\LigaPay\LigaPay\venv\Lib\site-packages\django\core\files\storage\memory.py first seen with mtime 1726590946.5913637
File G:\project1\LigaPay\LigaPay\venv\Lib\site-packages\django\contrib\auth\signals.py first seen with mtime 1726590944.9992306
File G:\project1\LigaPay\LigaPay\venv\Lib\site-packages\django\db\models\signals.py first seen with mtime 1726590946.653365
File G:\project1\LigaPay\LigaPay\venv\Lib\site-packages\vine\__init__.py first seen with mtime 1732641431.9118443
File G:\project1\LigaPay\LigaPay\venv\Lib\site-packages\tzdata\zoneinfo\America\Kentucky\__init__.py first seen with mtime 1726590942.3348572
File G:\project1\LigaPay\LigaPay\venv\Lib\site-packages\django_celery_beat\apps.py first seen with mtime 1732641439.7438738
File G:\pynthon\Lib\unittest\loader.py first seen with mtime 1707248442.0
File G:\project1\LigaPay\LigaPay\venv\Lib\site-packages\cffi\__init__.py first seen with mtime 1732115536.7995348
File G:\project1\LigaPay\LigaPay\venv\Lib\site-packages\django\utils\version.py first seen with mtime 1726590946.735366
File G:\project1\LigaPay\LigaPay\venv\Lib\site-packages\kombu\utils\compat.py first seen with mtime 1732641435.8078468
File G:\pynthon\Lib\operator.py first seen with mtime 1707248442.0
File G:\project1\LigaPay\LigaPay\venv\Lib\site-packages\debug_toolbar\_compat.py first seen with mtime 1736963109.38025
File G:\project1\LigaPay\LigaPay\venv\Lib\site-packages\widget_tweaks\__init__.py first seen with mtime 1728650047.8334458
File G:\project1\LigaPay\LigaPay\venv\Lib\site-packages\django\db\backends\signals.py first seen with mtime 1726590946.6163647
File G:\project1\LigaPay\LigaPay\venv\Lib\site-packages\PIL\_imagingft.cp311-win_amd64.pyd first seen with mtime 1727118445.8743808
File G:\project1\LigaPay\LigaPay\venv\Lib\site-packages\django_filters\conf.py first seen with mtime 1737573152.0061586
File G:\project1\LigaPay\LigaPay\venv\Lib\site-packages\django\core\servers\basehttp.py first seen with mtime 1726590946.6133647
File G:\project1\LigaPay\LigaPay\venv\Lib\site-packages\django\contrib\auth\base_user.py first seen with mtime 1726590944.9952314
File G:\project1\LigaPay\LigaPay\venv\Lib\site-packages\cffi\model.py first seen with mtime 1732115536.8075366
File G:\pynthon\Lib\venv\__init__.py first seen with mtime 1707248442.0
File G:\project1\LigaPay\LigaPay\venv\Lib\site-packages\django\contrib\messages\views.py first seen with mtime 1726590946.1843636
File G:\project1\LigaPay\LigaPay\users\models.py first seen with mtime 1739789698.2835863
File G:\project1\LigaPay\LigaPay\venv\Lib\site-packages\django\contrib\auth\mixins.py first seen with mtime 1726590944.9982312
File G:\project1\LigaPay\LigaPay\users\tasks.py first seen with mtime 1732810872.3656933
File G:\pynthon\Lib\asyncio\timeouts.py first seen with mtime 1707248442.0
File G:\project1\LigaPay\LigaPay\venv\Lib\site-packages\django\contrib\admin\exceptions.py first seen with mtime 1726590944.6222312
File G:\project1\LigaPay\LigaPay\venv\Lib\site-packages\PIL\_version.py first seen with mtime 1727118445.8783805
File G:\project1\LigaPay\LigaPay\news\__init__.py first seen with mtime 1732123295.3883448
File G:\project1\LigaPay\LigaPay\venv\Lib\site-packages\django\contrib\contenttypes\management\__init__.py first seen with mtime 1726590945.2132316
File G:\pynthon\Lib\collections\__init__.py first seen with mtime 1707248442.0
File G:\project1\LigaPay\LigaPay\venv\Lib\site-packages\django\template\backends\django.py first seen with mtime 1726590946.7103634
File G:\project1\LigaPay\LigaPay\venv\Lib\site-packages\django\test\signals.py first seen with mtime 1726590946.717364
File G:\pynthon\Lib\argparse.py first seen with mtime 1707248442.0
File G:\project1\LigaPay\LigaPay\venv\Lib\site-packages\django\shortcuts.py first seen with mtime 1726590944.4417217
File G:\project1\LigaPay\LigaPay\venv\Lib\site-packages\kombu\utils\functional.py first seen with mtime 1732641435.8098478
File G:\project1\LigaPay\LigaPay\venv\Lib\site-packages\timezone_field\utils.py first seen with mtime 1732641434.9848464
File G:\project1\LigaPay\LigaPay\orders\models.py first seen with mtime 1741109790.8947873
File G:\project1\LigaPay\LigaPay\venv\Lib\site-packages\django\apps\config.py first seen with mtime 1726590944.4417217
File G:\project1\LigaPay\LigaPay\venv\Lib\site-packages\django\views\decorators\cache.py first seen with mtime 1726590946.7403634
File G:\project1\LigaPay\LigaPay\venv\Lib\site-packages\django\contrib\contenttypes\checks.py first seen with mtime 1726590945.1252298
File G:\pynthon\Lib\email\mime\multipart.py first seen with mtime 1707248442.0
File G:\project1\LigaPay\LigaPay\venv\Lib\site-packages\click\utils.py first seen with mtime 1732641435.1648457
File G:\project1\LigaPay\LigaPay\venv\Lib\site-packages\django\contrib\sessions\models.py first seen with mtime 1726590946.3583648
File G:\pynthon\Lib\urllib\request.py first seen with mtime 1707248442.0
File G:\pynthon\Lib\asyncio\protocols.py first seen with mtime 1707248442.0
File G:\project1\LigaPay\LigaPay\venv\Lib\site-packages\django\db\migrations\utils.py first seen with mtime 1726590946.643365
File G:\pynthon\Lib\unittest\main.py first seen with mtime 1707248442.0
File G:\project1\LigaPay\LigaPay\venv\Lib\site-packages\vine\funtools.py first seen with mtime 1732641431.9128437
File G:\pynthon\Lib\asyncio\transports.py first seen with mtime 1707248442.0
File G:\project1\LigaPay\LigaPay\venv\Lib\site-packages\celery\local.py first seen with mtime 1732641437.2248454
File G:\project1\LigaPay\LigaPay\venv\Lib\site-packages\celery\utils\dispatch\signal.py first seen with mtime 1732641437.2918463
File G:\project1\LigaPay\LigaPay\main\views.py first seen with mtime 1733158086.647413
File G:\project1\LigaPay\LigaPay\venv\Lib\site-packages\django\contrib\messages\api.py first seen with mtime 1726590946.1223643
File G:\project1\LigaPay\LigaPay\venv\Lib\site-packages\django\contrib\staticfiles\__init__.py first seen with mtime 1726590946.5683634
File G:\pynthon\Lib\http\__init__.py first seen with mtime 1707248442.0
File G:\project1\LigaPay\LigaPay\venv\Lib\site-packages\timezone_field\choices.py first seen with mtime 1732641434.981846
File G:\pynthon\Lib\pickle.py first seen with mtime 1707248442.0
File G:\project1\LigaPay\LigaPay\venv\Lib\site-packages\dateutil\tz\tz.py first seen with mtime 1732641434.7198615
File G:\pynthon\Lib\email\parser.py first seen with mtime 1707248442.0
File G:\project1\LigaPay\LigaPay\venv\Lib\site-packages\sqlparse\filters\reindent.py first seen with mtime 1726590942.5708568
File G:\project1\LigaPay\LigaPay\venv\Lib\site-packages\PIL\ImageColor.py first seen with mtime 1727118445.8047357
File G:\project1\LigaPay\LigaPay\venv\Lib\site-packages\django\contrib\contenttypes\views.py first seen with mtime 1726590945.1272314
File G:\project1\LigaPay\LigaPay\products\filters.py first seen with mtime 1739790541.1092927
File G:\project1\LigaPay\LigaPay\wallet\admin.py first seen with mtime 1740132500.6043043
File G:\project1\LigaPay\LigaPay\venv\Lib\site-packages\django\template\context.py first seen with mtime 1726590946.705366
File G:\project1\LigaPay\LigaPay\venv\Lib\site-packages\django\utils\dateparse.py first seen with mtime 1726590946.725366
File G:\project1\LigaPay\LigaPay\venv\Lib\site-packages\sqlparse\filters\tokens.py first seen with mtime 1726590942.5718567
File G:\project1\LigaPay\LigaPay\venv\Lib\site-packages\django\contrib\auth\tokens.py first seen with mtime 1726590944.9992306
File G:\project1\LigaPay\LigaPay\venv\Lib\site-packages\django\urls\conf.py first seen with mtime 1726590946.719364
File G:\pynthon\Lib\base64.py first seen with mtime 1707248442.0
File G:\project1\LigaPay\LigaPay\venv\Lib\site-packages\django\templatetags\static.py first seen with mtime 1726590946.7153645
File G:\pynthon\Lib\tkinter\commondialog.py first seen with mtime 1707248442.0
File G:\pynthon\Lib\asyncio\__init__.py first seen with mtime 1707248442.0
File G:\pynthon\Lib\email\mime\message.py first seen with mtime 1707248442.0
File G:\project1\LigaPay\LigaPay\venv\Lib\site-packages\cffi\lock.py first seen with mtime 1732115536.8075366
File G:\project1\LigaPay\LigaPay\venv\Lib\site-packages\django\contrib\admin\templatetags\base.py first seen with mtime 1726590944.8952303
File G:\project1\LigaPay\LigaPay\venv\Lib\site-packages\django\contrib\contenttypes\forms.py first seen with mtime 1726590945.1262312
File G:\project1\LigaPay\LigaPay\products\views.py first seen with mtime 1740596279.4647205
File G:\pynthon\Lib\asyncio\threads.py first seen with mtime 1707248442.0
File G:\pynthon\Lib\importlib\resources\_adapters.py first seen with mtime 1707248442.0
File G:\project1\LigaPay\LigaPay\venv\Lib\site-packages\asgiref\sync.py first seen with mtime 1726590944.2568583
File G:\pynthon\Lib\email\__init__.py first seen with mtime 1707248442.0
File G:\project1\LigaPay\LigaPay\venv\Lib\site-packages\debug_toolbar\panels\templates\__init__.py first seen with mtime 1736963109.4359531
File G:\project1\LigaPay\LigaPay\venv\Lib\site-packages\django\utils\log.py first seen with mtime 1726590946.7323644
File G:\project1\LigaPay\LigaPay\venv\Lib\site-packages\kombu\connection.py first seen with mtime 1732641435.781846
File G:\project1\LigaPay\LigaPay\venv\Lib\site-packages\django\conf\urls\static.py first seen with mtime 1726590944.6202312
File G:\project1\LigaPay\LigaPay\venv\Lib\site-packages\django\db\models\fields\json.py first seen with mtime 1726590946.6553826
File G:\project1\LigaPay\LigaPay\venv\Lib\site-packages\amqp\connection.py first seen with mtime 1732641435.438847
File G:\project1\LigaPay\LigaPay\venv\Lib\site-packages\django\templatetags\__init__.py first seen with mtime 1726590946.7133646
File G:\project1\LigaPay\LigaPay\venv\Lib\site-packages\django\utils\regex_helper.py first seen with mtime 1726590946.733364
File G:\project1\LigaPay\LigaPay\LigaPay\__init__.py first seen with mtime 1732641484.1088474
File G:\pynthon\Lib\email\generator.py first seen with mtime 1707248442.0
File G:\project1\LigaPay\LigaPay\venv\Lib\site-packages\captcha\models.py first seen with mtime 1728586654.9523003
File G:\pynthon\Lib\calendar.py first seen with mtime 1707248442.0
File G:\project1\LigaPay\LigaPay\venv\Lib\site-packages\colorama\ansi.py first seen with mtime 1732641433.8288462
File G:\project1\LigaPay\LigaPay\venv\Lib\site-packages\sqlparse\sql.py first seen with mtime 1726590942.5668576
File G:\project1\LigaPay\LigaPay\venv\Lib\site-packages\celery\utils\nodenames.py first seen with mtime 1732641437.287847
File G:\project1\LigaPay\LigaPay\venv\Lib\site-packages\django\core\files\__init__.py first seen with mtime 1726590946.5873635
File G:\project1\LigaPay\LigaPay\venv\Lib\site-packages\django\contrib\admin\sites.py first seen with mtime 1726590944.6252308
File G:\pynthon\Lib\email\encoders.py first seen with mtime 1707248442.0
File G:\pynthon\Lib\json\scanner.py first seen with mtime 1707248442.0
File G:\project1\LigaPay\LigaPay\venv\Lib\site-packages\django\urls\base.py first seen with mtime 1726590946.719364
File G:\project1\LigaPay\LigaPay\venv\Lib\site-packages\django\conf\urls\__init__.py first seen with mtime 1726590944.6192305
File G:\project1\LigaPay\LigaPay\venv\Lib\site-packages\django\db\migrations\operations\special.py first seen with mtime 1726590946.646366
File G:\project1\LigaPay\LigaPay\venv\Lib\site-packages\celery\utils\text.py first seen with mtime 1732641437.2898474
File G:\project1\LigaPay\LigaPay\venv\Lib\site-packages\django\db\models\lookups.py first seen with mtime 1726590946.6513662
File G:\pynthon\Lib\email\errors.py first seen with mtime 1707248442.0
File G:\project1\LigaPay\LigaPay\venv\Lib\site-packages\django\core\checks\urls.py first seen with mtime 1726590946.5853646
File G:\project1\LigaPay\LigaPay\venv\Lib\site-packages\cron_descriptor\Exception.py first seen with mtime 1732641431.7558434
File G:\project1\LigaPay\LigaPay\venv\Lib\site-packages\psycopg2\extensions.py first seen with mtime 1726590943.6771429
File G:\project1\LigaPay\LigaPay\venv\Lib\site-packages\debug_toolbar\panels\profiling.py first seen with mtime 1736963109.425283
File G:\project1\LigaPay\LigaPay\venv\Lib\site-packages\django\db\models\manager.py first seen with mtime 1726590946.6513662
File G:\project1\LigaPay\LigaPay\venv\Lib\site-packages\django\utils\encoding.py first seen with mtime 1726590946.7273657
File G:\project1\LigaPay\LigaPay\venv\Lib\site-packages\celery\signals.py first seen with mtime 1732641437.2268462
File G:\project1\LigaPay\LigaPay\venv\Lib\site-packages\django\db\models\constants.py first seen with mtime 1726590946.6483638
File G:\project1\LigaPay\LigaPay\venv\Lib\site-packages\django_filters\exceptions.py first seen with mtime 1737573152.00668
File G:\pynthon\Lib\struct.py first seen with mtime 1707248442.0
File G:\project1\LigaPay\LigaPay\venv\Lib\site-packages\django\utils\lorem_ipsum.py first seen with mtime 1726590946.7323644
File G:\project1\LigaPay\LigaPay\venv\Lib\site-packages\kombu\utils\imports.py first seen with mtime 1732641435.8098478
File G:\pynthon\Lib\asyncio\runners.py first seen with mtime 1707248442.0
File G:\pynthon\Lib\tempfile.py first seen with mtime 1707248442.0
File G:\project1\LigaPay\LigaPay\venv\Lib\site-packages\debug_toolbar\_stubs.py first seen with mtime 1736963109.3882818
File G:\project1\LigaPay\LigaPay\venv\Lib\site-packages\django_celery_beat\querysets.py first seen with mtime 1732641439.7488835
File G:\pynthon\Lib\unittest\runner.py first seen with mtime 1707248442.0
File G:\project1\LigaPay\LigaPay\venv\Lib\site-packages\crontab.py first seen with mtime 1732641435.6708462
File G:\project1\LigaPay\LigaPay\news\admin.py first seen with mtime 1732123295.3200066
File G:\project1\LigaPay\LigaPay\venv\Lib\site-packages\amqp\protocol.py first seen with mtime 1732641435.440847
File G:\project1\LigaPay\LigaPay\venv\Lib\site-packages\django\core\files\storage\handler.py first seen with mtime 1726590946.5913637
File G:\project1\LigaPay\LigaPay\venv\Lib\site-packages\tzdata\zoneinfo\America\Argentina\__init__.py first seen with mtime 1726590942.3308582
File G:\project1\LigaPay\LigaPay\venv\Lib\site-packages\django\core\checks\compatibility\django_4_0.py first seen with mtime 1726590946.5863638
File G:\project1\LigaPay\LigaPay\venv\Lib\site-packages\django\templatetags\i18n.py first seen with mtime 1726590946.7143629
File G:\project1\LigaPay\LigaPay\venv\Lib\site-packages\django\utils\formats.py first seen with mtime 1726590946.7283657
File G:\project1\LigaPay\LigaPay\venv\Lib\site-packages\colorama\winterm.py first seen with mtime 1732641433.8308463
File G:\project1\LigaPay\LigaPay\venv\Lib\site-packages\django\contrib\admin\checks.py first seen with mtime 1726590944.6222312
File G:\project1\LigaPay\LigaPay\venv\Lib\site-packages\dateutil\parser\__init__.py first seen with mtime 1732641434.7158468
File G:\project1\LigaPay\LigaPay\venv\Lib\site-packages\django_celery_beat\clockedschedule.py first seen with mtime 1732641439.745855
File G:\pynthon\DLLs\_asyncio.pyd first seen with mtime 1707248490.0
File G:\project1\LigaPay\LigaPay\venv\Lib\site-packages\django\db\models\fields\reverse_related.py first seen with mtime 1726590946.658366
File G:\pynthon\Lib\contextlib.py first seen with mtime 1707248442.0
File G:\pynthon\Lib\asyncio\staggered.py first seen with mtime 1707248442.0
File G:\project1\LigaPay\LigaPay\venv\Lib\site-packages\dotenv\variables.py first seen with mtime 1726590943.5161421
File G:\project1\LigaPay\LigaPay\venv\Lib\site-packages\sqlparse\exceptions.py first seen with mtime 1726590942.5638576
File G:\project1\LigaPay\LigaPay\venv\Lib\site-packages\cron_descriptor\Options.py first seen with mtime 1732641431.7578433
File G:\project1\LigaPay\LigaPay\venv\Lib\site-packages\django\dispatch\__init__.py first seen with mtime 1726590946.6643658
File G:\project1\LigaPay\LigaPay\venv\Lib\site-packages\django\middleware\cache.py first seen with mtime 1726590946.7023656
File G:\pynthon\Lib\selectors.py first seen with mtime 1707248442.0
File G:\pynthon\Lib\keyword.py first seen with mtime 1707248442.0
File G:\project1\LigaPay\LigaPay\venv\Lib\site-packages\django\contrib\staticfiles\checks.py first seen with mtime 1726590946.5683634
File G:\project1\LigaPay\LigaPay\venv\Lib\site-packages\attr\validators.py first seen with mtime 1732115536.300015
File G:\project1\LigaPay\LigaPay\venv\Lib\site-packages\django\template\engine.py first seen with mtime 1726590946.7073653
File G:\pynthon\Lib\dis.py first seen with mtime 1707248442.0
File G:\project1\LigaPay\LigaPay\venv\Lib\site-packages\debug_toolbar\panels\cache.py first seen with mtime 1736963109.425283
File G:\project1\LigaPay\LigaPay\venv\Lib\site-packages\django\contrib\messages\middleware.py first seen with mtime 1726590946.124364
File G:\project1\LigaPay\LigaPay\venv\Lib\site-packages\django\db\backends\base\introspection.py first seen with mtime 1726590946.6183653
File G:\project1\LigaPay\LigaPay\users\apps.py first seen with mtime 1726760398.9836557
File G:\pynthon\Lib\xml\dom\__init__.py first seen with mtime 1707248442.0
File G:\pynthon\Lib\xml\dom\minicompat.py first seen with mtime 1707248442.0
File G:\pynthon\Lib\zoneinfo\__init__.py first seen with mtime 1707248442.0
File G:\project1\LigaPay\LigaPay\venv\Lib\site-packages\dateutil\_version.py first seen with mtime 1732641434.7128468
File G:\project1\LigaPay\LigaPay\venv\Lib\site-packages\django_celery_beat\admin.py first seen with mtime 1732641439.74186
File G:\project1\LigaPay\LigaPay\venv\Lib\site-packages\django_celery_beat\tzcrontab.py first seen with mtime 1732641439.7528532
File G:\project1\LigaPay\LigaPay\venv\Lib\site-packages\debug_toolbar\panels\sql\__init__.py first seen with mtime 1736963109.4339557
File G:\project1\LigaPay\LigaPay\venv\Lib\site-packages\django\db\utils.py first seen with mtime 1726590946.614364
File G:\project1\LigaPay\LigaPay\venv\Lib\site-packages\django\views\generic\base.py first seen with mtime 1726590946.744364
File G:\project1\LigaPay\LigaPay\orders\apps.py first seen with mtime 1740506286.7664967
File G:\pynthon\Lib\profile.py first seen with mtime 1707248442.0
File G:\project1\LigaPay\LigaPay\venv\Lib\site-packages\django\utils\translation\reloader.py first seen with mtime 1726590946.736364
File G:\project1\LigaPay\LigaPay\venv\Lib\site-packages\django\template\__init__.py first seen with mtime 1726590946.704366
File G:\project1\LigaPay\LigaPay\venv\Lib\site-packages\django\contrib\admin\utils.py first seen with mtime 1726590944.6262307
File G:\project1\LigaPay\LigaPay\venv\Lib\site-packages\django\contrib\staticfiles\views.py first seen with mtime 1726590946.5713649
File G:\project1\LigaPay\LigaPay\venv\Lib\site-packages\django\core\management\commands\__init__.py first seen with mtime 1726590946.601365
File G:\pynthon\Lib\enum.py first seen with mtime 1707248442.0
File G:\project1\LigaPay\LigaPay\venv\Lib\site-packages\django\contrib\sessions\apps.py first seen with mtime 1726590946.357364
File G:\project1\LigaPay\LigaPay\venv\Lib\site-packages\django\db\backends\utils.py first seen with mtime 1726590946.6163647
File G:\pynthon\Lib\asyncio\log.py first seen with mtime 1707248442.0
File G:\project1\LigaPay\LigaPay\venv\Lib\site-packages\django\utils\cache.py first seen with mtime 1726590946.7233653
File G:\project1\LigaPay\LigaPay\venv\Lib\site-packages\sqlparse\lexer.py first seen with mtime 1726590942.5658586
File G:\project1\LigaPay\LigaPay\venv\Lib\site-packages\sqlparse\engine\grouping.py first seen with mtime 1726590942.5688572
File G:\project1\LigaPay\LigaPay\venv\Lib\site-packages\django\db\models\fields\files.py first seen with mtime 1726590946.6543634
File G:\pynthon\Lib\gettext.py first seen with mtime 1707248442.0
File G:\pynthon\Lib\urllib\__init__.py first seen with mtime 1707248442.0
File G:\pynthon\Lib\asyncio\futures.py first seen with mtime 1707248442.0
File G:\project1\LigaPay\LigaPay\venv\Lib\site-packages\django\contrib\auth\decorators.py first seen with mtime 1726590944.9962316
File G:\pynthon\Lib\weakref.py first seen with mtime 1707248442.0
File G:\pynthon\Lib\numbers.py first seen with mtime 1707248442.0
File G:\pynthon\Lib\encodings\__init__.py first seen with mtime 1707248442.0
File G:\pynthon\Lib\signal.py first seen with mtime 1707248442.0
File G:\project1\LigaPay\LigaPay\venv\Lib\site-packages\django\core\validators.py first seen with mtime 1726590946.5773642
File G:\project1\LigaPay\LigaPay\venv\Lib\site-packages\django\core\checks\security\sessions.py first seen with mtime 1726590946.5873635
File G:\pynthon\Lib\lzma.py first seen with mtime 1707248442.0
File G:\project1\LigaPay\LigaPay\venv\Lib\site-packages\kombu\pools.py first seen with mtime 1732641435.785846
File G:\project1\LigaPay\LigaPay\venv\Lib\site-packages\django\contrib\staticfiles\management\commands\runserver.py first seen with mtime 1726590946.5733647
File G:\project1\LigaPay\LigaPay\venv\Lib\site-packages\django\db\models\functions\window.py first seen with mtime 1726590946.660364
File G:\project1\LigaPay\LigaPay\venv\Lib\site-packages\captcha\templates\captcha first seen with mtime 1728586654.9963017
File G:\project1\LigaPay\LigaPay\venv\Lib\site-packages\captcha\templates\captcha\field.html first seen with mtime 1728586654.9952996
File G:\project1\LigaPay\LigaPay\venv\Lib\site-packages\captcha\templates\captcha\hidden_field.html first seen with mtime 1728586654.9952996
File G:\project1\LigaPay\LigaPay\venv\Lib\site-packages\captcha\templates\captcha\image.html first seen with mtime 1728586654.9963017
File G:\project1\LigaPay\LigaPay\venv\Lib\site-packages\captcha\templates\captcha\text_field.html first seen with mtime 1728586654.9963017
File G:\project1\LigaPay\LigaPay\venv\Lib\site-packages\captcha\templates\captcha\widgets first seen with mtime 1728586654.997303
File G:\project1\LigaPay\LigaPay\venv\Lib\site-packages\captcha\templates\captcha\widgets\captcha.html first seen with mtime 1728586654.997303
File G:\project1\LigaPay\LigaPay\orders\templates\orders first seen with mtime 1741013647.6262102
File G:\project1\LigaPay\LigaPay\orders\templates\orders\order_list.html first seen with mtime 1740758605.2232354
File G:\project1\LigaPay\LigaPay\orders\templates\orders\sale_list.html first seen with mtime 1741016206.769198
File G:\project1\LigaPay\LigaPay\news\templates\news first seen with mtime 1732199049.2782166
File G:\project1\LigaPay\LigaPay\news\templates\news\base.html first seen with mtime 1732203327.3650777
File G:\project1\LigaPay\LigaPay\news\templates\news\news.html first seen with mtime 1733053544.0462568
File G:\project1\LigaPay\LigaPay\products\templates\products first seen with mtime 1739792568.8470702
File G:\project1\LigaPay\LigaPay\products\templates\products\account.html first seen with mtime 1739294514.8038156
File G:\project1\LigaPay\LigaPay\products\templates\products\battlepass.html first seen with mtime 1739295936.8459928
File G:\project1\LigaPay\LigaPay\products\templates\products\boost.html first seen with mtime 1739295944.2153091
File G:\project1\LigaPay\LigaPay\products\templates\products\donation.html first seen with mtime 1739295951.277994
File G:\project1\LigaPay\LigaPay\products\templates\products\offer.html first seen with mtime 1736185031.258356
File G:\project1\LigaPay\LigaPay\products\templates\products\other.html first seen with mtime 1739295957.6039937
File G:\project1\LigaPay\LigaPay\products\templates\products\products.html first seen with mtime 1739295010.3380172
File G:\project1\LigaPay\LigaPay\products\templates\products\qualification.html first seen with mtime 1739295929.146992
File G:\project1\LigaPay\LigaPay\products\templates\products\riot-points.html first seen with mtime 1739877192.9037676
File G:\project1\LigaPay\LigaPay\products\templates\products\riot-points_detail.html first seen with mtime 1741027424.347702
File G:\project1\LigaPay\LigaPay\products\templates\products\services.html first seen with mtime 1739295985.331993
File G:\project1\LigaPay\LigaPay\products\templates\products\training.html first seen with mtime 1739295994.899958
File G:\project1\LigaPay\LigaPay\users\templates\users first seen with mtime 1731950901.0898564
File G:\project1\LigaPay\LigaPay\users\templates\users\authorization.html first seen with mtime 1733053675.3727796
File G:\project1\LigaPay\LigaPay\users\templates\users\base.html first seen with mtime 1740134354.8840601
File G:\project1\LigaPay\LigaPay\users\templates\users\email_reset.html first seen with mtime 1733053666.3317828
File G:\project1\LigaPay\LigaPay\users\templates\users\email_reset_complete.html first seen with mtime 1733053669.7102265
File G:\project1\LigaPay\LigaPay\users\templates\users\email_reset_done.html first seen with mtime 1733053668.1557803
File G:\project1\LigaPay\LigaPay\users\templates\users\email_verification.html first seen with mtime 1733053664.2737522
File G:\project1\LigaPay\LigaPay\users\templates\users\password_reset.html first seen with mtime 1733053657.4038415
File G:\project1\LigaPay\LigaPay\users\templates\users\password_reset_complete.html first seen with mtime 1733053662.6787813
File G:\project1\LigaPay\LigaPay\users\templates\users\password_reset_confirm.html first seen with mtime 1733053660.820756
File G:\project1\LigaPay\LigaPay\users\templates\users\password_reset_done.html first seen with mtime 1733053659.0827808
File G:\project1\LigaPay\LigaPay\users\templates\users\password_reset_email.html first seen with mtime 1728645023.3892965
File G:\project1\LigaPay\LigaPay\users\templates\users\profile.html first seen with mtime 1733053655.6327767
File G:\project1\LigaPay\LigaPay\users\templates\users\registration.html first seen with mtime 1733053652.90978
File G:\project1\LigaPay\LigaPay\venv\Lib\site-packages\django_celery_beat\templates\admin first seen with mtime 1732641439.7818477
File G:\project1\LigaPay\LigaPay\venv\Lib\site-packages\django_celery_beat\templates\admin\djcelery first seen with mtime 1732641439.7818477
File G:\project1\LigaPay\LigaPay\venv\Lib\site-packages\django_celery_beat\templates\admin\djcelery\change_list.html first seen with mtime 1732641439.7818477
File G:\project1\LigaPay\LigaPay\venv\Lib\site-packages\django_celery_beat\templates\admin\djcelery\change_periodictask_form.html first seen with mtime 1732641439.7828476
File G:\project1\LigaPay\LigaPay\main\templates\main first seen with mtime 1733052478.4898121
File G:\project1\LigaPay\LigaPay\main\templates\main\base.html first seen with mtime 1741014097.467419
File G:\project1\LigaPay\LigaPay\main\templates\main\index.html first seen with mtime 1737049364.7857566
File G:\project1\LigaPay\LigaPay\main\templates\main\rules.html first seen with mtime 1733056726.944029
File G:\project1\LigaPay\LigaPay\wallet\templates\wallet first seen with mtime 1740503752.0611818
File G:\project1\LigaPay\LigaPay\wallet\templates\wallet\deposit.html first seen with mtime 1740502949.2986577
File G:\project1\LigaPay\LigaPay\venv\Lib\site-packages\debug_toolbar\templates\debug_toolbar first seen with mtime 1736963109.443954
File G:\project1\LigaPay\LigaPay\venv\Lib\site-packages\debug_toolbar\templates\debug_toolbar\base.html first seen with mtime 1736963109.4419532
File G:\project1\LigaPay\LigaPay\venv\Lib\site-packages\debug_toolbar\templates\debug_toolbar\includes first seen with mtime 1736963109.442953
File G:\project1\LigaPay\LigaPay\venv\Lib\site-packages\debug_toolbar\templates\debug_toolbar\panels first seen with mtime 1736963109.4509535
File G:\project1\LigaPay\LigaPay\venv\Lib\site-packages\debug_toolbar\templates\debug_toolbar\redirect.html first seen with mtime 1736963109.4419532
File G:\project1\LigaPay\LigaPay\venv\Lib\site-packages\debug_toolbar\templates\debug_toolbar\includes\panel_button.html first seen with mtime 1736963109.442953
File G:\project1\LigaPay\LigaPay\venv\Lib\site-packages\debug_toolbar\templates\debug_toolbar\includes\panel_content.html first seen with mtime 1736963109.442953
File G:\project1\LigaPay\LigaPay\venv\Lib\site-packages\debug_toolbar\templates\debug_toolbar\includes\theme_selector.html first seen with mtime 1736963109.443954
File G:\project1\LigaPay\LigaPay\venv\Lib\site-packages\debug_toolbar\templates\debug_toolbar\panels\alerts.html first seen with mtime 1736963109.443954
File G:\project1\LigaPay\LigaPay\venv\Lib\site-packages\debug_toolbar\templates\debug_toolbar\panels\cache.html first seen with mtime 1736963109.443954
File G:\project1\LigaPay\LigaPay\venv\Lib\site-packages\debug_toolbar\templates\debug_toolbar\panels\headers.html first seen with mtime 1736963109.4459538
File G:\project1\LigaPay\LigaPay\venv\Lib\site-packages\debug_toolbar\templates\debug_toolbar\panels\history.html first seen with mtime 1736963109.4459944
File G:\project1\LigaPay\LigaPay\venv\Lib\site-packages\debug_toolbar\templates\debug_toolbar\panels\history_tr.html first seen with mtime 1736963109.4459944
File G:\project1\LigaPay\LigaPay\venv\Lib\site-packages\debug_toolbar\templates\debug_toolbar\panels\profiling.html first seen with mtime 1736963109.4469526
File G:\project1\LigaPay\LigaPay\venv\Lib\site-packages\debug_toolbar\templates\debug_toolbar\panels\request.html first seen with mtime 1736963109.4469526
File G:\project1\LigaPay\LigaPay\venv\Lib\site-packages\debug_toolbar\templates\debug_toolbar\panels\request_variables.html first seen with mtime 1736963109.4469526
File G:\project1\LigaPay\LigaPay\venv\Lib\site-packages\debug_toolbar\templates\debug_toolbar\panels\settings.html first seen with mtime 1736963109.4479527
File G:\project1\LigaPay\LigaPay\venv\Lib\site-packages\debug_toolbar\templates\debug_toolbar\panels\signals.html first seen with mtime 1736963109.4479527
File G:\project1\LigaPay\LigaPay\venv\Lib\site-packages\debug_toolbar\templates\debug_toolbar\panels\sql.html first seen with mtime 1736963109.4489522
File G:\project1\LigaPay\LigaPay\venv\Lib\site-packages\debug_toolbar\templates\debug_toolbar\panels\sql_explain.html first seen with mtime 1736963109.4489522
File G:\project1\LigaPay\LigaPay\venv\Lib\site-packages\debug_toolbar\templates\debug_toolbar\panels\sql_profile.html first seen with mtime 1736963109.4489522
File G:\project1\LigaPay\LigaPay\venv\Lib\site-packages\debug_toolbar\templates\debug_toolbar\panels\sql_select.html first seen with mtime 1736963109.4499526
File G:\project1\LigaPay\LigaPay\venv\Lib\site-packages\debug_toolbar\templates\debug_toolbar\panels\staticfiles.html first seen with mtime 1736963109.4499526
File G:\project1\LigaPay\LigaPay\venv\Lib\site-packages\debug_toolbar\templates\debug_toolbar\panels\templates.html first seen with mtime 1736963109.4509535
File G:\project1\LigaPay\LigaPay\venv\Lib\site-packages\debug_toolbar\templates\debug_toolbar\panels\template_source.html first seen with mtime 1736963109.4499526
File G:\project1\LigaPay\LigaPay\venv\Lib\site-packages\debug_toolbar\templates\debug_toolbar\panels\timer.html first seen with mtime 1736963109.4509535
File G:\project1\LigaPay\LigaPay\venv\Lib\site-packages\debug_toolbar\templates\debug_toolbar\panels\versions.html first seen with mtime 1736963109.4509535
File G:\project1\LigaPay\LigaPay\venv\Lib\site-packages\debug_toolbar\locale\bg\LC_MESSAGES\django.mo first seen with mtime 1736963109.3932824
File G:\project1\LigaPay\LigaPay\venv\Lib\site-packages\debug_toolbar\locale\ca\LC_MESSAGES\django.mo first seen with mtime 1736963109.3952825
File G:\project1\LigaPay\LigaPay\venv\Lib\site-packages\debug_toolbar\locale\cs\LC_MESSAGES\django.mo first seen with mtime 1736963109.3962817
File G:\project1\LigaPay\LigaPay\venv\Lib\site-packages\debug_toolbar\locale\de\LC_MESSAGES\django.mo first seen with mtime 1736963109.3982835
File G:\project1\LigaPay\LigaPay\venv\Lib\site-packages\debug_toolbar\locale\en\LC_MESSAGES\django.mo first seen with mtime 1736963109.3992817
File G:\project1\LigaPay\LigaPay\venv\Lib\site-packages\debug_toolbar\locale\es\LC_MESSAGES\django.mo first seen with mtime 1736963109.4002817
File G:\project1\LigaPay\LigaPay\venv\Lib\site-packages\debug_toolbar\locale\fa\LC_MESSAGES\django.mo first seen with mtime 1736963109.4012816
File G:\project1\LigaPay\LigaPay\venv\Lib\site-packages\debug_toolbar\locale\fi\LC_MESSAGES\django.mo first seen with mtime 1736963109.4042819
File G:\project1\LigaPay\LigaPay\venv\Lib\site-packages\debug_toolbar\locale\fr\LC_MESSAGES\django.mo first seen with mtime 1736963109.405281
File G:\project1\LigaPay\LigaPay\venv\Lib\site-packages\debug_toolbar\locale\he\LC_MESSAGES\django.mo first seen with mtime 1736963109.4062812
File G:\project1\LigaPay\LigaPay\venv\Lib\site-packages\debug_toolbar\locale\id\LC_MESSAGES\django.mo first seen with mtime 1736963109.4082806
File G:\project1\LigaPay\LigaPay\venv\Lib\site-packages\debug_toolbar\locale\it\LC_MESSAGES\django.mo first seen with mtime 1736963109.4092822
File G:\project1\LigaPay\LigaPay\venv\Lib\site-packages\debug_toolbar\locale\ja\LC_MESSAGES\django.mo first seen with mtime 1736963109.4112835
File G:\project1\LigaPay\LigaPay\venv\Lib\site-packages\debug_toolbar\locale\ko\LC_MESSAGES\django.mo first seen with mtime 1736963109.4122832
File G:\project1\LigaPay\LigaPay\venv\Lib\site-packages\debug_toolbar\locale\nl\LC_MESSAGES\django.mo first seen with mtime 1736963109.413283
File G:\project1\LigaPay\LigaPay\venv\Lib\site-packages\debug_toolbar\locale\pl\LC_MESSAGES\django.mo first seen with mtime 1736963109.4142833
File G:\project1\LigaPay\LigaPay\venv\Lib\site-packages\debug_toolbar\locale\pt\LC_MESSAGES\django.mo first seen with mtime 1736963109.4152818
File G:\project1\LigaPay\LigaPay\venv\Lib\site-packages\debug_toolbar\locale\pt_BR\LC_MESSAGES\django.mo first seen with mtime 1736963109.4162831
File G:\project1\LigaPay\LigaPay\venv\Lib\site-packages\debug_toolbar\locale\ru\LC_MESSAGES\django.mo first seen with mtime 1736963109.4172838
File G:\project1\LigaPay\LigaPay\venv\Lib\site-packages\debug_toolbar\locale\sk\LC_MESSAGES\django.mo first seen with mtime 1736963109.4182816
File G:\project1\LigaPay\LigaPay\venv\Lib\site-packages\debug_toolbar\locale\sv_SE\LC_MESSAGES\django.mo first seen with mtime 1736963109.419281
File G:\project1\LigaPay\LigaPay\venv\Lib\site-packages\debug_toolbar\locale\uk\LC_MESSAGES\django.mo first seen with mtime 1736963109.4212825
File G:\project1\LigaPay\LigaPay\venv\Lib\site-packages\debug_toolbar\locale\zh_CN\LC_MESSAGES\django.mo first seen with mtime 1736963109.4222817
File G:\project1\LigaPay\LigaPay\venv\Lib\site-packages\captcha\locale\bg\LC_MESSAGES\django.mo first seen with mtime 1728586654.9573016
File G:\project1\LigaPay\LigaPay\venv\Lib\site-packages\captcha\locale\cs\LC_MESSAGES\django.mo first seen with mtime 1728586654.9583018
File G:\project1\LigaPay\LigaPay\venv\Lib\site-packages\captcha\locale\de\LC_MESSAGES\django.mo first seen with mtime 1728586654.959301
File G:\project1\LigaPay\LigaPay\venv\Lib\site-packages\captcha\locale\en\LC_MESSAGES\django.mo first seen with mtime 1728586654.9603012
File G:\project1\LigaPay\LigaPay\venv\Lib\site-packages\captcha\locale\es\LC_MESSAGES\django.mo first seen with mtime 1728586654.9613018
File G:\project1\LigaPay\LigaPay\venv\Lib\site-packages\captcha\locale\fa\LC_MESSAGES\django.mo first seen with mtime 1728586654.9773002
File G:\project1\LigaPay\LigaPay\venv\Lib\site-packages\captcha\locale\fr\LC_MESSAGES\django.mo first seen with mtime 1728586654.979303
File G:\project1\LigaPay\LigaPay\venv\Lib\site-packages\captcha\locale\it\LC_MESSAGES\django.mo first seen with mtime 1728586654.9803019
File G:\project1\LigaPay\LigaPay\venv\Lib\site-packages\captcha\locale\ja\LC_MESSAGES\django.mo first seen with mtime 1728586654.9813018
File G:\project1\LigaPay\LigaPay\venv\Lib\site-packages\captcha\locale\nl\LC_MESSAGES\django.mo first seen with mtime 1728586654.9823005
File G:\project1\LigaPay\LigaPay\venv\Lib\site-packages\captcha\locale\pl\LC_MESSAGES\django.mo first seen with mtime 1728586654.9833002
File G:\project1\LigaPay\LigaPay\venv\Lib\site-packages\captcha\locale\pt_BR\LC_MESSAGES\django.mo first seen with mtime 1728586654.9833002
File G:\project1\LigaPay\LigaPay\venv\Lib\site-packages\captcha\locale\ru\LC_MESSAGES\django.mo first seen with mtime 1728586654.985301
File G:\project1\LigaPay\LigaPay\venv\Lib\site-packages\captcha\locale\sk\LC_MESSAGES\django.mo first seen with mtime 1728586654.9863017
File G:\project1\LigaPay\LigaPay\venv\Lib\site-packages\captcha\locale\sv\LC_MESSAGES\django.mo first seen with mtime 1728586654.9873009
File G:\project1\LigaPay\LigaPay\venv\Lib\site-packages\captcha\locale\tr\LC_MESSAGES\django.mo first seen with mtime 1728586654.9883
File G:\project1\LigaPay\LigaPay\venv\Lib\site-packages\captcha\locale\uk\LC_MESSAGES\django.mo first seen with mtime 1728586654.9893005
File G:\project1\LigaPay\LigaPay\venv\Lib\site-packages\captcha\locale\zh_CN\LC_MESSAGES\django.mo first seen with mtime 1728586654.9903016
File G:\project1\LigaPay\LigaPay\venv\Lib\site-packages\captcha\locale\zh_Hans\LC_MESSAGES\django.mo first seen with mtime 1728586654.9913006
File G:\project1\LigaPay\LigaPay\venv\Lib\site-packages\django_celery_beat\locale\de\LC_MESSAGES\django.mo first seen with mtime 1732641439.75685
File G:\project1\LigaPay\LigaPay\venv\Lib\site-packages\django_celery_beat\locale\es\LC_MESSAGES\django.mo first seen with mtime 1732641439.759849
File G:\project1\LigaPay\LigaPay\venv\Lib\site-packages\django_celery_beat\locale\fr\LC_MESSAGES\django.mo first seen with mtime 1732641439.7628472
File G:\project1\LigaPay\LigaPay\venv\Lib\site-packages\django_celery_beat\locale\ko\LC_MESSAGES\django.mo first seen with mtime 1732641439.7638464
File G:\project1\LigaPay\LigaPay\venv\Lib\site-packages\django_celery_beat\locale\ru\LC_MESSAGES\django.mo first seen with mtime 1732641439.7658467
File G:\project1\LigaPay\LigaPay\venv\Lib\site-packages\django_celery_beat\locale\zh_Hans\LC_MESSAGES\django.mo first seen with mtime 1732641439.7678459
File G:\project1\LigaPay\LigaPay\venv\Lib\site-packages\django_celery_beat\migrations\0006_periodictask_priority.py first seen with mtime 1732641439.7738488
File G:\project1\LigaPay\LigaPay\products\migrations\0015_accountservice_category.py first seen with mtime 1735141807.281324
File G:\project1\LigaPay\LigaPay\venv\Lib\site-packages\captcha\migrations\__init__.py first seen with mtime 1728586654.9943
File G:\project1\LigaPay\LigaPay\venv\Lib\site-packages\django\contrib\auth\migrations\0010_alter_group_name_max_length.py first seen with mtime 1726590945.122231
File G:\project1\LigaPay\LigaPay\venv\Lib\site-packages\redis\retry.py first seen with mtime 1732644628.1448855
File G:\project1\LigaPay\LigaPay\users\migrations\0004_user_new_email.py first seen with mtime 1730231133.8098607
File G:\project1\LigaPay\LigaPay\venv\Lib\site-packages\redis\client.py first seen with mtime 1732644628.1401343
File G:\project1\LigaPay\LigaPay\venv\Lib\site-packages\redis\_parsers\resp2.py first seen with mtime 1732644628.149579
File G:\project1\LigaPay\LigaPay\orders\migrations\__init__.py first seen with mtime 1740676453.931092
File G:\project1\LigaPay\LigaPay\products\migrations\0003_filter.py first seen with mtime 1733764549.4037325
File G:\project1\LigaPay\LigaPay\wallet\migrations\0001_initial.py first seen with mtime 1740133052.6800497
File G:\project1\LigaPay\LigaPay\venv\Lib\site-packages\redis\_parsers\encoders.py first seen with mtime 1732644628.1480217
File G:\project1\LigaPay\LigaPay\products\migrations\0028_alter_rpservice_filter_type.py first seen with mtime 1740133052.6790483
File G:\project1\LigaPay\LigaPay\products\migrations\0014_delete_filter.py first seen with mtime 1734371131.9669032
File G:\project1\LigaPay\LigaPay\products\migrations\0012_boostservice_rank_range.py first seen with mtime 1733939368.502343
File G:\project1\LigaPay\LigaPay\products\migrations\0017_alter_accountservice_filter_type_and_more.py first seen with mtime 1735233321.701342
File G:\project1\LigaPay\LigaPay\venv\Lib\site-packages\redis\utils.py first seen with mtime 1732644628.1464677
File G:\project1\LigaPay\LigaPay\venv\Lib\site-packages\django_celery_beat\migrations\0009_periodictask_headers.py first seen with mtime 1732641439.7758484
File G:\project1\LigaPay\LigaPay\venv\Lib\site-packages\django\contrib\admin\migrations\0003_logentry_add_action_flag_choices.py first seen with mtime 1726590944.8162308
File G:\project1\LigaPay\LigaPay\venv\Lib\site-packages\redis\commands\helpers.py first seen with mtime 1732644628.1576128
File G:\project1\LigaPay\LigaPay\venv\Lib\site-packages\django\contrib\auth\migrations\0012_alter_user_first_name_max_length.py first seen with mtime 1726590945.122231
File G:\project1\LigaPay\LigaPay\venv\Lib\site-packages\django\db\migrations\graph.py first seen with mtime 1726590946.6403646
File G:\project1\LigaPay\LigaPay\products\migrations\0006_remove_accountservice_filter_type_and_more.py first seen with mtime 1733930586.4761841
File G:\project1\LigaPay\LigaPay\venv\Lib\site-packages\django_celery_beat\migrations\0014_remove_clockedschedule_enabled.py first seen with mtime 1732641439.7778463
File G:\project1\LigaPay\LigaPay\venv\Lib\site-packages\redis\asyncio\sentinel.py first seen with mtime 1732644628.15443
File G:\project1\LigaPay\LigaPay\venv\Lib\site-packages\django_celery_beat\migrations\0002_auto_20161118_0346.py first seen with mtime 1732641439.7708478
File G:\project1\LigaPay\LigaPay\venv\Lib\site-packages\redis\asyncio\cluster.py first seen with mtime 1732644628.1523015
File G:\project1\LigaPay\LigaPay\users\migrations\0006_user_last_activity.py first seen with mtime 1739789710.6109066
File G:\project1\LigaPay\LigaPay\products\migrations\0001_initial.py first seen with mtime 1733420265.377048
File G:\project1\LigaPay\LigaPay\venv\Lib\site-packages\django\contrib\auth\migrations\0007_alter_validators_add_error_messages.py first seen with mtime 1726590945.12123
File G:\project1\LigaPay\LigaPay\venv\Lib\site-packages\redis\_parsers\helpers.py first seen with mtime 1732644628.1485393
File G:\project1\LigaPay\LigaPay\orders\migrations\0003_order_amount.py first seen with mtime 1741109245.847424
File G:\project1\LigaPay\LigaPay\venv\Lib\site-packages\redis\credentials.py first seen with mtime 1732644628.142727
File G:\project1\LigaPay\LigaPay\LigaPay\wsgi.py first seen with mtime 1726686597.384477
File G:\project1\LigaPay\LigaPay\venv\Lib\site-packages\captcha\migrations\0001_initial.py first seen with mtime 1728586654.9943
File G:\project1\LigaPay\LigaPay\venv\Lib\site-packages\redis\commands\core.py first seen with mtime 1732644628.1570385
File G:\project1\LigaPay\LigaPay\products\migrations\0018_accountservice_search_description_and_more.py first seen with mtime 1735320850.0419905
File G:\project1\LigaPay\LigaPay\venv\Lib\site-packages\django\contrib\admin\migrations\0002_logentry_remove_auto_add.py first seen with mtime 1726590944.8152308
File G:\project1\LigaPay\LigaPay\venv\Lib\site-packages\django_redis\util.py first seen with mtime 1732644629.0808964
File G:\project1\LigaPay\LigaPay\products\migrations\0021_alter_accountservice_server_and_more.py first seen with mtime 1736424724.9957066
File G:\project1\LigaPay\LigaPay\venv\Lib\site-packages\django\contrib\contenttypes\migrations\__init__.py first seen with mtime 1726590945.2152312
File G:\project1\LigaPay\LigaPay\news\migrations\__init__.py first seen with mtime 1732123295.3903456
File G:\project1\LigaPay\LigaPay\orders\migrations\0001_initial.py first seen with mtime 1740678821.78627
File G:\project1\LigaPay\LigaPay\venv\Lib\site-packages\captcha\migrations\0002_alter_captchastore_id.py first seen with mtime 1728586654.9943
File G:\project1\LigaPay\LigaPay\venv\Lib\site-packages\django\contrib\auth\migrations\0008_alter_user_username_max_length.py first seen with mtime 1726590945.12123
File G:\project1\LigaPay\LigaPay\venv\Lib\site-packages\django\contrib\contenttypes\migrations\0002_remove_content_type_name.py first seen with mtime 1726590945.2152312
File G:\project1\LigaPay\LigaPay\venv\Lib\site-packages\django\contrib\auth\migrations\0004_alter_user_username_opts.py first seen with mtime 1726590945.1202319
File G:\project1\LigaPay\LigaPay\venv\Lib\site-packages\redis\commands\sentinel.py first seen with mtime 1732644628.1581728
File G:\project1\LigaPay\LigaPay\venv\Lib\site-packages\redis\commands\cluster.py first seen with mtime 1732644628.1560042
File G:\project1\LigaPay\LigaPay\venv\Lib\site-packages\django_celery_beat\migrations\0010_auto_20190429_0326.py first seen with mtime 1732641439.7758484
File G:\project1\LigaPay\LigaPay\venv\Lib\site-packages\redis\crc.py first seen with mtime 1732644628.142207
File G:\project1\LigaPay\LigaPay\venv\Lib\site-packages\django\contrib\admin\migrations\0001_initial.py first seen with mtime 1726590944.8152308
File G:\project1\LigaPay\LigaPay\venv\Lib\site-packages\django\contrib\auth\migrations\0009_alter_user_last_name_max_length.py first seen with mtime 1726590945.122231
File G:\project1\LigaPay\LigaPay\products\migrations\0002_alter_rpservice_seller_alter_rpservice_server_and_more.py first seen with mtime 1733655880.6117966
File G:\project1\LigaPay\LigaPay\venv\Lib\site-packages\redis\_parsers\hiredis.py first seen with mtime 1732644628.149057
File G:\project1\LigaPay\LigaPay\venv\Lib\site-packages\django\contrib\sessions\backends\db.py first seen with mtime 1726590946.3743658
File G:\project1\LigaPay\LigaPay\venv\Lib\site-packages\redis\backoff.py first seen with mtime 1732644628.1301918
File G:\project1\LigaPay\LigaPay\venv\Lib\site-packages\django\db\migrations\recorder.py first seen with mtime 1726590946.6423635
File G:\pynthon\Lib\encodings\idna.py first seen with mtime 1707248442.0
File G:\project1\LigaPay\LigaPay\venv\Lib\site-packages\django_celery_beat\migrations\0013_auto_20200609_0727.py first seen with mtime 1732641439.7778463
File G:\project1\LigaPay\LigaPay\venv\Lib\site-packages\django\contrib\auth\migrations\0002_alter_permission_name_max_length.py first seen with mtime 1726590945.119232
File G:\project1\LigaPay\LigaPay\products\migrations\0010_accountservice_rank.py first seen with mtime 1733939024.746361
File G:\project1\LigaPay\LigaPay\venv\Lib\site-packages\django_celery_beat\migrations\0006_auto_20180322_0932.py first seen with mtime 1732641439.7738488
File G:\project1\LigaPay\LigaPay\venv\Lib\site-packages\redis\asyncio\connection.py first seen with mtime 1732644628.1528563
File G:\project1\LigaPay\LigaPay\venv\Lib\site-packages\django\db\migrations\executor.py first seen with mtime 1726590946.6403646
File G:\project1\LigaPay\LigaPay\venv\Lib\site-packages\redis\commands\redismodules.py first seen with mtime 1732644628.1581728
File G:\project1\LigaPay\LigaPay\users\migrations\0002_user_is_verified_email_alter_user_image_and_more.py first seen with mtime 1728393799.7536683
File G:\project1\LigaPay\LigaPay\venv\Lib\site-packages\django\contrib\auth\migrations\0003_alter_user_email_max_length.py first seen with mtime 1726590945.1202319
File G:\project1\LigaPay\LigaPay\venv\Lib\site-packages\redis\typing.py first seen with mtime 1732644628.145427
File G:\project1\LigaPay\LigaPay\products\migrations\0009_accountservice_account_level_and_more.py first seen with mtime 1733938652.1384642
File G:\project1\LigaPay\LigaPay\products\migrations\0024_alter_accountservice_server_and_more.py first seen with mtime 1738684771.1002557
File G:\project1\LigaPay\LigaPay\venv\Lib\site-packages\django_redis\client\herd.py first seen with mtime 1732644629.0828955
File G:\project1\LigaPay\LigaPay\venv\Lib\site-packages\redis\_parsers\base.py first seen with mtime 1732644628.1475046
File G:\project1\LigaPay\LigaPay\venv\Lib\site-packages\django_redis\pool.py first seen with mtime 1732644629.0808964
File G:\project1\LigaPay\LigaPay\venv\Lib\site-packages\django\contrib\auth\migrations\__init__.py first seen with mtime 1726590945.1232295
File G:\project1\LigaPay\LigaPay\venv\Lib\site-packages\redis\sentinel.py first seen with mtime 1732644628.145427
File G:\project1\LigaPay\LigaPay\venv\Lib\site-packages\django\contrib\sessions\migrations\__init__.py first seen with mtime 1726590946.4793632
File G:\project1\LigaPay\LigaPay\venv\Lib\site-packages\redis\cluster.py first seen with mtime 1732644628.1411736
File G:\project1\LigaPay\LigaPay\venv\Lib\site-packages\django\contrib\contenttypes\migrations\0001_initial.py first seen with mtime 1726590945.2142317
File G:\project1\LigaPay\LigaPay\news\migrations\0001_initial.py first seen with mtime 1732124187.2577648
File G:\project1\LigaPay\LigaPay\venv\Lib\site-packages\redis\exceptions.py first seen with mtime 1732644628.1432545
File G:\project1\LigaPay\LigaPay\venv\Lib\site-packages\django_celery_beat\migrations\0005_add_solarschedule_events_choices.py first seen with mtime 1732641439.772849
File G:\project1\LigaPay\LigaPay\venv\Lib\site-packages\django\contrib\auth\migrations\0005_alter_user_last_login_null.py first seen with mtime 1726590945.1202319
File G:\project1\LigaPay\LigaPay\products\migrations\0004_alter_accountservice_server_and_more.py first seen with mtime 1733928815.6773226
File G:\project1\LigaPay\LigaPay\venv\Lib\site-packages\redis\asyncio\lock.py first seen with mtime 1732644628.153391
File G:\project1\LigaPay\LigaPay\users\migrations\__init__.py first seen with mtime 1726760398.9996564
File G:\project1\LigaPay\LigaPay\users\migrations\0003_alter_user_email.py first seen with mtime 1728583440.6588514
File G:\project1\LigaPay\LigaPay\venv\Lib\site-packages\django_celery_beat\migrations\0019_alter_periodictasks_options.py first seen with mtime 1732641439.7808456
File G:\project1\LigaPay\LigaPay\venv\Lib\site-packages\redis\_parsers\socket.py first seen with mtime 1732644628.1506157
File G:\project1\LigaPay\LigaPay\products\migrations\0013_otherservice_auto_delivery_and_more.py first seen with mtime 1733939872.969553
File G:\project1\LigaPay\LigaPay\products\migrations\0019_accountservice_is_auto_delivery_and_more.py first seen with mtime 1735380971.4860263
File G:\project1\LigaPay\LigaPay\venv\Lib\site-packages\django\db\models\sql\compiler.py first seen with mtime 1726590946.6613646
File G:\project1\LigaPay\LigaPay\venv\Lib\site-packages\redis\asyncio\retry.py first seen with mtime 1732644628.1539116
File G:\project1\LigaPay\LigaPay\venv\Lib\site-packages\django_celery_beat\migrations\0006_auto_20180210_1226.py first seen with mtime 1732641439.772849
File G:\project1\LigaPay\LigaPay\venv\Lib\site-packages\django_celery_beat\migrations\0012_periodictask_expire_seconds.py first seen with mtime 1732641439.7768488
File G:\project1\LigaPay\LigaPay\venv\Lib\site-packages\django_celery_beat\migrations\__init__.py first seen with mtime 1732641439.7808456
File G:\project1\LigaPay\LigaPay\venv\Lib\site-packages\redis\commands\__init__.py first seen with mtime 1732644628.155485
File G:\project1\LigaPay\LigaPay\products\migrations\0020_alter_accountservice_category.py first seen with mtime 1736423403.269295
File G:\project1\LigaPay\LigaPay\venv\Lib\site-packages\django_redis\hash_ring.py first seen with mtime 1732644629.079895
File G:\project1\LigaPay\LigaPay\venv\Lib\site-packages\django\db\migrations\loader.py first seen with mtime 1726590946.6403646
File G:\project1\LigaPay\LigaPay\venv\Lib\site-packages\django_celery_beat\migrations\0017_alter_crontabschedule_month_of_year.py first seen with mtime 1732641439.7798455
File G:\project1\LigaPay\LigaPay\products\migrations\0011_donationservice_receiving_method.py first seen with mtime 1733939232.0419345
File G:\project1\LigaPay\LigaPay\venv\Lib\site-packages\django_celery_beat\migrations\0003_auto_20161209_0049.py first seen with mtime 1732641439.7708478
File G:\project1\LigaPay\LigaPay\venv\Lib\site-packages\django\contrib\admin\migrations\__init__.py first seen with mtime 1726590944.8162308
File G:\project1\LigaPay\LigaPay\venv\Lib\site-packages\redis\asyncio\utils.py first seen with mtime 1732644628.15496
File G:\project1\LigaPay\LigaPay\venv\Lib\site-packages\django\contrib\auth\migrations\0001_initial.py first seen with mtime 1726590945.119232
File G:\project1\LigaPay\LigaPay\products\migrations\0008_battlepassservice_filter_type_and_more.py first seen with mtime 1733932555.3106384
File G:\project1\LigaPay\LigaPay\venv\Lib\site-packages\django\contrib\sessions\migrations\0001_initial.py first seen with mtime 1726590946.4793632
File G:\project1\LigaPay\LigaPay\news\migrations\0002_alter_news_options.py first seen with mtime 1732814021.1114922
File G:\project1\LigaPay\LigaPay\venv\Lib\site-packages\redis\_parsers\resp3.py first seen with mtime 1732644628.150098
File G:\project1\LigaPay\LigaPay\users\migrations\0001_initial.py first seen with mtime 1727194750.8073032
File G:\project1\LigaPay\LigaPay\venv\Lib\site-packages\django_celery_beat\migrations\0007_auto_20180521_0826.py first seen with mtime 1732641439.774848
File G:\project1\LigaPay\LigaPay\venv\Lib\site-packages\redis\connection.py first seen with mtime 1732644628.1416922
File G:\project1\LigaPay\LigaPay\products\migrations\0025_alter_battlepassservice_filter_type_and_more.py first seen with mtime 1738684931.096323
File G:\project1\LigaPay\LigaPay\main\migrations\__init__.py first seen with mtime 1726687386.9033542
File G:\project1\LigaPay\LigaPay\venv\Lib\site-packages\django\views\csrf.py first seen with mtime 1726590946.7383633
File G:\project1\LigaPay\LigaPay\wallet\migrations\__init__.py first seen with mtime 1740130259.819463
File G:\project1\LigaPay\LigaPay\orders\migrations\0002_order_price.py first seen with mtime 1740678964.1223564
File G:\project1\LigaPay\LigaPay\products\migrations\0016_alter_battlepassservice_filter_type.py first seen with mtime 1735233261.4149168
File G:\project1\LigaPay\LigaPay\products\migrations\0023_alter_accountservice_server_and_more.py first seen with mtime 1738684743.9670243
File G:\project1\LigaPay\LigaPay\venv\Lib\site-packages\django_celery_beat\migrations\0004_auto_20170221_0000.py first seen with mtime 1732641439.7718499
File G:\project1\LigaPay\LigaPay\products\migrations\0007_donationservice_filter_type_and_more.py first seen with mtime 1733932431.8163662
File G:\project1\LigaPay\LigaPay\venv\Lib\site-packages\django\contrib\auth\migrations\0011_update_proxy_permissions.py first seen with mtime 1726590945.122231
File G:\project1\LigaPay\LigaPay\products\migrations\0005_remove_accountservice_category_and_more.py first seen with mtime 1733930280.5253367
File G:\project1\LigaPay\LigaPay\venv\Lib\site-packages\django_redis\client\sentinel.py first seen with mtime 1732644629.0838947
File G:\project1\LigaPay\LigaPay\users\migrations\0005_user_email_change_token.py first seen with mtime 1730386437.0861495
File G:\project1\LigaPay\LigaPay\venv\Lib\site-packages\django_celery_beat\migrations\0016_alter_crontabschedule_timezone.py first seen with mtime 1732641439.778846
File G:\pynthon\Lib\stringprep.py first seen with mtime 1707248442.0
File G:\project1\LigaPay\LigaPay\venv\Lib\site-packages\redis\lock.py first seen with mtime 1732644628.1432545
File G:\project1\LigaPay\LigaPay\venv\Lib\site-packages\django_celery_beat\migrations\0015_edit_solarschedule_events_choices.py first seen with mtime 1732641439.778846
File G:\project1\LigaPay\LigaPay\products\migrations\0027_battlepassservice_quantity.py first seen with mtime 1738864214.6472285
File G:\project1\LigaPay\LigaPay\venv\Lib\site-packages\django_celery_beat\migrations\0001_initial.py first seen with mtime 1732641439.769848
File G:\project1\LigaPay\LigaPay\products\migrations\__init__.py first seen with mtime 1733158547.7460487
File G:\project1\LigaPay\LigaPay\venv\Lib\site-packages\django_celery_beat\migrations\0018_improve_crontab_helptext.py first seen with mtime 1732641439.7798455
File G:\project1\LigaPay\LigaPay\venv\Lib\site-packages\django_redis\client\sharded.py first seen with mtime 1732644629.0838947
File G:\project1\LigaPay\LigaPay\venv\Lib\site-packages\django_celery_beat\migrations\0008_auto_20180914_1922.py first seen with mtime 1732641439.774848
File G:\project1\LigaPay\LigaPay\venv\Lib\site-packages\redis\_parsers\commands.py first seen with mtime 1732644628.1480217
File G:\project1\LigaPay\LigaPay\venv\Lib\site-packages\django\contrib\auth\migrations\0006_require_contenttypes_0002.py first seen with mtime 1726590945.12123
File G:\project1\LigaPay\LigaPay\products\migrations\0026_battlepassservice_server.py first seen with mtime 1738863930.8107207
File G:\project1\LigaPay\LigaPay\venv\Lib\site-packages\django_celery_beat\migrations\0011_auto_20190508_0153.py first seen with mtime 1732641439.7768488
File G:\project1\LigaPay\LigaPay\products\migrations\0022_alter_accountservice_filter_type.py first seen with mtime 1738683788.9171367
File G:\project1\LigaPay\LigaPay\venv\Lib\site-packages\redis\cache.py first seen with mtime 1732644628.1306958
Watching for file changes with StatReloader
Waiting for apps ready_event.
Apps ready_event triggered. Sending autoreload_started signal.
Watching dir G:\project1\LigaPay\LigaPay\news\templates with glob **/*.
Watching dir G:\project1\LigaPay\LigaPay\users\templates with glob **/*.
Watching dir G:\project1\LigaPay\LigaPay\main\templates with glob **/*.
Watching dir G:\project1\LigaPay\LigaPay\venv\Lib\site-packages\django_celery_beat\templates with glob **/*.
Watching dir G:\project1\LigaPay\LigaPay\venv\Lib\site-packages\debug_toolbar\templates with glob **/*.
Watching dir G:\project1\LigaPay\LigaPay\venv\Lib\site-packages\captcha\templates with glob **/*.
Watching dir G:\project1\LigaPay\LigaPay\orders\templates with glob **/*.
Watching dir G:\project1\LigaPay\LigaPay\templates with glob **/*.
Watching dir G:\project1\LigaPay\LigaPay\wallet\templates with glob **/*.
Watching dir G:\project1\LigaPay\LigaPay\products\templates with glob **/*.
Watching dir G:\project1\LigaPay\LigaPay\locale with glob **/*.mo.
Watching dir G:\project1\LigaPay\LigaPay\venv\Lib\site-packages\debug_toolbar\locale with glob **/*.mo.
Watching dir G:\project1\LigaPay\LigaPay\main\locale with glob **/*.mo.
Watching dir G:\project1\LigaPay\LigaPay\users\locale with glob **/*.mo.
Watching dir G:\project1\LigaPay\LigaPay\venv\Lib\site-packages\captcha\locale with glob **/*.mo.
Watching dir G:\project1\LigaPay\LigaPay\venv\Lib\site-packages\widget_tweaks\locale with glob **/*.mo.
Watching dir G:\project1\LigaPay\LigaPay\news\locale with glob **/*.mo.
Watching dir G:\project1\LigaPay\LigaPay\venv\Lib\site-packages\django_celery_beat\locale with glob **/*.mo.
Watching dir G:\project1\LigaPay\LigaPay\products\locale with glob **/*.mo.
Watching dir G:\project1\LigaPay\LigaPay\wallet\locale with glob **/*.mo.
Watching dir G:\project1\LigaPay\LigaPay\orders\locale with glob **/*.mo.
(0.000) 
            SELECT
                c.relname,
                CASE
                    WHEN c.relispartition THEN 'p'
                    WHEN c.relkind IN ('m', 'v') THEN 'v'
                    ELSE 't'
                END,
                obj_description(c.oid, 'pg_class')
            FROM pg_catalog.pg_class c
            LEFT JOIN pg_catalog.pg_namespace n ON n.oid = c.relnamespace
            WHERE c.relkind IN ('f', 'm', 'p', 'r', 'v')
                AND n.nspname NOT IN ('pg_catalog', 'pg_toast')
                AND pg_catalog.pg_table_is_visible(c.oid)
        ; args=None; alias=default
(0.000) SELECT "django_migrations"."id", "django_migrations"."app", "django_migrations"."name", "django_migrations"."applied" FROM "django_migrations"; args=(); alias=default
File G:\project1\LigaPay\LigaPay\news\models.py first seen with mtime 1732540759.784505
File G:\project1\LigaPay\LigaPay\venv\Lib\site-packages\timezone_field\forms.py first seen with mtime 1732641434.9828458
File G:\pynthon\Lib\random.py first seen with mtime 1707248442.0
File G:\project1\LigaPay\LigaPay\venv\Lib\site-packages\debug_toolbar\panels\history\__init__.py first seen with mtime 1736963109.4312847
File G:\project1\LigaPay\LigaPay\venv\Lib\site-packages\PIL\_imagingft.cp311-win_amd64.pyd first seen with mtime 1727118445.8743808
File G:\project1\LigaPay\LigaPay\users\middleware.py first seen with mtime 1739789815.9731033
File G:\project1\LigaPay\LigaPay\venv\Lib\site-packages\django\core\checks\model_checks.py first seen with mtime 1726590946.5843635
File G:\project1\LigaPay\LigaPay\venv\Lib\site-packages\django\db\models\base.py first seen with mtime 1726590946.6473665
File G:\pynthon\Lib\difflib.py first seen with mtime 1707248442.0
File G:\project1\LigaPay\LigaPay\venv\Lib\site-packages\django\db\models\aggregates.py first seen with mtime 1726590946.6473665
File G:\project1\LigaPay\LigaPay\venv\Lib\site-packages\celery\app\registry.py first seen with mtime 1732641437.2328475
File G:\project1\LigaPay\LigaPay\venv\Lib\site-packages\django\utils\html.py first seen with mtime 1726590946.7293656
File G:\project1\LigaPay\LigaPay\venv\Lib\site-packages\django\template\library.py first seen with mtime 1726590946.7083652
File G:\project1\LigaPay\LigaPay\venv\Lib\site-packages\django\contrib\auth\mixins.py first seen with mtime 1726590944.9982312
File G:\project1\LigaPay\LigaPay\venv\Lib\site-packages\django\utils\inspect.py first seen with mtime 1726590946.730365
File G:\project1\LigaPay\LigaPay\venv\Lib\site-packages\amqp\serialization.py first seen with mtime 1732641435.4418466
File G:\pynthon\Lib\pstats.py first seen with mtime 1707248442.0
File G:\project1\LigaPay\LigaPay\venv\Lib\site-packages\django_filters\conf.py first seen with mtime 1737573152.0061586
File G:\project1\LigaPay\LigaPay\venv\Lib\site-packages\django\core\checks\security\sessions.py first seen with mtime 1726590946.5873635
File G:\pynthon\Lib\email\parser.py first seen with mtime 1707248442.0
File G:\pynthon\Lib\re\_parser.py first seen with mtime 1707248442.0
File G:\project1\LigaPay\LigaPay\venv\Lib\site-packages\django\contrib\auth\__init__.py first seen with mtime 1726590944.9932318
File G:\project1\LigaPay\LigaPay\venv\Lib\site-packages\django\db\models\lookups.py first seen with mtime 1726590946.6513662
File G:\pynthon\Lib\heapq.py first seen with mtime 1707248442.0
File G:\pynthon\Lib\asyncio\log.py first seen with mtime 1707248442.0
File G:\pynthon\Lib\asyncio\runners.py first seen with mtime 1707248442.0
File G:\project1\LigaPay\LigaPay\venv\Lib\site-packages\tzdata\zoneinfo\Brazil\__init__.py first seen with mtime 1726590942.3898566
File G:\project1\LigaPay\LigaPay\venv\Lib\site-packages\attr\filters.py first seen with mtime 1732115536.2980144
File G:\project1\LigaPay\LigaPay\venv\Lib\site-packages\django\contrib\admin\templatetags\base.py first seen with mtime 1726590944.8952303
File G:\project1\LigaPay\LigaPay\venv\Lib\site-packages\django\core\checks\files.py first seen with mtime 1726590946.5833635
File G:\project1\LigaPay\LigaPay\venv\Lib\site-packages\django\core\cache\backends\filebased.py first seen with mtime 1726590946.580365
File G:\project1\LigaPay\LigaPay\venv\Lib\site-packages\django\template\backends\django.py first seen with mtime 1726590946.7103634
File G:\project1\LigaPay\LigaPay\venv\Lib\site-packages\django\db\models\functions\window.py first seen with mtime 1726590946.660364
File G:\pynthon\DLLs\_hashlib.pyd first seen with mtime 1707248490.0
File G:\project1\LigaPay\LigaPay\venv\Lib\site-packages\django\db\migrations\operations\models.py first seen with mtime 1726590946.6453648
File G:\project1\LigaPay\LigaPay\wallet\urls.py first seen with mtime 1740503372.8625188
File G:\project1\LigaPay\LigaPay\venv\Lib\site-packages\colorama\__init__.py first seen with mtime 1732641433.8288462
File G:\pynthon\DLLs\pyexpat.pyd first seen with mtime 1707248490.0
File G:\project1\LigaPay\LigaPay\venv\Lib\site-packages\django\db\backends\base\schema.py first seen with mtime 1726590946.6193645
File G:\pynthon\Lib\email\mime\nonmultipart.py first seen with mtime 1707248442.0
File G:\project1\LigaPay\LigaPay\venv\Lib\site-packages\dateutil\parser\isoparser.py first seen with mtime 1732641434.717846
File G:\project1\LigaPay\LigaPay\venv\Lib\site-packages\ranged_response\__init__.py first seen with mtime 1728586654.8957953
File G:\pynthon\Lib\encodings\cp1251.py first seen with mtime 1707248442.0
File G:\project1\LigaPay\LigaPay\venv\Lib\site-packages\captcha\__init__.py first seen with mtime 1728586654.9512987
File G:\project1\LigaPay\LigaPay\venv\Lib\site-packages\django\forms\utils.py first seen with mtime 1726590946.6683636
File G:\project1\LigaPay\LigaPay\venv\Lib\site-packages\django\__init__.py first seen with mtime 1726590944.4407225
File G:\project1\LigaPay\LigaPay\venv\Lib\site-packages\django\contrib\admin\decorators.py first seen with mtime 1726590944.6222312
File G:\project1\LigaPay\LigaPay\venv\Lib\site-packages\django\utils\regex_helper.py first seen with mtime 1726590946.733364
File G:\project1\LigaPay\LigaPay\venv\Lib\site-packages\django_filters\utils.py first seen with mtime 1737573152.0092764
File G:\pynthon\Lib\colorsys.py first seen with mtime 1707248442.0
File G:\project1\LigaPay\LigaPay\venv\Lib\site-packages\django\contrib\admin\templatetags\admin_modify.py first seen with mtime 1726590944.8952303
File G:\project1\LigaPay\LigaPay\venv\Lib\site-packages\django\utils\dateparse.py first seen with mtime 1726590946.725366
File G:\project1\LigaPay\LigaPay\venv\Lib\site-packages\django\middleware\gzip.py first seen with mtime 1726590946.7033658
File G:\project1\LigaPay\LigaPay\venv\Lib\site-packages\django_celery_beat\signals.py first seen with mtime 1732641439.75185
File G:\pynthon\Lib\zoneinfo\_common.py first seen with mtime 1707248442.0
File G:\project1\LigaPay\LigaPay\venv\Lib\site-packages\django\contrib\staticfiles\management\commands\runserver.py first seen with mtime 1726590946.5733647
File G:\project1\LigaPay\LigaPay\venv\Lib\site-packages\debug_toolbar\urls.py first seen with mtime 1736963109.3912811
File G:\project1\LigaPay\LigaPay\venv\Lib\site-packages\colorama\winterm.py first seen with mtime 1732641433.8308463
File G:\project1\LigaPay\LigaPay\venv\Lib\site-packages\tzdata\zoneinfo\Chile\__init__.py first seen with mtime 1726590942.3938563
File G:\project1\LigaPay\LigaPay\venv\Lib\site-packages\PIL\ImageDraw.py first seen with mtime 1727118445.8052523
File G:\project1\LigaPay\LigaPay\venv\Lib\site-packages\django\core\checks\urls.py first seen with mtime 1726590946.5853646
File G:\project1\LigaPay\LigaPay\venv\Lib\site-packages\django\conf\urls\static.py first seen with mtime 1726590944.6202312
File G:\project1\LigaPay\LigaPay\venv\Lib\site-packages\django_celery_beat\tzcrontab.py first seen with mtime 1732641439.7528532
File G:\project1\LigaPay\LigaPay\venv\Lib\site-packages\django\core\exceptions.py first seen with mtime 1726590946.575364
File G:\pynthon\Lib\html\parser.py first seen with mtime 1707248442.0
File G:\project1\LigaPay\LigaPay\venv\Lib\site-packages\kombu\utils\encoding.py first seen with mtime 1732641435.8088465
File G:\project1\LigaPay\LigaPay\venv\Lib\site-packages\sqlparse\filters\aligned_indent.py first seen with mtime 1726590942.5698705
File G:\pynthon\Lib\asyncio\coroutines.py first seen with mtime 1707248442.0
File G:\project1\LigaPay\LigaPay\venv\Lib\site-packages\django\contrib\sessions\base_session.py first seen with mtime 1726590946.357364
File G:\pynthon\Lib\importlib\_abc.py first seen with mtime 1707248442.0
File G:\project1\LigaPay\LigaPay\venv\Lib\site-packages\tzdata\zoneinfo\Arctic\__init__.py first seen with mtime 1726590942.3408582
File G:\pynthon\Lib\turtle.py first seen with mtime 1707248442.0
File G:\project1\LigaPay\LigaPay\venv\Lib\site-packages\celery\utils\collections.py first seen with mtime 1732641437.2838466
File G:\project1\LigaPay\LigaPay\venv\Lib\site-packages\django\forms\boundfield.py first seen with mtime 1726590946.6663651
File G:\project1\LigaPay\LigaPay\venv\Lib\site-packages\django\core\servers\basehttp.py first seen with mtime 1726590946.6133647
File G:\pynthon\Lib\types.py first seen with mtime 1707248442.0
File G:\project1\LigaPay\LigaPay\venv\Lib\site-packages\django\db\backends\base\introspection.py first seen with mtime 1726590946.6183653
File G:\project1\LigaPay\LigaPay\venv\Lib\site-packages\django\contrib\admin\__init__.py first seen with mtime 1726590944.621231
File G:\project1\LigaPay\LigaPay\venv\Lib\site-packages\django\middleware\__init__.py first seen with mtime 1726590946.7013667
File G:\pynthon\Lib\re\__init__.py first seen with mtime 1707248442.0
File G:\project1\LigaPay\LigaPay\venv\Lib\site-packages\kombu\utils\uuid.py first seen with mtime 1732641435.8138473
File G:\project1\LigaPay\LigaPay\venv\Lib\site-packages\celery\utils\functional.py first seen with mtime 1732641437.285848
File G:\project1\LigaPay\LigaPay\venv\Lib\site-packages\captcha\models.py first seen with mtime 1728586654.9523003
File G:\pynthon\Lib\email\_policybase.py first seen with mtime 1707248442.0
File G:\pynthon\Lib\email\errors.py first seen with mtime 1707248442.0
File G:\project1\LigaPay\LigaPay\venv\Lib\site-packages\django\templatetags\static.py first seen with mtime 1726590946.7153645
File G:\project1\LigaPay\LigaPay\venv\Lib\site-packages\debug_toolbar\_compat.py first seen with mtime 1736963109.38025
File G:\project1\LigaPay\LigaPay\venv\Lib\site-packages\debug_toolbar\panels\history\panel.py first seen with mtime 1736963109.4322832
File G:\project1\LigaPay\LigaPay\venv\Lib\site-packages\vine\promises.py first seen with mtime 1732641431.9138439
File G:\project1\LigaPay\LigaPay\products\mixins.py first seen with mtime 1739790428.468932
File G:\project1\LigaPay\LigaPay\venv\Lib\site-packages\celery\app\backends.py first seen with mtime 1732641437.2288463
File G:\pynthon\Lib\asyncio\selector_events.py first seen with mtime 1707248442.0
File G:\pynthon\Lib\ctypes\wintypes.py first seen with mtime 1707248442.0
File G:\pynthon\Lib\importlib\abc.py first seen with mtime 1707248442.0
File G:\project1\LigaPay\LigaPay\venv\Lib\site-packages\django\http\request.py first seen with mtime 1726590946.7013667
File G:\project1\LigaPay\LigaPay\venv\Lib\site-packages\amqp\abstract_channel.py first seen with mtime 1732641435.436846
File G:\pynthon\Lib\json\encoder.py first seen with mtime 1707248442.0
File G:\project1\LigaPay\LigaPay\venv\Lib\site-packages\django\contrib\sites\__init__.py first seen with mtime 1726590946.4823632
File G:\project1\LigaPay\LigaPay\venv\Lib\site-packages\django\core\handlers\asgi.py first seen with mtime 1726590946.5923634
File G:\project1\LigaPay\LigaPay\venv\Lib\site-packages\django\core\mail\utils.py first seen with mtime 1726590946.5943632
File G:\project1\LigaPay\LigaPay\venv\Lib\site-packages\django\apps\registry.py first seen with mtime 1726590944.4427235
File G:\project1\LigaPay\LigaPay\venv\Lib\site-packages\django\db\models\options.py first seen with mtime 1726590946.6513662
File G:\project1\LigaPay\LigaPay\venv\Lib\site-packages\redis\asyncio\__init__.py first seen with mtime 1732644628.1512122
File G:\pynthon\Lib\asyncio\timeouts.py first seen with mtime 1707248442.0
File G:\project1\LigaPay\LigaPay\venv\Lib\site-packages\django\views\debug.py first seen with mtime 1726590946.7383633
File G:\pynthon\Lib\email\base64mime.py first seen with mtime 1707248442.0
File G:\project1\LigaPay\LigaPay\venv\Lib\site-packages\django\template\backends\base.py first seen with mtime 1726590946.7103634
File G:\project1\LigaPay\LigaPay\venv\Lib\site-packages\django\core\__init__.py first seen with mtime 1726590946.5743635
File G:\project1\LigaPay\LigaPay\venv\Lib\site-packages\django\middleware\common.py first seen with mtime 1726590946.7023656
File G:\pynthon\Lib\asyncio\windows_utils.py first seen with mtime 1707248442.0
File G:\project1\LigaPay\LigaPay\venv\Lib\site-packages\kombu\utils\imports.py first seen with mtime 1732641435.8098478
File G:\pynthon\Lib\xml\dom\xmlbuilder.py first seen with mtime 1707248442.0
File G:\project1\LigaPay\LigaPay\venv\Lib\site-packages\django\contrib\admin\models.py first seen with mtime 1726590944.6242316
File G:\project1\LigaPay\LigaPay\venv\Lib\site-packages\django\db\models\utils.py first seen with mtime 1726590946.653365
File G:\project1\LigaPay\LigaPay\wallet\views.py first seen with mtime 1740503980.7901468
File G:\project1\LigaPay\LigaPay\venv\Lib\site-packages\celery\utils\text.py first seen with mtime 1732641437.2898474
File G:\project1\LigaPay\LigaPay\venv\Lib\site-packages\django_celery_beat\clockedschedule.py first seen with mtime 1732641439.745855
File G:\project1\LigaPay\LigaPay\venv\Lib\site-packages\django\db\backends\utils.py first seen with mtime 1726590946.6163647
File G:\pynthon\Lib\ctypes\__init__.py first seen with mtime 1707248442.0
File G:\project1\LigaPay\LigaPay\venv\Lib\site-packages\django\views\decorators\cache.py first seen with mtime 1726590946.7403634
File G:\project1\LigaPay\LigaPay\venv\Lib\site-packages\click\termui.py first seen with mtime 1732641435.1628494
File G:\project1\LigaPay\LigaPay\venv\Lib\site-packages\sqlparse\tokens.py first seen with mtime 1726590942.5668576
File G:\project1\LigaPay\LigaPay\venv\Lib\site-packages\dateutil\tz\_factories.py first seen with mtime 1732641434.7188468
File G:\project1\LigaPay\LigaPay\venv\Lib\site-packages\celery\utils\abstract.py first seen with mtime 1732641437.2838466
File G:\project1\LigaPay\LigaPay\venv\Lib\site-packages\django\db\models\fields\related.py first seen with mtime 1726590946.6563647
File G:\pynthon\Lib\cProfile.py first seen with mtime 1707248442.0
File G:\pynthon\Lib\email\mime\image.py first seen with mtime 1707248442.0
File G:\project1\LigaPay\LigaPay\venv\Lib\site-packages\django\forms\forms.py first seen with mtime 1726590946.6673636
File G:\pynthon\Lib\lzma.py first seen with mtime 1707248442.0
File G:\project1\LigaPay\LigaPay\venv\Lib\site-packages\django\test\utils.py first seen with mtime 1726590946.718364
File G:\pynthon\Lib\wsgiref\util.py first seen with mtime 1707248442.0
File G:\project1\LigaPay\LigaPay\venv\Lib\site-packages\sqlparse\filters\reindent.py first seen with mtime 1726590942.5708568
File G:\project1\LigaPay\LigaPay\products\apps.py first seen with mtime 1733158547.720054
File G:\pynthon\Lib\wsgiref\simple_server.py first seen with mtime 1707248442.0
File G:\project1\LigaPay\LigaPay\venv\Lib\site-packages\celery\signals.py first seen with mtime 1732641437.2268462
File G:\project1\LigaPay\LigaPay\venv\Lib\site-packages\django\core\files\temp.py first seen with mtime 1726590946.589363
File G:\project1\LigaPay\LigaPay\venv\Lib\site-packages\django\templatetags\i18n.py first seen with mtime 1726590946.7143629
File G:\project1\LigaPay\LigaPay\venv\Lib\site-packages\cron_descriptor\GetText.py first seen with mtime 1732641431.7568438
File G:\pynthon\Lib\inspect.py first seen with mtime 1707248442.0
File G:\project1\LigaPay\LigaPay\venv\Lib\site-packages\django\contrib\sites\requests.py first seen with mtime 1726590946.4843638
File G:\project1\LigaPay\LigaPay\venv\Lib\site-packages\sqlparse\engine\filter_stack.py first seen with mtime 1726590942.5678573
File G:\project1\LigaPay\LigaPay\venv\Lib\site-packages\django\contrib\staticfiles\__init__.py first seen with mtime 1726590946.5683634
File G:\project1\LigaPay\LigaPay\venv\Lib\site-packages\dotenv\main.py first seen with mtime 1726590943.5151434
File G:\project1\LigaPay\LigaPay\main\urls.py first seen with mtime 1733053025.8868248
File G:\project1\LigaPay\LigaPay\users\admin.py first seen with mtime 1740133733.3898263
File G:\project1\LigaPay\LigaPay\venv\Lib\site-packages\django\contrib\auth\checks.py first seen with mtime 1726590944.9952314
File G:\project1\LigaPay\LigaPay\venv\Lib\site-packages\celery\utils\term.py first seen with mtime 1732641437.2898474
File G:\project1\LigaPay\LigaPay\venv\Lib\site-packages\django\core\management\commands\runserver.py first seen with mtime 1726590946.6063647
File G:\pynthon\DLLs\_decimal.pyd first seen with mtime 1707248490.0
File G:\project1\LigaPay\LigaPay\venv\Lib\site-packages\click\_winconsole.py first seen with mtime 1732641435.1568487
File G:\project1\LigaPay\LigaPay\venv\Lib\site-packages\dateutil\tz\__init__.py first seen with mtime 1732641434.717846
File G:\project1\LigaPay\LigaPay\venv\Lib\site-packages\django\db\backends\base\creation.py first seen with mtime 1726590946.6173651
File G:\project1\LigaPay\LigaPay\venv\Lib\site-packages\django_redis\client\__init__.py first seen with mtime 1732644629.0818954
File G:\project1\LigaPay\LigaPay\venv\Lib\site-packages\django\core\serializers\json.py first seen with mtime 1726590946.6113646
File G:\project1\LigaPay\LigaPay\venv\Lib\site-packages\attr\validators.py first seen with mtime 1732115536.300015
File G:\pynthon\Lib\unittest\mock.py first seen with mtime 1707248442.0
File G:\pynthon\Lib\tempfile.py first seen with mtime 1707248442.0
File G:\project1\LigaPay\LigaPay\venv\Lib\site-packages\django\views\decorators\csrf.py first seen with mtime 1726590946.741366
File G:\pynthon\Lib\pprint.py first seen with mtime 1707248442.0
File G:\project1\LigaPay\LigaPay\venv\Lib\site-packages\sqlparse\engine\grouping.py first seen with mtime 1726590942.5688572
File G:\project1\LigaPay\LigaPay\venv\Lib\site-packages\django\utils\_os.py first seen with mtime 1726590946.7223642
File G:\project1\LigaPay\LigaPay\venv\Lib\site-packages\django\utils\numberformat.py first seen with mtime 1726590946.7323644
File G:\project1\LigaPay\LigaPay\venv\Lib\site-packages\debug_toolbar\settings.py first seen with mtime 1736963109.3902817
File G:\project1\LigaPay\LigaPay\venv\Lib\site-packages\django\utils\timesince.py first seen with mtime 1726590946.7343645
File G:\pynthon\Lib\wsgiref\headers.py first seen with mtime 1707248442.0
File G:\project1\LigaPay\LigaPay\venv\Lib\site-packages\dateutil\tz\tz.py first seen with mtime 1732641434.7198615
File G:\project1\LigaPay\LigaPay\venv\Lib\site-packages\django\db\models\fields\related_lookups.py first seen with mtime 1726590946.6573634
File G:\project1\LigaPay\LigaPay\venv\Lib\site-packages\django\contrib\auth\middleware.py first seen with mtime 1726590944.9982312
File G:\pynthon\Lib\importlib\__init__.py first seen with mtime 1707248442.0
File G:\project1\LigaPay\LigaPay\wallet\__init__.py first seen with mtime 1740130259.818463
File G:\project1\LigaPay\LigaPay\venv\Lib\site-packages\django\urls\resolvers.py first seen with mtime 1726590946.7203646
File G:\pynthon\Lib\threading.py first seen with mtime 1707248442.0
File G:\pynthon\Lib\uuid.py first seen with mtime 1707248442.0
File G:\project1\LigaPay\LigaPay\venv\Lib\site-packages\django\views\__init__.py first seen with mtime 1726590946.7383633
File G:\project1\LigaPay\LigaPay\venv\Lib\site-packages\django\core\cache\utils.py first seen with mtime 1726590946.5783634
File G:\pynthon\DLLs\_socket.pyd first seen with mtime 1707248490.0
File G:\project1\LigaPay\LigaPay\venv\Lib\site-packages\django\core\checks\registry.py first seen with mtime 1726590946.5843635
File G:\project1\LigaPay\LigaPay\news\views.py first seen with mtime 1733236364.1613946
File G:\project1\LigaPay\LigaPay\venv\Lib\site-packages\django\conf\global_settings.py first seen with mtime 1726590944.443721
File G:\project1\LigaPay\LigaPay\venv\Lib\site-packages\django\core\handlers\base.py first seen with mtime 1726590946.593363
File G:\pynthon\Lib\zoneinfo\_tzpath.py first seen with mtime 1707248442.0
File G:\pynthon\Lib\email\encoders.py first seen with mtime 1707248442.0
File G:\pynthon\Lib\wsgiref\__init__.py first seen with mtime 1707248442.0
File G:\project1\LigaPay\LigaPay\venv\Lib\site-packages\django\db\models\functions\__init__.py first seen with mtime 1726590946.658366
File G:\project1\LigaPay\LigaPay\venv\Lib\site-packages\psycopg2\errors.py first seen with mtime 1726590943.6761422
File G:\project1\LigaPay\LigaPay\venv\Lib\site-packages\django\middleware\cache.py first seen with mtime 1726590946.7023656
File G:\project1\LigaPay\LigaPay\venv\Lib\site-packages\amqp\transport.py first seen with mtime 1732641435.4428475
File G:\project1\LigaPay\LigaPay\venv\Lib\site-packages\PIL\_deprecate.py first seen with mtime 1727118445.8350198
File G:\project1\LigaPay\LigaPay\venv\Lib\site-packages\captcha\helpers.py first seen with mtime 1728586654.9523003
File G:\project1\LigaPay\LigaPay\venv\Lib\site-packages\django\template\smartif.py first seen with mtime 1726590946.7093637
File G:\pynthon\Lib\tkinter\commondialog.py first seen with mtime 1707248442.0
File G:\project1\LigaPay\LigaPay\venv\Lib\site-packages\sqlparse\filters\__init__.py first seen with mtime 1726590942.5698705
File G:\project1\LigaPay\LigaPay\venv\Lib\site-packages\django\core\files\locks.py first seen with mtime 1726590946.588364
File G:\project1\LigaPay\LigaPay\venv\Lib\site-packages\django\contrib\auth\password_validation.py first seen with mtime 1726590944.9992306
File G:\project1\LigaPay\LigaPay\venv\Lib\site-packages\django\core\paginator.py first seen with mtime 1726590946.5763648
File G:\project1\LigaPay\LigaPay\venv\Lib\site-packages\debug_toolbar\__init__.py first seen with mtime 1736963109.38025
File G:\project1\LigaPay\LigaPay\venv\Lib\site-packages\django\core\handlers\exception.py first seen with mtime 1726590946.593363
File G:\project1\LigaPay\LigaPay\venv\Lib\site-packages\django\forms\__init__.py first seen with mtime 1726590946.6653643
File G:\pynthon\Lib\tkinter\constants.py first seen with mtime 1707248442.0
File G:\project1\LigaPay\LigaPay\venv\Lib\site-packages\billiard\compat.py first seen with mtime 1732641434.155846
File G:\pynthon\DLLs\_lzma.pyd first seen with mtime 1707248490.0
File G:\project1\LigaPay\LigaPay\venv\Lib\site-packages\sqlparse\cli.py first seen with mtime 1726590942.5638576
File G:\project1\LigaPay\LigaPay\venv\Lib\site-packages\django\contrib\staticfiles\finders.py first seen with mtime 1726590946.5693653
File G:\project1\LigaPay\LigaPay\venv\Lib\site-packages\django\core\files\storage\memory.py first seen with mtime 1726590946.5913637
File G:\project1\LigaPay\LigaPay\users\apps.py first seen with mtime 1726760398.9836557
File G:\project1\LigaPay\LigaPay\venv\Lib\site-packages\django\core\handlers\wsgi.py first seen with mtime 1726590946.593363
File G:\project1\LigaPay\LigaPay\venv\Lib\site-packages\django_redis\client\default.py first seen with mtime 1732644629.0828955
File G:\project1\LigaPay\LigaPay\venv\Lib\site-packages\debug_toolbar\panels\history\forms.py first seen with mtime 1736963109.4322832
File G:\project1\LigaPay\LigaPay\venv\Lib\site-packages\click\core.py first seen with mtime 1732641435.1588466
File G:\project1\LigaPay\LigaPay\venv\Lib\site-packages\django\contrib\auth\management\__init__.py first seen with mtime 1726590945.1172295
File G:\project1\LigaPay\LigaPay\venv\Lib\site-packages\asgiref\local.py first seen with mtime 1726590944.2548585
File G:\project1\LigaPay\LigaPay\orders\urls.py first seen with mtime 1741014074.8375504
File G:\project1\LigaPay\LigaPay\wallet\models.py first seen with mtime 1740134209.2212236
File G:\project1\LigaPay\LigaPay\venv\Lib\site-packages\amqp\channel.py first seen with mtime 1732641435.437847
File G:\project1\LigaPay\LigaPay\venv\Lib\site-packages\django\utils\termcolors.py first seen with mtime 1726590946.733364
File G:\project1\LigaPay\LigaPay\venv\Lib\site-packages\django\http\cookie.py first seen with mtime 1726590946.7003658
File G:\project1\LigaPay\LigaPay\venv\Lib\site-packages\django\utils\functional.py first seen with mtime 1726590946.7283657
File G:\project1\LigaPay\LigaPay\venv\Lib\site-packages\debug_toolbar\panels\history\views.py first seen with mtime 1736963109.43344
File G:\project1\LigaPay\LigaPay\venv\Lib\site-packages\dateutil\tz\_common.py first seen with mtime 1732641434.7188468
File G:\project1\LigaPay\LigaPay\venv\Lib\site-packages\amqp\basic_message.py first seen with mtime 1732641435.437847
File G:\project1\LigaPay\LigaPay\venv\Lib\site-packages\django\contrib\admin\helpers.py first seen with mtime 1726590944.6232297
File G:\pynthon\Lib\xml\dom\NodeFilter.py first seen with mtime 1707248442.0
File G:\project1\LigaPay\LigaPay\venv\Lib\site-packages\asgiref\current_thread_executor.py first seen with mtime 1726590944.2548585
File G:\pynthon\Lib\unittest\suite.py first seen with mtime 1707248442.0
File G:\project1\LigaPay\LigaPay\venv\Lib\site-packages\django\middleware\csrf.py first seen with mtime 1726590946.7033658
File G:\project1\LigaPay\LigaPay\venv\Lib\site-packages\django\contrib\sessions\apps.py first seen with mtime 1726590946.357364
File G:\project1\LigaPay\LigaPay\venv\Lib\site-packages\django\db\backends\postgresql\psycopg_any.py first seen with mtime 1726590946.6333644
File G:\project1\LigaPay\LigaPay\venv\Lib\site-packages\django\utils\lorem_ipsum.py first seen with mtime 1726590946.7323644
File G:\project1\LigaPay\LigaPay\venv\Lib\site-packages\django\views\decorators\debug.py first seen with mtime 1726590946.741366
File G:\project1\LigaPay\LigaPay\venv\Lib\site-packages\django\contrib\admin\actions.py first seen with mtime 1726590944.621231
File G:\project1\LigaPay\LigaPay\venv\Lib\site-packages\kombu\log.py first seen with mtime 1732641435.782847
File G:\project1\LigaPay\LigaPay\venv\Lib\site-packages\sqlparse\sql.py first seen with mtime 1726590942.5668576
File G:\project1\LigaPay\LigaPay\venv\Lib\site-packages\django\contrib\admin\filters.py first seen with mtime 1726590944.6232297
File G:\project1\LigaPay\LigaPay\venv\Lib\site-packages\django\template\loaders\cached.py first seen with mtime 1726590946.7123654
File G:\pynthon\Lib\functools.py first seen with mtime 1707248442.0
File G:\pynthon\Lib\importlib\metadata\__init__.py first seen with mtime 1707248442.0
File G:\project1\LigaPay\LigaPay\venv\Lib\site-packages\timezone_field\backends\zoneinfo.py first seen with mtime 1732641434.981846
File G:\project1\LigaPay\LigaPay\venv\Lib\site-packages\django\contrib\auth\forms.py first seen with mtime 1726590944.9972312
File G:\project1\LigaPay\LigaPay\venv\Lib\site-packages\django\forms\models.py first seen with mtime 1726590946.6683636
File G:\project1\LigaPay\LigaPay\main\views.py first seen with mtime 1733158086.647413
File G:\project1\LigaPay\LigaPay\venv\Lib\site-packages\sqlparse\exceptions.py first seen with mtime 1726590942.5638576
File G:\project1\LigaPay\LigaPay\venv\Lib\site-packages\django\template\defaultfilters.py first seen with mtime 1726590946.7063668
File G:\project1\LigaPay\LigaPay\venv\Lib\site-packages\debug_toolbar\toolbar.py first seen with mtime 1736963109.3912811
File G:\project1\LigaPay\LigaPay\products\urls.py first seen with mtime 1739792217.820119
File G:\project1\LigaPay\LigaPay\venv\Lib\site-packages\django\contrib\auth\views.py first seen with mtime 1728647848.44994
File G:\project1\LigaPay\LigaPay\venv\Lib\site-packages\kombu\abstract.py first seen with mtime 1732641435.7798457
File G:\project1\LigaPay\LigaPay\venv\Lib\site-packages\celery\fixups\__init__.py first seen with mtime 1732641437.278847
File G:\project1\LigaPay\LigaPay\venv\Lib\site-packages\widget_tweaks\templatetags\widget_tweaks.py first seen with mtime 1728650047.8354118
File G:\project1\LigaPay\LigaPay\venv\Lib\site-packages\django\db\backends\postgresql\features.py first seen with mtime 1726590946.6313658
File G:\project1\LigaPay\LigaPay\venv\Lib\site-packages\django\contrib\messages\apps.py first seen with mtime 1726590946.1233644
File G:\project1\LigaPay\LigaPay\venv\Lib\site-packages\django\template\exceptions.py first seen with mtime 1726590946.7083652
File G:\project1\LigaPay\LigaPay\users\tasks.py first seen with mtime 1732810872.3656933
File G:\project1\LigaPay\LigaPay\venv\Lib\site-packages\celery\utils\dispatch\__init__.py first seen with mtime 1732641437.2918463
File G:\project1\LigaPay\LigaPay\venv\Lib\site-packages\django\db\models\indexes.py first seen with mtime 1726590946.6503654
File G:\project1\LigaPay\LigaPay\venv\Lib\site-packages\cron_descriptor\Exception.py first seen with mtime 1732641431.7558434
File G:\project1\LigaPay\LigaPay\venv\Lib\site-packages\debug_toolbar\panels\request.py first seen with mtime 1736963109.4282813
File G:\project1\LigaPay\LigaPay\venv\Lib\site-packages\django\core\mail\__init__.py first seen with mtime 1726590946.5943632
File G:\pynthon\Lib\email\_encoded_words.py first seen with mtime 1707248442.0
File G:\pynthon\Lib\encodings\__init__.py first seen with mtime 1707248442.0
File G:\pynthon\Lib\pkgutil.py first seen with mtime 1707248442.0
File G:\pynthon\Lib\http\client.py first seen with mtime 1707248442.0
File G:\pynthon\Lib\gettext.py first seen with mtime 1707248442.0
File G:\pynthon\Lib\importlib\metadata\_adapters.py first seen with mtime 1707248442.0
File G:\pynthon\Lib\hmac.py first seen with mtime 1707248442.0
File G:\pynthon\Lib\signal.py first seen with mtime 1707248442.0
File G:\pynthon\Lib\asyncio\sslproto.py first seen with mtime 1707248442.0
File G:\project1\LigaPay\LigaPay\venv\Lib\site-packages\cron_descriptor\DescriptionTypeEnum.py first seen with mtime 1732641431.7558434
File G:\project1\LigaPay\LigaPay\venv\Lib\site-packages\django\contrib\auth\decorators.py first seen with mtime 1726590944.9962316
File G:\project1\LigaPay\LigaPay\venv\Lib\site-packages\django\utils\translation\trans_real.py first seen with mtime 1726590946.7373638
File G:\pynthon\Lib\asyncio\mixins.py first seen with mtime 1707248442.0
File G:\project1\LigaPay\LigaPay\venv\Lib\site-packages\sqlparse\engine\__init__.py first seen with mtime 1726590942.5678573
File G:\project1\LigaPay\LigaPay\venv\Lib\site-packages\captcha\views.py first seen with mtime 1728586654.9533007
File G:\project1\LigaPay\LigaPay\venv\Lib\site-packages\dateutil\tz\win.py first seen with mtime 1732641434.7198615
File G:\pynthon\Lib\unittest\signals.py first seen with mtime 1707248442.0
File G:\pynthon\Lib\socketserver.py first seen with mtime 1707248442.0
File G:\project1\LigaPay\LigaPay\venv\Lib\site-packages\django\db\models\functions\comparison.py first seen with mtime 1726590946.658366
File G:\project1\LigaPay\LigaPay\venv\Lib\site-packages\django\contrib\staticfiles\utils.py first seen with mtime 1726590946.5713649
File G:\project1\LigaPay\LigaPay\venv\Lib\site-packages\django\db\backends\__init__.py first seen with mtime 1726590946.615365
File G:\project1\LigaPay\LigaPay\venv\Lib\site-packages\django\test\testcases.py first seen with mtime 1726590946.718364
File G:\project1\LigaPay\LigaPay\venv\Lib\site-packages\django\utils\deprecation.py first seen with mtime 1726590946.7273657
File G:\project1\LigaPay\LigaPay\venv\Lib\site-packages\django_redis\exceptions.py first seen with mtime 1732644629.079895
File G:\project1\LigaPay\LigaPay\venv\Lib\site-packages\django\db\backends\postgresql\client.py first seen with mtime 1726590946.6303644
File G:\project1\LigaPay\LigaPay\venv\Lib\site-packages\widget_tweaks\templatetags\__init__.py first seen with mtime 1728650047.8344114
File G:\project1\LigaPay\LigaPay\venv\Lib\site-packages\django\contrib\staticfiles\checks.py first seen with mtime 1726590946.5683634
File G:\project1\LigaPay\LigaPay\venv\Lib\site-packages\django\contrib\contenttypes\checks.py first seen with mtime 1726590945.1252298
File G:\project1\LigaPay\LigaPay\venv\Lib\site-packages\amqp\platform.py first seen with mtime 1732641435.440847
File G:\project1\LigaPay\LigaPay\venv\Lib\site-packages\kombu\utils\url.py first seen with mtime 1732641435.8128476
File G:\project1\LigaPay\LigaPay\venv\Lib\site-packages\celery\app\builtins.py first seen with mtime 1732641437.230846
File G:\project1\LigaPay\LigaPay\venv\Lib\site-packages\django\db\migrations\operations\fields.py first seen with mtime 1726590946.6443639
File G:\project1\LigaPay\LigaPay\venv\Lib\site-packages\dotenv\__init__.py first seen with mtime 1726590943.5131426
File G:\project1\LigaPay\LigaPay\venv\Lib\site-packages\django\test\__init__.py first seen with mtime 1726590946.7153645
File G:\project1\LigaPay\LigaPay\venv\Lib\site-packages\sqlparse\__init__.py first seen with mtime 1726590942.562857
File G:\project1\LigaPay\LigaPay\main\__init__.py first seen with mtime 1726687386.9023545
File G:\project1\LigaPay\LigaPay\venv\Lib\site-packages\django\contrib\admin\views\autocomplete.py first seen with mtime 1726590944.8962314
File G:\pynthon\Lib\multiprocessing\context.py first seen with mtime 1707248442.0
File G:\project1\LigaPay\LigaPay\venv\Lib\site-packages\kombu\utils\div.py first seen with mtime 1732641435.8078468
File G:\pynthon\Lib\tkinter\__init__.py first seen with mtime 1707248442.0
File G:\project1\LigaPay\LigaPay\venv\Lib\site-packages\django\utils\tree.py first seen with mtime 1726590946.735366
File G:\project1\LigaPay\LigaPay\venv\Lib\site-packages\django\db\models\fields\reverse_related.py first seen with mtime 1726590946.658366
File G:\pynthon\Lib\http\__init__.py first seen with mtime 1707248442.0
File G:\project1\LigaPay\LigaPay\venv\Lib\site-packages\django\views\decorators\__init__.py first seen with mtime 1726590946.7403634
File G:\project1\LigaPay\LigaPay\venv\Lib\site-packages\kombu\connection.py first seen with mtime 1732641435.781846
File G:\pynthon\Lib\asyncio\base_events.py first seen with mtime 1707248442.0
File G:\project1\LigaPay\LigaPay\orders\views.py first seen with mtime 1741109558.531039
File G:\pynthon\Lib\secrets.py first seen with mtime 1707248442.0
File G:\project1\LigaPay\LigaPay\venv\Lib\site-packages\dateutil\__init__.py first seen with mtime 1732641434.7128468
File G:\project1\LigaPay\LigaPay\venv\Lib\site-packages\django\contrib\admin\templatetags\__init__.py first seen with mtime 1726590944.8942304
File G:\project1\LigaPay\LigaPay\venv\Lib\site-packages\django\contrib\admin\views\main.py first seen with mtime 1726590944.8972316
File G:\project1\LigaPay\LigaPay\venv\Lib\site-packages\django\core\management\color.py first seen with mtime 1726590946.5993676
File G:\pynthon\Lib\quopri.py first seen with mtime 1707248442.0
File G:\pynthon\Lib\urllib\__init__.py first seen with mtime 1707248442.0
File G:\project1\LigaPay\LigaPay\venv\Lib\site-packages\django\contrib\sessions\backends\base.py first seen with mtime 1726590946.3733659
File G:\project1\LigaPay\LigaPay\venv\Lib\site-packages\billiard\process.py first seen with mtime 1732641434.1628451
File G:\project1\LigaPay\LigaPay\manage.py first seen with mtime 1736963922.268093
File G:\pynthon\DLLs\_zoneinfo.pyd first seen with mtime 1707248490.0
File G:\project1\LigaPay\LigaPay\venv\Lib\site-packages\asgiref\sync.py first seen with mtime 1726590944.2568583
File G:\project1\LigaPay\LigaPay\venv\Lib\site-packages\django_celery_beat\utils.py first seen with mtime 1732641439.7538648
File G:\pynthon\Lib\logging\__init__.py first seen with mtime 1707248442.0
File G:\pynthon\Lib\unittest\result.py first seen with mtime 1707248442.0
File G:\project1\LigaPay\LigaPay\venv\Lib\site-packages\django\contrib\__init__.py first seen with mtime 1726590944.6202312
File G:\project1\LigaPay\LigaPay\venv\Lib\site-packages\django\db\backends\postgresql\__init__.py first seen with mtime 1726590946.6293645
File G:\project1\LigaPay\LigaPay\venv\Lib\site-packages\celery\utils\objects.py first seen with mtime 1732641437.287847
File G:\project1\LigaPay\LigaPay\venv\Lib\site-packages\django\template\base.py first seen with mtime 1726590946.705366
File G:\pynthon\Lib\html\entities.py first seen with mtime 1707248442.0
File G:\project1\LigaPay\LigaPay\venv\Lib\site-packages\PIL\__init__.py first seen with mtime 1727118445.8330195
File G:\pynthon\Lib\email\feedparser.py first seen with mtime 1707248442.0
File G:\project1\LigaPay\LigaPay\venv\Lib\site-packages\django\utils\connection.py first seen with mtime 1726590946.7243655
File G:\pynthon\Lib\email\message.py first seen with mtime 1707248442.0
File G:\project1\LigaPay\LigaPay\venv\Lib\site-packages\attr\setters.py first seen with mtime 1732115536.2990124
File G:\project1\LigaPay\LigaPay\venv\Lib\site-packages\colorama\initialise.py first seen with mtime 1732641433.8298454
File G:\project1\LigaPay\LigaPay\products\forms.py first seen with mtime 1741023352.2436764
File G:\project1\LigaPay\LigaPay\venv\Lib\site-packages\django\contrib\admin\templatetags\admin_list.py first seen with mtime 1726590944.8942304
File G:\project1\LigaPay\LigaPay\venv\Lib\site-packages\django\db\backends\postgresql\base.py first seen with mtime 1726590946.6303644
File G:\project1\LigaPay\LigaPay\venv\Lib\site-packages\attr\_cmp.py first seen with mtime 1732115536.290012
File G:\project1\LigaPay\LigaPay\venv\Lib\site-packages\django\db\models\query_utils.py first seen with mtime 1726590946.652364
File G:\pynthon\Lib\string.py first seen with mtime 1707248442.0
File G:\pynthon\Lib\importlib\metadata\_text.py first seen with mtime 1707248442.0
File G:\project1\LigaPay\LigaPay\venv\Lib\site-packages\debug_toolbar\utils.py first seen with mtime 1736963109.392282
File G:\project1\LigaPay\LigaPay\venv\Lib\site-packages\dotenv\variables.py first seen with mtime 1726590943.5161421
File G:\pynthon\Lib\email\_parseaddr.py first seen with mtime 1707248442.0
File G:\project1\LigaPay\LigaPay\venv\Lib\site-packages\django\core\files\uploadhandler.py first seen with mtime 1726590946.5903642
File G:\pynthon\Lib\asyncio\base_subprocess.py first seen with mtime 1707248442.0
File G:\pynthon\Lib\asyncio\windows_events.py first seen with mtime 1707248442.0
File G:\project1\LigaPay\LigaPay\venv\Lib\site-packages\django\utils\dates.py first seen with mtime 1726590946.7263658
File G:\project1\LigaPay\LigaPay\main\models.py first seen with mtime 1726687386.901355
File G:\project1\LigaPay\LigaPay\venv\Lib\site-packages\django\core\serializers\__init__.py first seen with mtime 1726590946.610365
File G:\project1\LigaPay\LigaPay\products\views.py first seen with mtime 1740596279.4647205
File G:\project1\LigaPay\LigaPay\venv\Lib\site-packages\debug_toolbar\panels\alerts.py first seen with mtime 1736963109.424282
File G:\project1\LigaPay\LigaPay\venv\Lib\site-packages\django\core\checks\compatibility\__init__.py first seen with mtime 1726590946.5853646
File G:\project1\LigaPay\LigaPay\venv\Lib\site-packages\django\views\decorators\common.py first seen with mtime 1726590946.741366
File G:\project1\LigaPay\LigaPay\venv\Lib\site-packages\django\core\cache\__init__.py first seen with mtime 1726590946.5773642
File G:\project1\LigaPay\LigaPay\venv\Lib\site-packages\django\template\loaders\filesystem.py first seen with mtime 1726590946.7133646
File G:\project1\LigaPay\LigaPay\venv\Lib\site-packages\tzdata\zoneinfo\US\__init__.py first seen with mtime 1726590942.4488566
File G:\project1\LigaPay\LigaPay\venv\Lib\site-packages\django\core\serializers\base.py first seen with mtime 1726590946.6113646
File G:\project1\LigaPay\LigaPay\venv\Lib\site-packages\django\contrib\staticfiles\storage.py first seen with mtime 1726590946.5703642
File G:\project1\LigaPay\LigaPay\venv\Lib\site-packages\django\utils\ipv6.py first seen with mtime 1726590946.730365
File G:\project1\LigaPay\LigaPay\venv\Lib\site-packages\amqp\method_framing.py first seen with mtime 1732641435.4398456
File G:\project1\LigaPay\LigaPay\venv\Lib\site-packages\django\contrib\auth\models.py first seen with mtime 1726590944.9982312
File G:\project1\LigaPay\LigaPay\venv\Lib\site-packages\django\views\generic\base.py first seen with mtime 1726590946.744364
File G:\pynthon\Lib\asyncio\threads.py first seen with mtime 1707248442.0
File G:\pynthon\Lib\email\header.py first seen with mtime 1707248442.0
File G:\pynthon\Lib\argparse.py first seen with mtime 1707248442.0
File G:\pynthon\Lib\asyncio\base_futures.py first seen with mtime 1707248442.0
File G:\pynthon\Lib\pathlib.py first seen with mtime 1707248442.0
File G:\project1\LigaPay\LigaPay\venv\Lib\site-packages\cron_descriptor\ExpressionParser.py first seen with mtime 1732641431.7568438
File G:\project1\LigaPay\LigaPay\venv\Lib\site-packages\debug_toolbar\middleware.py first seen with mtime 1736963109.3902817
File G:\project1\LigaPay\LigaPay\venv\Lib\site-packages\timezone_field\fields.py first seen with mtime 1732641434.9828458
File G:\project1\LigaPay\LigaPay\venv\Lib\site-packages\PIL\ImageFont.py first seen with mtime 1727118445.8083777
File G:\project1\LigaPay\LigaPay\venv\Lib\site-packages\django\apps\config.py first seen with mtime 1726590944.4417217
File G:\pynthon\Lib\platform.py first seen with mtime 1707248442.0
File G:\project1\LigaPay\LigaPay\venv\Lib\site-packages\django\db\models\deletion.py first seen with mtime 1726590946.6493657
File G:\project1\LigaPay\LigaPay\orders\__init__.py first seen with mtime 1740506286.7934947
File G:\pynthon\Lib\asyncio\futures.py first seen with mtime 1707248442.0
File G:\pynthon\DLLs\_tkinter.pyd first seen with mtime 1707248490.0
File G:\project1\LigaPay\LigaPay\venv\Lib\site-packages\django_filters\filters.py first seen with mtime 1737573152.007719
File G:\pynthon\Lib\xml\dom\__init__.py first seen with mtime 1707248442.0
File G:\project1\LigaPay\LigaPay\venv\Lib\site-packages\cffi\error.py first seen with mtime 1732115536.8065364
File G:\project1\LigaPay\LigaPay\venv\Lib\site-packages\django\utils\asyncio.py first seen with mtime 1726590946.7223642
File G:\pynthon\Lib\copyreg.py first seen with mtime 1707248442.0
File G:\pynthon\Lib\_weakrefset.py first seen with mtime 1707248442.0
File G:\project1\LigaPay\LigaPay\venv\Lib\site-packages\django\db\backends\postgresql\creation.py first seen with mtime 1726590946.6313658
File G:\pynthon\Lib\asyncio\subprocess.py first seen with mtime 1707248442.0
File G:\pynthon\Lib\tkinter\messagebox.py first seen with mtime 1707248442.0
File G:\project1\LigaPay\LigaPay\venv\Lib\site-packages\celery\app\base.py first seen with mtime 1732641437.2298455
File G:\project1\LigaPay\LigaPay\venv\Lib\site-packages\cffi\model.py first seen with mtime 1732115536.8075366
File G:\pynthon\Lib\asyncio\proactor_events.py first seen with mtime 1707248442.0
File G:\pynthon\Lib\asyncio\tasks.py first seen with mtime 1707248442.0
File G:\project1\LigaPay\LigaPay\venv\Lib\site-packages\celery\utils\__init__.py first seen with mtime 1732641437.2838466
File G:\project1\LigaPay\LigaPay\venv\Lib\site-packages\dateutil\_common.py first seen with mtime 1732641434.7128468
File G:\project1\LigaPay\LigaPay\venv\Lib\site-packages\django\contrib\contenttypes\forms.py first seen with mtime 1726590945.1262312
File G:\project1\LigaPay\LigaPay\venv\Lib\site-packages\django\contrib\admin\templatetags\log.py first seen with mtime 1726590944.8962314
File G:\pynthon\Lib\fnmatch.py first seen with mtime 1707248442.0
File G:\pynthon\DLLs\_uuid.pyd first seen with mtime 1707248488.0
File G:\pynthon\Lib\email\quoprimime.py first seen with mtime 1707248442.0
File G:\project1\LigaPay\LigaPay\venv\Lib\site-packages\django\contrib\staticfiles\views.py first seen with mtime 1726590946.5713649
File G:\project1\LigaPay\LigaPay\venv\Lib\site-packages\sqlparse\filters\right_margin.py first seen with mtime 1726590942.5708568
File G:\project1\LigaPay\LigaPay\venv\Lib\site-packages\debug_toolbar\panels\sql\panel.py first seen with mtime 1736963109.4349527
File G:\project1\LigaPay\LigaPay\venv\Lib\site-packages\django\contrib\contenttypes\views.py first seen with mtime 1726590945.1272314
File G:\project1\LigaPay\LigaPay\venv\Lib\site-packages\vine\funtools.py first seen with mtime 1732641431.9128437
File G:\project1\LigaPay\LigaPay\venv\Lib\site-packages\tzdata\zoneinfo\America\North_Dakota\__init__.py first seen with mtime 1726590942.3358567
File G:\project1\LigaPay\LigaPay\venv\Lib\site-packages\amqp\connection.py first seen with mtime 1732641435.438847
File G:\project1\LigaPay\LigaPay\venv\Lib\site-packages\django\db\migrations\state.py first seen with mtime 1726590946.643365
File G:\project1\LigaPay\LigaPay\venv\Lib\site-packages\django\db\backends\ddl_references.py first seen with mtime 1726590946.615365
File G:\project1\LigaPay\LigaPay\products\__init__.py first seen with mtime 1733158547.745049
File G:\project1\LigaPay\LigaPay\venv\Lib\site-packages\django\http\multipartparser.py first seen with mtime 1726590946.7003658
File G:\pynthon\Lib\asyncio\staggered.py first seen with mtime 1707248442.0
File G:\pynthon\Lib\xml\__init__.py first seen with mtime 1707248442.0
File G:\project1\LigaPay\LigaPay\venv\Lib\site-packages\psycopg2\_ipaddress.py first seen with mtime 1726590943.662142
File G:\project1\LigaPay\LigaPay\venv\Lib\site-packages\debug_toolbar\panels\templates\panel.py first seen with mtime 1736963109.4369545
File G:\project1\LigaPay\LigaPay\venv\Lib\site-packages\attr\_funcs.py first seen with mtime 1732115536.293028
File G:\project1\LigaPay\LigaPay\venv\Lib\site-packages\django\db\backends\base\validation.py first seen with mtime 1726590946.6203637
File G:\project1\LigaPay\LigaPay\venv\Lib\site-packages\django\template\backends\__init__.py first seen with mtime 1726590946.7103634
File G:\project1\LigaPay\LigaPay\venv\Lib\site-packages\django\utils\dateformat.py first seen with mtime 1726590946.725366
File G:\project1\LigaPay\LigaPay\venv\Lib\site-packages\django\views\defaults.py first seen with mtime 1726590946.7393646
File G:\pynthon\Lib\importlib\metadata\_meta.py first seen with mtime 1707248442.0
File G:\project1\LigaPay\LigaPay\venv\Lib\site-packages\tzdata\zoneinfo\America\__init__.py first seen with mtime 1726590942.3258567
File G:\pynthon\Lib\enum.py first seen with mtime 1707248442.0
File G:\project1\LigaPay\LigaPay\venv\Lib\site-packages\django\db\models\enums.py first seen with mtime 1726590946.6493657
File G:\project1\LigaPay\LigaPay\venv\Lib\site-packages\django\db\backends\base\operations.py first seen with mtime 1726590946.6193645
File G:\project1\LigaPay\LigaPay\venv\Lib\site-packages\click\globals.py first seen with mtime 1732641435.1608477
File G:\project1\LigaPay\LigaPay\venv\Lib\site-packages\django\contrib\admin\widgets.py first seen with mtime 1726590944.6262307
File G:\project1\LigaPay\LigaPay\orders\models.py first seen with mtime 1741109790.8947873
File G:\project1\LigaPay\LigaPay\LigaPay\settings.py first seen with mtime 1741110214.4351654
File G:\project1\LigaPay\LigaPay\venv\Lib\site-packages\crontab.py first seen with mtime 1732641435.6708462
File G:\project1\LigaPay\LigaPay\venv\Lib\site-packages\django\test\html.py first seen with mtime 1726590946.7163641
File G:\project1\LigaPay\LigaPay\venv\Lib\site-packages\kombu\pools.py first seen with mtime 1732641435.785846
File G:\project1\LigaPay\LigaPay\venv\Lib\site-packages\django\core\validators.py first seen with mtime 1726590946.5773642
File G:\pynthon\Lib\traceback.py first seen with mtime 1707248442.0
File G:\project1\LigaPay\LigaPay\venv\Lib\site-packages\debug_toolbar\panels\staticfiles.py first seen with mtime 1736963109.430282
File G:\project1\LigaPay\LigaPay\venv\Lib\site-packages\django\contrib\messages\constants.py first seen with mtime 1726590946.1233644
File G:\pynthon\Lib\dis.py first seen with mtime 1707248442.0
File G:\pynthon\Lib\multiprocessing\reduction.py first seen with mtime 1707248442.0
File G:\project1\LigaPay\LigaPay\venv\Lib\site-packages\cron_descriptor\CasingTypeEnum.py first seen with mtime 1732641431.7548437
File G:\project1\LigaPay\LigaPay\venv\Lib\site-packages\debug_toolbar\forms.py first seen with mtime 1736963109.389283
File G:\project1\LigaPay\LigaPay\venv\Lib\site-packages\debug_toolbar\panels\sql\utils.py first seen with mtime 1736963109.4349527
File G:\pynthon\Lib\email\iterators.py first seen with mtime 1707248442.0
File G:\project1\LigaPay\LigaPay\venv\Lib\site-packages\amqp\protocol.py first seen with mtime 1732641435.440847
File G:\project1\LigaPay\LigaPay\venv\Lib\site-packages\sqlparse\utils.py first seen with mtime 1726590942.5678573
File G:\pynthon\Lib\asyncio\events.py first seen with mtime 1707248442.0
File G:\project1\LigaPay\LigaPay\products\models.py first seen with mtime 1739802686.4150822
File G:\project1\LigaPay\LigaPay\venv\Lib\site-packages\django\contrib\sessions\exceptions.py first seen with mtime 1726590946.3583648
File G:\project1\LigaPay\LigaPay\venv\Lib\site-packages\debug_toolbar\views.py first seen with mtime 1736963109.392282
File G:\pynthon\Lib\ipaddress.py first seen with mtime 1707248442.0
File G:\project1\LigaPay\LigaPay\LigaPay\__init__.py first seen with mtime 1732641484.1088474
File G:\pynthon\Lib\urllib\response.py first seen with mtime 1707248442.0
File G:\pynthon\Lib\warnings.py first seen with mtime 1707248442.0
File G:\project1\LigaPay\LigaPay\venv\Lib\site-packages\celery\utils\threads.py first seen with mtime 1732641437.290847
File G:\project1\LigaPay\LigaPay\venv\Lib\site-packages\attr\exceptions.py first seen with mtime 1732115536.2970126
File G:\project1\LigaPay\LigaPay\venv\Lib\site-packages\django\template\utils.py first seen with mtime 1726590946.7093637
File G:\project1\LigaPay\LigaPay\venv\Lib\site-packages\django\utils\hashable.py first seen with mtime 1726590946.7293656
File G:\project1\LigaPay\LigaPay\venv\Lib\site-packages\django\contrib\contenttypes\__init__.py first seen with mtime 1726590945.1242316
File G:\pynthon\Lib\importlib\metadata\_itertools.py first seen with mtime 1707248442.0
File G:\project1\LigaPay\LigaPay\venv\Lib\site-packages\sqlparse\filters\output.py first seen with mtime 1726590942.5708568
File G:\project1\LigaPay\LigaPay\venv\Lib\site-packages\kombu\exceptions.py first seen with mtime 1732641435.782847
File G:\project1\LigaPay\LigaPay\venv\Lib\site-packages\django\db\migrations\operations\special.py first seen with mtime 1726590946.646366
File G:\project1\LigaPay\LigaPay\venv\Lib\site-packages\django_redis\cache.py first seen with mtime 1732644629.0788956
File G:\project1\LigaPay\LigaPay\venv\Lib\site-packages\django\views\generic\dates.py first seen with mtime 1726590946.744364
File G:\project1\LigaPay\LigaPay\venv\Lib\site-packages\django\contrib\admin\views\__init__.py first seen with mtime 1726590944.8962314
File G:\project1\LigaPay\LigaPay\venv\Lib\site-packages\vine\abstract.py first seen with mtime 1732641431.9128437
File G:\project1\LigaPay\LigaPay\venv\Lib\site-packages\django\contrib\admin\apps.py first seen with mtime 1726590944.621231
File G:\project1\LigaPay\LigaPay\venv\Lib\site-packages\celery\platforms.py first seen with mtime 1732641437.2258456
File G:\project1\LigaPay\LigaPay\venv\Lib\site-packages\debug_toolbar\decorators.py first seen with mtime 1736963109.389283
File G:\project1\LigaPay\LigaPay\venv\Lib\site-packages\django\core\files\storage\mixins.py first seen with mtime 1726590946.5923634
File G:\project1\LigaPay\LigaPay\venv\Lib\site-packages\click\_compat.py first seen with mtime 1732641435.154847
File G:\project1\LigaPay\LigaPay\venv\Lib\site-packages\dateutil\_version.py first seen with mtime 1732641434.7128468
File G:\project1\LigaPay\LigaPay\venv\Lib\site-packages\PIL\_binary.py first seen with mtime 1727118445.8340197
File G:\project1\LigaPay\LigaPay\venv\Lib\site-packages\kombu\clocks.py first seen with mtime 1732641435.7798457
File G:\project1\LigaPay\LigaPay\venv\Lib\site-packages\django\core\handlers\__init__.py first seen with mtime 1726590946.5923634
File G:\pynthon\Lib\locale.py first seen with mtime 1707248442.0
File G:\project1\LigaPay\LigaPay\venv\Lib\site-packages\PIL\_typing.py first seen with mtime 1727118445.8773806
File G:\project1\LigaPay\LigaPay\venv\Lib\site-packages\tzdata\zoneinfo\Africa\__init__.py first seen with mtime 1726590942.2788575
File G:\project1\LigaPay\LigaPay\venv\Lib\site-packages\django_celery_beat\__init__.py first seen with mtime 1732641439.7368588
File G:\project1\LigaPay\LigaPay\venv\Lib\site-packages\django\core\files\storage\base.py first seen with mtime 1726590946.5903642
File G:\project1\LigaPay\LigaPay\venv\Lib\site-packages\PIL\_version.py first seen with mtime 1727118445.8783805
File G:\pynthon\Lib\ctypes\_endian.py first seen with mtime 1707248442.0
File G:\pynthon\Lib\bz2.py first seen with mtime 1707248442.0
File G:\project1\LigaPay\LigaPay\venv\Lib\site-packages\PIL\ImageColor.py first seen with mtime 1727118445.8047357
File G:\pynthon\Lib\unittest\case.py first seen with mtime 1707248442.0
File G:\pynthon\Lib\importlib\metadata\_collections.py first seen with mtime 1707248442.0
File G:\pynthon\Lib\asyncio\constants.py first seen with mtime 1707248442.0
File G:\pynthon\Lib\calendar.py first seen with mtime 1707248442.0
File G:\project1\LigaPay\LigaPay\venv\Lib\site-packages\kombu\transport\__init__.py first seen with mtime 1732641435.7958465
File G:\pynthon\Lib\profile.py first seen with mtime 1707248442.0
File G:\project1\LigaPay\LigaPay\venv\Lib\site-packages\django\contrib\contenttypes\models.py first seen with mtime 1726590945.1262312
File G:\pynthon\Lib\re\_casefix.py first seen with mtime 1707248442.0
File G:\project1\LigaPay\LigaPay\venv\Lib\site-packages\django\contrib\sessions\__init__.py first seen with mtime 1726590946.3563647
File G:\project1\LigaPay\LigaPay\venv\Lib\site-packages\django\core\checks\database.py first seen with mtime 1726590946.5833635
File G:\project1\LigaPay\LigaPay\venv\Lib\site-packages\dotenv\parser.py first seen with mtime 1726590943.5151434
File G:\project1\LigaPay\LigaPay\wallet\admin.py first seen with mtime 1740132500.6043043
File G:\project1\LigaPay\LigaPay\venv\Lib\site-packages\celery\app\utils.py first seen with mtime 1732641437.234846
File G:\pynthon\Lib\pickle.py first seen with mtime 1707248442.0
File G:\project1\LigaPay\LigaPay\venv\Lib\site-packages\django\contrib\staticfiles\management\commands\__init__.py first seen with mtime 1726590946.572364
File G:\pynthon\Lib\email\mime\text.py first seen with mtime 1707248442.0
File G:\project1\LigaPay\LigaPay\venv\Lib\site-packages\attr\_make.py first seen with mtime 1732115536.2940128
File G:\project1\LigaPay\LigaPay\venv\Lib\site-packages\django\utils\crypto.py first seen with mtime 1726590946.7243655
File G:\project1\LigaPay\LigaPay\venv\Lib\site-packages\django\core\files\storage\filesystem.py first seen with mtime 1726590946.5913637
File G:\pynthon\Lib\importlib\resources\readers.py first seen with mtime 1707248442.0
File G:\project1\LigaPay\LigaPay\venv\Lib\site-packages\django\forms\fields.py first seen with mtime 1726590946.6663651
File G:\pynthon\Lib\contextlib.py first seen with mtime 1707248442.0
File G:\project1\LigaPay\LigaPay\venv\Lib\site-packages\kombu\compression.py first seen with mtime 1732641435.7808454
File G:\project1\LigaPay\LigaPay\venv\Lib\site-packages\django_filters\fields.py first seen with mtime 1737573152.007202
File G:\project1\LigaPay\LigaPay\venv\Lib\site-packages\celery\utils\dispatch\signal.py first seen with mtime 1732641437.2918463
File G:\project1\LigaPay\LigaPay\venv\Lib\site-packages\django\contrib\admin\templatetags\admin_urls.py first seen with mtime 1726590944.8952303
File G:\project1\LigaPay\LigaPay\venv\Lib\site-packages\celery\exceptions.py first seen with mtime 1732641437.2248454
File G:\project1\LigaPay\LigaPay\venv\Lib\site-packages\attr\converters.py first seen with mtime 1732115536.2960126
File G:\project1\LigaPay\LigaPay\venv\Lib\site-packages\django\db\models\expressions.py first seen with mtime 1726590946.6503654
File G:\project1\LigaPay\LigaPay\venv\Lib\site-packages\django\contrib\messages\__init__.py first seen with mtime 1726590946.1223643
File G:\project1\LigaPay\LigaPay\venv\Lib\site-packages\django\core\checks\async_checks.py first seen with mtime 1726590946.5823636
File G:\pynthon\Lib\struct.py first seen with mtime 1707248442.0
File G:\project1\LigaPay\LigaPay\venv\Lib\site-packages\django_celery_beat\models.py first seen with mtime 1732641439.7478573
File G:\project1\LigaPay\LigaPay\venv\Lib\site-packages\debug_toolbar\panels\sql\forms.py first seen with mtime 1736963109.4339557
File G:\pynthon\Lib\urllib\parse.py first seen with mtime 1707248442.0
File G:\pynthon\Lib\encodings\utf_8.py first seen with mtime 1707248442.0
File G:\project1\LigaPay\LigaPay\venv\Lib\site-packages\tzdata\zoneinfo\Europe\__init__.py first seen with mtime 1726590942.4268565
File G:\pynthon\Lib\typing.py first seen with mtime 1707248442.0
File G:\pynthon\Lib\csv.py first seen with mtime 1707248442.0
File G:\project1\LigaPay\LigaPay\venv\Lib\site-packages\django\core\checks\compatibility\django_4_0.py first seen with mtime 1726590946.5863638
File G:\project1\LigaPay\LigaPay\venv\Lib\site-packages\click\exceptions.py first seen with mtime 1732641435.1598487
File G:\project1\LigaPay\LigaPay\venv\Lib\site-packages\django\core\servers\__init__.py first seen with mtime 1726590946.6133647
File G:\pynthon\Lib\asyncio\exceptions.py first seen with mtime 1707248442.0
File G:\project1\LigaPay\LigaPay\venv\Lib\site-packages\django\forms\widgets.py first seen with mtime 1726590946.6693642
File G:\project1\LigaPay\LigaPay\venv\Lib\site-packages\django\contrib\sessions\models.py first seen with mtime 1726590946.3583648
File G:\project1\LigaPay\LigaPay\venv\Lib\site-packages\debug_toolbar\panels\sql\views.py first seen with mtime 1736963109.4359531
File G:\project1\LigaPay\LigaPay\venv\Lib\site-packages\django\db\models\sql\constants.py first seen with mtime 1726590946.662363
File G:\project1\LigaPay\LigaPay\venv\Lib\site-packages\django_filters\widgets.py first seen with mtime 1737573152.009884
File G:\project1\LigaPay\LigaPay\common\views.py first seen with mtime 1732124235.7379959
File G:\project1\LigaPay\LigaPay\venv\Lib\site-packages\django\db\transaction.py first seen with mtime 1726590946.614364
File G:\project1\LigaPay\LigaPay\venv\Lib\site-packages\cron_descriptor\__init__.py first seen with mtime 1732641431.7588434
File G:\project1\LigaPay\LigaPay\venv\Lib\site-packages\kombu\entity.py first seen with mtime 1732641435.782847
File G:\project1\LigaPay\LigaPay\venv\Lib\site-packages\amqp\exceptions.py first seen with mtime 1732641435.4398456
File G:\project1\LigaPay\LigaPay\venv\Lib\site-packages\asgiref\__init__.py first seen with mtime 1726590944.253859
File G:\project1\LigaPay\LigaPay\venv\Lib\site-packages\attr\_config.py first seen with mtime 1732115536.2920115
File G:\project1\LigaPay\LigaPay\venv\Lib\site-packages\django\db\backends\postgresql\schema.py first seen with mtime 1726590946.6343637
File G:\pynthon\Lib\xml\dom\domreg.py first seen with mtime 1707248442.0
File G:\project1\LigaPay\LigaPay\venv\Lib\site-packages\kombu\utils\collections.py first seen with mtime 1732641435.8068473
File G:\project1\LigaPay\LigaPay\venv\Lib\site-packages\django\core\cache\backends\__init__.py first seen with mtime 1726590946.5783634
File G:\project1\LigaPay\LigaPay\venv\Lib\site-packages\timezone_field\backends\base.py first seen with mtime 1732641434.980846
File G:\pynthon\Lib\reprlib.py first seen with mtime 1707248442.0
File G:\pynthon\Lib\mimetypes.py first seen with mtime 1707248442.0
File G:\project1\LigaPay\LigaPay\venv\Lib\site-packages\celery\loaders\base.py first seen with mtime 1732641437.2808452
File G:\project1\LigaPay\LigaPay\venv\Lib\site-packages\tzdata\zoneinfo\Atlantic\__init__.py first seen with mtime 1726590942.3808563
File G:\project1\LigaPay\LigaPay\venv\Lib\site-packages\django\core\checks\translation.py first seen with mtime 1726590946.5853646
File G:\project1\LigaPay\LigaPay\venv\Lib\site-packages\django\middleware\clickjacking.py first seen with mtime 1726590946.7023656
File G:\project1\LigaPay\LigaPay\venv\Lib\site-packages\cffi\__init__.py first seen with mtime 1732115536.7995348
File G:\project1\LigaPay\LigaPay\venv\Lib\site-packages\django\middleware\security.py first seen with mtime 1726590946.704366
File G:\project1\LigaPay\LigaPay\venv\Lib\site-packages\kombu\utils\functional.py first seen with mtime 1732641435.8098478
File G:\pynthon\Lib\re\_compiler.py first seen with mtime 1707248442.0
File G:\project1\LigaPay\LigaPay\venv\Lib\site-packages\django\core\cache\backends\base.py first seen with mtime 1726590946.5793636
File G:\project1\LigaPay\LigaPay\venv\Lib\site-packages\django\db\models\fields\json.py first seen with mtime 1726590946.6553826
File G:\pynthon\Lib\concurrent\futures\__init__.py first seen with mtime 1707248442.0
File G:\pynthon\Lib\bisect.py first seen with mtime 1707248442.0
File G:\project1\LigaPay\LigaPay\venv\Lib\site-packages\django\utils\translation\reloader.py first seen with mtime 1726590946.736364
File G:\project1\LigaPay\LigaPay\venv\Lib\site-packages\tzdata\zoneinfo\Asia\__init__.py first seen with mtime 1726590942.3768568
File G:\project1\LigaPay\LigaPay\products\filters.py first seen with mtime 1739790541.1092927
File G:\project1\LigaPay\LigaPay\wallet\apps.py first seen with mtime 1741022034.42763
File G:\project1\LigaPay\LigaPay\venv\Lib\site-packages\django\utils\text.py first seen with mtime 1726590946.7343645
File G:\pynthon\Lib\unittest\main.py first seen with mtime 1707248442.0
File G:\project1\LigaPay\LigaPay\news\admin.py first seen with mtime 1732123295.3200066
File G:\project1\LigaPay\LigaPay\venv\Lib\site-packages\django\shortcuts.py first seen with mtime 1726590944.4417217
File G:\pynthon\Lib\base64.py first seen with mtime 1707248442.0
File G:\project1\LigaPay\LigaPay\venv\Lib\site-packages\django\utils\timezone.py first seen with mtime 1726590946.735366
File G:\project1\LigaPay\LigaPay\venv\Lib\site-packages\django\db\migrations\migration.py first seen with mtime 1726590946.641366
File G:\project1\LigaPay\LigaPay\venv\Lib\site-packages\celery\__init__.py first seen with mtime 1732641437.2218468
File G:\pynthon\Lib\shlex.py first seen with mtime 1707248442.0
File G:\project1\LigaPay\LigaPay\venv\Lib\site-packages\celery\utils\imports.py first seen with mtime 1732641437.2868476
File G:\project1\LigaPay\LigaPay\venv\Lib\site-packages\django\views\static.py first seen with mtime 1726590946.7393646
File G:\pynthon\Lib\email\contentmanager.py first seen with mtime 1707248442.0
File G:\project1\LigaPay\LigaPay\venv\Lib\site-packages\captcha\conf\settings.py first seen with mtime 1728586654.9543009
File G:\project1\LigaPay\LigaPay\venv\Lib\site-packages\django\template\loader_tags.py first seen with mtime 1726590946.7083652
File G:\project1\LigaPay\LigaPay\venv\Lib\site-packages\click\__init__.py first seen with mtime 1732641435.154847
File G:\project1\LigaPay\LigaPay\venv\Lib\site-packages\django\dispatch\dispatcher.py first seen with mtime 1726590946.6653643
File G:\project1\LigaPay\LigaPay\venv\Lib\site-packages\cron_descriptor\ExpressionDescriptor.py first seen with mtime 1732641431.7558434
File G:\project1\LigaPay\LigaPay\venv\Lib\site-packages\django_filters\filterset.py first seen with mtime 1737573152.0082393
File G:\project1\LigaPay\LigaPay\venv\Lib\site-packages\tzdata\zoneinfo\Pacific\__init__.py first seen with mtime 1726590942.444858
File G:\pynthon\Lib\asyncio\__init__.py first seen with mtime 1707248442.0
File G:\pynthon\Lib\datetime.py first seen with mtime 1707248442.0
File G:\project1\LigaPay\LigaPay\venv\Lib\site-packages\django\contrib\messages\storage\base.py first seen with mtime 1726590946.1853638
File G:\pynthon\Lib\keyword.py first seen with mtime 1707248442.0
File G:\project1\LigaPay\LigaPay\venv\Lib\site-packages\django\db\backends\postgresql\introspection.py first seen with mtime 1726590946.632364
File G:\pynthon\Lib\email\utils.py first seen with mtime 1707248442.0
File G:\project1\LigaPay\LigaPay\venv\Lib\site-packages\tzdata\zoneinfo\Indian\__init__.py first seen with mtime 1726590942.4298565
File G:\project1\LigaPay\LigaPay\venv\Lib\site-packages\celery\app\autoretry.py first seen with mtime 1732641437.2288463
File G:\project1\LigaPay\LigaPay\venv\Lib\site-packages\debug_toolbar\panels\signals.py first seen with mtime 1736963109.4292815
File G:\project1\LigaPay\LigaPay\venv\Lib\site-packages\debug_toolbar\panels\sql\__init__.py first seen with mtime 1736963109.4339557
File G:\project1\LigaPay\LigaPay\LigaPay\urls.py first seen with mtime 1740508075.6860094
File G:\project1\LigaPay\LigaPay\venv\Lib\site-packages\psycopg2\_json.py first seen with mtime 1726590943.6631422
File G:\project1\LigaPay\LigaPay\venv\Lib\site-packages\django\utils\safestring.py first seen with mtime 1726590946.733364
File G:\pynthon\Lib\asyncio\protocols.py first seen with mtime 1707248442.0
File G:\pynthon\Lib\nturl2path.py first seen with mtime 1707248442.0
File G:\project1\LigaPay\LigaPay\venv\Lib\site-packages\amqp\__init__.py first seen with mtime 1732641435.436846
File G:\project1\LigaPay\LigaPay\venv\Lib\site-packages\django\db\models\fields\related_descriptors.py first seen with mtime 1726590946.6573634
File G:\pynthon\Lib\_compat_pickle.py first seen with mtime 1707248442.0
File G:\project1\LigaPay\LigaPay\venv\Lib\site-packages\debug_toolbar\panels\templates\__init__.py first seen with mtime 1736963109.4359531
File G:\project1\LigaPay\LigaPay\venv\Lib\site-packages\attr\_next_gen.py first seen with mtime 1732115536.2940128
File G:\project1\LigaPay\LigaPay\venv\Lib\site-packages\django\db\__init__.py first seen with mtime 1726590946.6133647
File G:\pynthon\Lib\concurrent\futures\thread.py first seen with mtime 1707248442.0
File G:\project1\LigaPay\LigaPay\venv\Lib\site-packages\django\contrib\sessions\backends\__init__.py first seen with mtime 1726590946.372365
File G:\project1\LigaPay\LigaPay\venv\Lib\site-packages\django\core\management\sql.py first seen with mtime 1726590946.6003647
File G:\project1\LigaPay\LigaPay\venv\Lib\site-packages\django\conf\urls\__init__.py first seen with mtime 1726590944.6192305
File G:\project1\LigaPay\LigaPay\venv\Lib\site-packages\django\db\migrations\exceptions.py first seen with mtime 1726590946.6393642
File G:\pynthon\Lib\http\cookies.py first seen with mtime 1707248442.0
File G:\project1\LigaPay\LigaPay\venv\Lib\site-packages\django\core\management\commands\__init__.py first seen with mtime 1726590946.601365
File G:\project1\LigaPay\LigaPay\venv\Lib\site-packages\django\core\checks\security\base.py first seen with mtime 1726590946.5863638
File G:\project1\LigaPay\LigaPay\venv\Lib\site-packages\django\contrib\contenttypes\management\__init__.py first seen with mtime 1726590945.2132316
File G:\project1\LigaPay\LigaPay\venv\Lib\site-packages\django\template\__init__.py first seen with mtime 1726590946.704366
File G:\project1\LigaPay\LigaPay\venv\Lib\site-packages\captcha\conf\__init__.py first seen with mtime 1728586654.9533007
File G:\project1\LigaPay\LigaPay\venv\Lib\site-packages\django\contrib\auth\validators.py first seen with mtime 1726590945.00023
File G:\project1\LigaPay\LigaPay\venv\Lib\site-packages\billiard\exceptions.py first seen with mtime 1732641434.1578462
File G:\project1\LigaPay\LigaPay\venv\Lib\site-packages\billiard\util.py first seen with mtime 1732641434.1668463
File G:\pynthon\DLLs\select.pyd first seen with mtime 1707248488.0
File G:\project1\LigaPay\LigaPay\venv\Lib\site-packages\django\template\loader.py first seen with mtime 1726590946.7083652
File G:\project1\LigaPay\LigaPay\venv\Lib\site-packages\django\template\loaders\base.py first seen with mtime 1726590946.7123654
File G:\project1\LigaPay\LigaPay\venv\Lib\site-packages\django\utils\module_loading.py first seen with mtime 1726590946.7323644
File G:\project1\LigaPay\LigaPay\venv\Lib\site-packages\django\db\models\sql\query.py first seen with mtime 1726590946.663364
File G:\project1\LigaPay\LigaPay\users\urls.py first seen with mtime 1731951302.4415438
File G:\project1\LigaPay\LigaPay\venv\Lib\site-packages\amqp\spec.py first seen with mtime 1732641435.4418466
File G:\project1\LigaPay\LigaPay\venv\Lib\site-packages\django\dispatch\__init__.py first seen with mtime 1726590946.6643658
File G:\project1\LigaPay\LigaPay\venv\Lib\site-packages\django\template\autoreload.py first seen with mtime 1726590946.705366
File G:\project1\LigaPay\LigaPay\venv\Lib\site-packages\django\core\signals.py first seen with mtime 1726590946.5763648
File G:\pynthon\Lib\zoneinfo\__init__.py first seen with mtime 1707248442.0
File G:\project1\LigaPay\LigaPay\news\apps.py first seen with mtime 1732124309.213293
File G:\project1\LigaPay\LigaPay\venv\Lib\site-packages\django\contrib\staticfiles\management\__init__.py first seen with mtime 1726590946.5713649
File G:\project1\LigaPay\LigaPay\venv\Lib\site-packages\django\db\models\sql\subqueries.py first seen with mtime 1726590946.663364
File G:\pynthon\Lib\email\generator.py first seen with mtime 1707248442.0
File G:\project1\LigaPay\LigaPay\main\admin.py first seen with mtime 1726687386.8993547
File G:\project1\LigaPay\LigaPay\venv\Lib\site-packages\sqlparse\lexer.py first seen with mtime 1726590942.5658586
File G:\pynthon\Lib\hashlib.py first seen with mtime 1707248442.0
File G:\project1\LigaPay\LigaPay\venv\Lib\site-packages\sqlparse\engine\statement_splitter.py first seen with mtime 1726590942.5688572
File G:\project1\LigaPay\LigaPay\venv\Lib\site-packages\django\templatetags\__init__.py first seen with mtime 1726590946.7133646
File G:\project1\LigaPay\LigaPay\venv\Lib\site-packages\django\db\migrations\operations\__init__.py first seen with mtime 1726590946.6443639
File G:\project1\LigaPay\LigaPay\venv\Lib\site-packages\psycopg2\extras.py first seen with mtime 1726590943.6771429
File G:\project1\LigaPay\LigaPay\venv\Lib\site-packages\django\contrib\sites\shortcuts.py first seen with mtime 1726590946.4853654
File G:\project1\LigaPay\LigaPay\venv\Lib\site-packages\click\types.py first seen with mtime 1732641435.1638474
File G:\project1\LigaPay\LigaPay\venv\Lib\site-packages\timezone_field\choices.py first seen with mtime 1732641434.981846
File G:\project1\LigaPay\LigaPay\venv\Lib\site-packages\PIL\Image.py first seen with mtime 1727118445.7888193
File G:\project1\LigaPay\LigaPay\venv\Lib\site-packages\django\db\models\sql\__init__.py first seen with mtime 1726590946.6613646
File G:\project1\LigaPay\LigaPay\venv\Lib\site-packages\django\contrib\auth\admin.py first seen with mtime 1726590944.9942315
File G:\project1\LigaPay\LigaPay\venv\Lib\site-packages\django\views\i18n.py first seen with mtime 1726590946.7393646
File G:\project1\LigaPay\LigaPay\venv\Lib\site-packages\django_redis\__init__.py first seen with mtime 1732644629.0778952
File G:\project1\LigaPay\LigaPay\venv\Lib\site-packages\celery\utils\nodenames.py first seen with mtime 1732641437.287847
File G:\project1\LigaPay\LigaPay\venv\Lib\site-packages\django\db\migrations\operations\base.py first seen with mtime 1726590946.6443639
File G:\pynthon\Lib\email\mime\message.py first seen with mtime 1707248442.0
File G:\pynthon\Lib\gzip.py first seen with mtime 1707248442.0
File G:\pynthon\Lib\linecache.py first seen with mtime 1707248442.0
File G:\project1\LigaPay\LigaPay\venv\Lib\site-packages\django\views\generic\edit.py first seen with mtime 1726590946.7453637
File G:\project1\LigaPay\LigaPay\venv\Lib\site-packages\django\utils\cache.py first seen with mtime 1726590946.7233653
File G:\pynthon\Lib\email\mime\multipart.py first seen with mtime 1707248442.0
File G:\project1\LigaPay\LigaPay\venv\Lib\site-packages\amqp\sasl.py first seen with mtime 1732641435.4418466
File G:\project1\LigaPay\LigaPay\venv\Lib\site-packages\django\views\generic\__init__.py first seen with mtime 1726590946.7433648
File G:\project1\LigaPay\LigaPay\venv\Lib\site-packages\django\templatetags\tz.py first seen with mtime 1726590946.7153645
File G:\pynthon\DLLs\unicodedata.pyd first seen with mtime 1707248490.0
File G:\pynthon\Lib\tkinter\simpledialog.py first seen with mtime 1707248442.0
File G:\project1\LigaPay\LigaPay\venv\Lib\site-packages\captcha\fields.py first seen with mtime 1728586654.9512987
File G:\project1\LigaPay\LigaPay\venv\Lib\site-packages\django\utils\formats.py first seen with mtime 1726590946.7283657
File G:\project1\LigaPay\LigaPay\venv\Lib\site-packages\sqlparse\keywords.py first seen with mtime 1726590942.5658586
File G:\project1\LigaPay\LigaPay\venv\Lib\site-packages\django\db\models\manager.py first seen with mtime 1726590946.6513662
File G:\project1\LigaPay\LigaPay\venv\Lib\site-packages\celery\utils\time.py first seen with mtime 1732641437.290847
File G:\project1\LigaPay\LigaPay\venv\Lib\site-packages\django\contrib\messages\utils.py first seen with mtime 1726590946.1843636
File G:\project1\LigaPay\LigaPay\LigaPay\celery.py first seen with mtime 1732725477.5353017
File G:\project1\LigaPay\LigaPay\venv\Lib\site-packages\cron_descriptor\StringBuilder.py first seen with mtime 1732641431.7578433
File G:\pynthon\DLLs\_ctypes.pyd first seen with mtime 1707248490.0
File G:\project1\LigaPay\LigaPay\venv\Lib\site-packages\django\contrib\sessions\middleware.py first seen with mtime 1726590946.3583648
File G:\project1\LigaPay\LigaPay\venv\Lib\site-packages\django\db\models\constraints.py first seen with mtime 1726590946.6483638
File G:\project1\LigaPay\LigaPay\venv\Lib\site-packages\tzdata\zoneinfo\Australia\__init__.py first seen with mtime 1726590942.3888566
File G:\project1\LigaPay\LigaPay\venv\Lib\site-packages\django\core\files\storage\handler.py first seen with mtime 1726590946.5913637
File G:\project1\LigaPay\LigaPay\venv\Lib\site-packages\psycopg2\_range.py first seen with mtime 1726590943.6751423
File G:\pynthon\Lib\email\policy.py first seen with mtime 1707248442.0
File G:\project1\LigaPay\LigaPay\venv\Lib\site-packages\django\template\loaders\app_directories.py first seen with mtime 1726590946.7123654
File G:\pynthon\Lib\unittest\util.py first seen with mtime 1707248442.0
File G:\project1\LigaPay\LigaPay\venv\Lib\site-packages\django\db\migrations\__init__.py first seen with mtime 1726590946.6383657
File G:\project1\LigaPay\LigaPay\venv\Lib\site-packages\django\db\models\sql\datastructures.py first seen with mtime 1726590946.662363
File G:\project1\LigaPay\LigaPay\venv\Lib\site-packages\sqlparse\filters\others.py first seen with mtime 1726590942.5698705
File G:\project1\LigaPay\LigaPay\venv\Lib\site-packages\django\core\management\__init__.py first seen with mtime 1726590946.5993676
File G:\project1\LigaPay\LigaPay\venv\Lib\site-packages\cron_descriptor\Options.py first seen with mtime 1732641431.7578433
File G:\project1\LigaPay\LigaPay\venv\Lib\site-packages\colorama\ansitowin32.py first seen with mtime 1732641433.8298454
File G:\project1\LigaPay\LigaPay\venv\Lib\site-packages\sqlparse\filters\tokens.py first seen with mtime 1726590942.5718567
File G:\project1\LigaPay\LigaPay\venv\Lib\site-packages\celery\app\__init__.py first seen with mtime 1732641437.2278454
File G:\project1\LigaPay\LigaPay\venv\Lib\site-packages\django\contrib\admin\exceptions.py first seen with mtime 1726590944.6222312
File G:\project1\LigaPay\LigaPay\venv\Lib\site-packages\billiard\__init__.py first seen with mtime 1732641434.1538463
File G:\project1\LigaPay\LigaPay\venv\Lib\site-packages\cffi\lock.py first seen with mtime 1732115536.8075366
File G:\project1\LigaPay\LigaPay\venv\Lib\site-packages\django\core\files\__init__.py first seen with mtime 1726590946.5873635
File G:\project1\LigaPay\LigaPay\venv\Lib\site-packages\django\utils\encoding.py first seen with mtime 1726590946.7273657
File G:\pynthon\Lib\collections\abc.py first seen with mtime 1707248442.0
File G:\project1\LigaPay\LigaPay\venv\Lib\site-packages\django\core\management\base.py first seen with mtime 1726590946.5993676
File G:\project1\LigaPay\LigaPay\venv\Lib\site-packages\redis\__init__.py first seen with mtime 1732644628.1296797
File G:\pynthon\DLLs\_bz2.pyd first seen with mtime 1707248490.0
File G:\project1\LigaPay\LigaPay\venv\Lib\site-packages\tzdata\__init__.py first seen with mtime 1726590942.238857
File G:\project1\LigaPay\LigaPay\venv\Lib\site-packages\dateutil\parser\_parser.py first seen with mtime 1732641434.7168462
File G:\project1\LigaPay\LigaPay\venv\Lib\site-packages\django\contrib\auth\backends.py first seen with mtime 1726590944.9942315
File G:\project1\LigaPay\LigaPay\venv\Lib\site-packages\django\core\files\base.py first seen with mtime 1726590946.5873635
File G:\project1\LigaPay\LigaPay\venv\Lib\site-packages\celery\_state.py first seen with mtime 1732641437.2228477
File G:\project1\LigaPay\LigaPay\venv\Lib\site-packages\django\contrib\staticfiles\handlers.py first seen with mtime 1726590946.5693653
File G:\project1\LigaPay\LigaPay\venv\Lib\site-packages\kombu\utils\json.py first seen with mtime 1732641435.8108478
File G:\project1\LigaPay\LigaPay\venv\Lib\site-packages\PIL\_imaging.cp311-win_amd64.pyd first seen with mtime 1727118445.8603826
File G:\project1\LigaPay\LigaPay\venv\Lib\site-packages\attr\_compat.py first seen with mtime 1732115536.2920115
File G:\project1\LigaPay\LigaPay\venv\Lib\site-packages\django\contrib\messages\middleware.py first seen with mtime 1726590946.124364
File G:\project1\LigaPay\LigaPay\venv\Lib\site-packages\django\utils\duration.py first seen with mtime 1726590946.7273657
File G:\project1\LigaPay\LigaPay\main\apps.py first seen with mtime 1726687386.9003549
File G:\project1\LigaPay\LigaPay\venv\Lib\site-packages\django\db\backends\base\features.py first seen with mtime 1726590946.6183653
File G:\pynthon\Lib\numbers.py first seen with mtime 1707248442.0
File G:\project1\LigaPay\LigaPay\wallet\signals.py first seen with mtime 1741022070.2574167
File G:\project1\LigaPay\LigaPay\venv\Lib\site-packages\attr\_version_info.py first seen with mtime 1732115536.2950125
File G:\pynthon\Lib\textwrap.py first seen with mtime 1707248442.0
File G:\project1\LigaPay\LigaPay\venv\Lib\site-packages\debug_toolbar\templatetags\__init__.py first seen with mtime 1736963109.4519534
File G:\project1\LigaPay\LigaPay\venv\Lib\site-packages\django\core\checks\messages.py first seen with mtime 1726590946.5833635
File G:\project1\LigaPay\LigaPay\venv\Lib\site-packages\django\http\response.py first seen with mtime 1726590946.7013667
File G:\pynthon\Lib\socket.py first seen with mtime 1707248442.0
File G:\project1\LigaPay\LigaPay\orders\admin.py first seen with mtime 1740678593.1348405
File G:\pynthon\Lib\asyncio\transports.py first seen with mtime 1707248442.0
File G:\pynthon\Lib\selectors.py first seen with mtime 1707248442.0
File G:\project1\LigaPay\LigaPay\venv\Lib\site-packages\debug_toolbar\panels\settings.py first seen with mtime 1736963109.4292815
File G:\project1\LigaPay\LigaPay\venv\Lib\site-packages\django\contrib\auth\apps.py first seen with mtime 1726590944.9942315
File G:\project1\LigaPay\LigaPay\venv\Lib\site-packages\kombu\utils\compat.py first seen with mtime 1732641435.8078468
File G:\pynthon\Lib\unittest\runner.py first seen with mtime 1707248442.0
File G:\project1\LigaPay\LigaPay\venv\Lib\site-packages\django\db\models\fields\proxy.py first seen with mtime 1726590946.6563647
File G:\project1\LigaPay\LigaPay\venv\Lib\site-packages\timezone_field\__init__.py first seen with mtime 1732641434.9788458
File G:\project1\LigaPay\LigaPay\venv\Lib\site-packages\django\template\context.py first seen with mtime 1726590946.705366
File G:\project1\LigaPay\LigaPay\venv\Lib\site-packages\celery\loaders\app.py first seen with mtime 1732641437.2798464
File G:\project1\LigaPay\LigaPay\venv\Lib\site-packages\django\contrib\messages\api.py first seen with mtime 1726590946.1223643
File G:\project1\LigaPay\LigaPay\users\forms.py first seen with mtime 1739960187.831464
File G:\project1\LigaPay\LigaPay\venv\Lib\site-packages\django\core\signing.py first seen with mtime 1726590946.5763648
File G:\pynthon\Lib\re\_constants.py first seen with mtime 1707248442.0
File G:\project1\LigaPay\LigaPay\venv\Lib\site-packages\debug_toolbar\panels\versions.py first seen with mtime 1736963109.4312847
File G:\pynthon\Lib\zipfile.py first seen with mtime 1707248442.0
File G:\project1\LigaPay\LigaPay\venv\Lib\site-packages\click\formatting.py first seen with mtime 1732641435.1598487
File G:\project1\LigaPay\LigaPay\venv\Lib\site-packages\debug_toolbar\panels\headers.py first seen with mtime 1736963109.425283
File G:\pynthon\Lib\opcode.py first seen with mtime 1707248442.0
File G:\pynthon\Lib\__future__.py first seen with mtime 1707248442.0
File G:\pynthon\Lib\unittest\__init__.py first seen with mtime 1707248442.0
File G:\project1\LigaPay\LigaPay\users\views.py first seen with mtime 1732812915.027769
File G:\project1\LigaPay\LigaPay\venv\Lib\site-packages\vine\__init__.py first seen with mtime 1732641431.9118443
File G:\pynthon\Lib\unittest\loader.py first seen with mtime 1707248442.0
File G:\project1\LigaPay\LigaPay\venv\Lib\site-packages\django\db\backends\base\client.py first seen with mtime 1726590946.6173651
File G:\pynthon\Lib\importlib\resources\_itertools.py first seen with mtime 1707248442.0
File G:\project1\LigaPay\LigaPay\venv\Lib\site-packages\redis\asyncio\client.py first seen with mtime 1732644628.1517518
File G:\pynthon\Lib\email\_header_value_parser.py first seen with mtime 1707248442.0
File G:\project1\LigaPay\LigaPay\venv\Lib\site-packages\django\contrib\auth\base_user.py first seen with mtime 1726590944.9952314
File G:\pynthon\Lib\wsgiref\handlers.py first seen with mtime 1707248442.0
File G:\project1\LigaPay\LigaPay\venv\Lib\site-packages\widget_tweaks\__init__.py first seen with mtime 1728650047.8334458
File G:\project1\LigaPay\LigaPay\venv\Lib\site-packages\click\utils.py first seen with mtime 1732641435.1648457
File G:\pynthon\Lib\ssl.py first seen with mtime 1707248442.0
File G:\project1\LigaPay\LigaPay\venv\Lib\site-packages\tzdata\zoneinfo\__init__.py first seen with mtime 1726590942.2578568
File G:\pynthon\Lib\token.py first seen with mtime 1707248442.0
File G:\pynthon\Lib\encodings\aliases.py first seen with mtime 1707248442.0
File G:\pynthon\Lib\importlib\resources\abc.py first seen with mtime 1707248442.0
File G:\pynthon\Lib\asyncio\base_tasks.py first seen with mtime 1707248442.0
File G:\project1\LigaPay\LigaPay\products\admin.py first seen with mtime 1740513382.888477
File G:\pynthon\Lib\json\__init__.py first seen with mtime 1707248442.0
File G:\project1\LigaPay\LigaPay\venv\Lib\site-packages\tzdata\zoneinfo\America\Indiana\__init__.py first seen with mtime 1726590942.3338578
File G:\pynthon\Lib\shutil.py first seen with mtime 1707248442.0
File G:\project1\LigaPay\LigaPay\venv\Lib\site-packages\debug_toolbar\panels\__init__.py first seen with mtime 1736963109.424282
File G:\project1\LigaPay\LigaPay\venv\Lib\site-packages\django\core\files\images.py first seen with mtime 1726590946.588364
File G:\pynthon\Lib\email\headerregistry.py first seen with mtime 1707248442.0
File G:\project1\LigaPay\LigaPay\venv\Lib\site-packages\django\urls\exceptions.py first seen with mtime 1726590946.7203646
File G:\project1\LigaPay\LigaPay\venv\Lib\site-packages\django\db\models\fields\mixins.py first seen with mtime 1726590946.6553826
File G:\project1\LigaPay\LigaPay\venv\Lib\site-packages\amqp\utils.py first seen with mtime 1732641435.4428475
File G:\pynthon\Lib\json\scanner.py first seen with mtime 1707248442.0
File G:\project1\LigaPay\LigaPay\venv\Lib\site-packages\PIL\TiffTags.py first seen with mtime 1727118445.8300192
File G:\project1\LigaPay\LigaPay\venv\Lib\site-packages\celery\utils\serialization.py first seen with mtime 1732641437.2888482
File G:\project1\LigaPay\LigaPay\venv\Lib\site-packages\debug_toolbar\_stubs.py first seen with mtime 1736963109.3882818
File G:\project1\LigaPay\LigaPay\venv\Lib\site-packages\cffi\api.py first seen with mtime 1732115536.8025436
File G:\pynthon\Lib\decimal.py first seen with mtime 1707248442.0
File G:\project1\LigaPay\LigaPay\news\urls.py first seen with mtime 1733238988.629807
File G:\project1\LigaPay\LigaPay\venv\Lib\site-packages\dateutil\parser\__init__.py first seen with mtime 1732641434.7158468
File G:\project1\LigaPay\LigaPay\venv\Lib\site-packages\django\db\utils.py first seen with mtime 1726590946.614364
File G:\project1\LigaPay\LigaPay\venv\Lib\site-packages\django\db\models\fields\__init__.py first seen with mtime 1726590946.6543634
File G:\project1\LigaPay\LigaPay\venv\Lib\site-packages\django\template\defaulttags.py first seen with mtime 1726590946.7073653
File G:\pynthon\Lib\asyncio\queues.py first seen with mtime 1707248442.0
File G:\project1\LigaPay\LigaPay\venv\Lib\site-packages\django\template\response.py first seen with mtime 1726590946.7093637
File G:\project1\LigaPay\LigaPay\venv\Lib\site-packages\django\templatetags\cache.py first seen with mtime 1726590946.7143629
File G:\project1\LigaPay\LigaPay\venv\Lib\site-packages\dateutil\relativedelta.py first seen with mtime 1732641434.7138455
File G:\pynthon\DLLs\_ssl.pyd first seen with mtime 1707248490.0
File G:\project1\LigaPay\LigaPay\venv\Lib\site-packages\psycopg2\_psycopg.cp311-win_amd64.pyd first seen with mtime 1726590943.6751423
File G:\pynthon\Lib\collections\__init__.py first seen with mtime 1707248442.0
File G:\project1\LigaPay\LigaPay\venv\Lib\site-packages\django_filters\constants.py first seen with mtime 1737573152.0061586
File G:\project1\LigaPay\LigaPay\orders\apps.py first seen with mtime 1740506286.7664967
File G:\project1\LigaPay\LigaPay\venv\Lib\site-packages\django\db\backends\base\__init__.py first seen with mtime 1726590946.6163647
File G:\pynthon\Lib\asyncio\trsock.py first seen with mtime 1707248442.0
File G:\pynthon\Lib\email\__init__.py first seen with mtime 1707248442.0
File G:\project1\LigaPay\LigaPay\venv\Lib\site-packages\django\db\models\functions\datetime.py first seen with mtime 1726590946.659363
File G:\project1\LigaPay\LigaPay\venv\Lib\site-packages\billiard\context.py first seen with mtime 1732641434.1568482
File G:\project1\LigaPay\LigaPay\venv\Lib\site-packages\django\views\generic\detail.py first seen with mtime 1726590946.7453637
File G:\pynthon\Lib\subprocess.py first seen with mtime 1707248442.0
File G:\project1\LigaPay\LigaPay\venv\Lib\site-packages\django\forms\formsets.py first seen with mtime 1726590946.6673636
File G:\project1\LigaPay\LigaPay\venv\Lib\site-packages\celery\utils\log.py first seen with mtime 1732641437.287847
File G:\pynthon\Lib\dataclasses.py first seen with mtime 1707248442.0
File G:\project1\LigaPay\LigaPay\venv\Lib\site-packages\django\core\checks\security\csrf.py first seen with mtime 1726590946.5873635
File G:\project1\LigaPay\LigaPay\venv\Lib\site-packages\django\contrib\auth\hashers.py first seen with mtime 1726590944.9972312
File G:\pynthon\Lib\asyncio\locks.py first seen with mtime 1707248442.0
File G:\project1\LigaPay\LigaPay\venv\Lib\site-packages\django\db\backends\base\base.py first seen with mtime 1726590946.6173651
File G:\project1\LigaPay\LigaPay\venv\Lib\site-packages\django\contrib\contenttypes\fields.py first seen with mtime 1726590945.1252298
File G:\project1\LigaPay\LigaPay\venv\Lib\site-packages\django\utils\choices.py first seen with mtime 1726590946.7243655
File G:\project1\LigaPay\LigaPay\venv\Lib\site-packages\django\contrib\messages\views.py first seen with mtime 1726590946.1843636
File G:\project1\LigaPay\LigaPay\venv\Lib\site-packages\_distutils_hack\__init__.py first seen with mtime 1726590903.3481083
File G:\pynthon\Lib\operator.py first seen with mtime 1707248442.0
File G:\project1\LigaPay\LigaPay\venv\Lib\site-packages\widget_tweaks\models.py first seen with mtime 1728650047.8344114
File G:\project1\LigaPay\LigaPay\venv\Lib\site-packages\six.py first seen with mtime 1732641432.0538437
File G:\pynthon\Lib\asyncio\taskgroups.py first seen with mtime 1707248442.0
File G:\pynthon\Lib\email\mime\__init__.py first seen with mtime 1707248442.0
File G:\project1\LigaPay\LigaPay\users\__init__.py first seen with mtime 1726760398.9986563
File G:\pynthon\Lib\asyncio\format_helpers.py first seen with mtime 1707248442.0
File G:\project1\LigaPay\LigaPay\venv\Lib\site-packages\django\contrib\admin\sites.py first seen with mtime 1726590944.6252308
File G:\project1\LigaPay\LigaPay\venv\Lib\site-packages\django\db\models\sql\where.py first seen with mtime 1726590946.6643658
File G:\project1\LigaPay\LigaPay\venv\Lib\site-packages\django\core\files\storage\__init__.py first seen with mtime 1726590946.5903642
File G:\project1\LigaPay\LigaPay\venv\Lib\site-packages\django\db\models\__init__.py first seen with mtime 1726590946.646366
File G:\pynthon\Lib\urllib\error.py first seen with mtime 1707248442.0
File G:\project1\LigaPay\LigaPay\venv\Lib\site-packages\django\apps\__init__.py first seen with mtime 1726590944.4417217
File G:\project1\LigaPay\LigaPay\venv\Lib\site-packages\tzdata\zoneinfo\Antarctica\__init__.py first seen with mtime 1726590942.3408582
File G:\pynthon\Lib\email\mime\base.py first seen with mtime 1707248442.0
File G:\project1\LigaPay\LigaPay\venv\Lib\site-packages\django\contrib\contenttypes\admin.py first seen with mtime 1726590945.1242316
File G:\project1\LigaPay\LigaPay\venv\Lib\site-packages\django_celery_beat\querysets.py first seen with mtime 1732641439.7488835
File G:\pynthon\DLLs\_queue.pyd first seen with mtime 1707248488.0
File G:\project1\LigaPay\LigaPay\venv\Lib\site-packages\django\contrib\auth\tokens.py first seen with mtime 1726590944.9992306
File G:\pynthon\DLLs\_overlapped.pyd first seen with mtime 1707248490.0
File G:\project1\LigaPay\LigaPay\venv\Lib\site-packages\django\urls\__init__.py first seen with mtime 1726590946.719364
File G:\project1\LigaPay\LigaPay\venv\Lib\site-packages\django\core\mail\message.py first seen with mtime 1726590946.5943632
File G:\project1\LigaPay\LigaPay\venv\Lib\site-packages\django_celery_beat\validators.py first seen with mtime 1732641439.7548494
File G:\project1\LigaPay\LigaPay\venv\Lib\site-packages\click\parser.py first seen with mtime 1732641435.1608477
File G:\project1\LigaPay\LigaPay\venv\Lib\site-packages\debug_toolbar\panels\sql\tracking.py first seen with mtime 1736963109.4349527
File G:\project1\LigaPay\LigaPay\venv\Lib\site-packages\django\core\checks\templates.py first seen with mtime 1726590946.5843635
File G:\project1\LigaPay\LigaPay\venv\Lib\site-packages\django\utils\deconstruct.py first seen with mtime 1726590946.7263658
File G:\pynthon\Lib\multiprocessing\util.py first seen with mtime 1707248442.0
File G:\pynthon\Lib\weakref.py first seen with mtime 1707248442.0
File G:\pynthon\Lib\_markupbase.py first seen with mtime 1707248442.0
File G:\pynthon\Lib\http\server.py first seen with mtime 1707248442.0
File G:\project1\LigaPay\LigaPay\venv\Lib\site-packages\django\db\models\signals.py first seen with mtime 1726590946.653365
File G:\project1\LigaPay\LigaPay\venv\Lib\site-packages\django\urls\base.py first seen with mtime 1726590946.719364
File G:\project1\LigaPay\LigaPay\venv\Lib\site-packages\django\utils\decorators.py first seen with mtime 1726590946.7263658
File G:\project1\LigaPay\LigaPay\venv\Lib\site-packages\django\core\wsgi.py first seen with mtime 1726590946.5773642
File G:\project1\LigaPay\LigaPay\venv\Lib\site-packages\django\db\models\functions\math.py first seen with mtime 1726590946.659363
File G:\project1\LigaPay\LigaPay\venv\Lib\site-packages\django\utils\version.py first seen with mtime 1726590946.735366
File G:\project1\LigaPay\LigaPay\venv\Lib\site-packages\django\db\backends\signals.py first seen with mtime 1726590946.6163647
File G:\project1\LigaPay\LigaPay\venv\Lib\site-packages\django_filters\exceptions.py first seen with mtime 1737573152.00668
File G:\project1\LigaPay\LigaPay\venv\Lib\site-packages\django\db\migrations\utils.py first seen with mtime 1726590946.643365
File G:\pynthon\Lib\multiprocessing\process.py first seen with mtime 1707248442.0
File G:\pynthon\Lib\urllib\request.py first seen with mtime 1707248442.0
File G:\project1\LigaPay\LigaPay\venv\Lib\site-packages\celery\schedules.py first seen with mtime 1732641437.2258456
File G:\project1\LigaPay\LigaPay\venv\Lib\site-packages\attr\__init__.py first seen with mtime 1732115536.290012
File G:\pynthon\Lib\copy.py first seen with mtime 1707248442.0
File G:\project1\LigaPay\LigaPay\venv\Lib\site-packages\django\urls\converters.py first seen with mtime 1726590946.7203646
File G:\pynthon\Lib\concurrent\__init__.py first seen with mtime 1707248442.0
File G:\pynthon\Lib\html\__init__.py first seen with mtime 1707248442.0
File G:\project1\LigaPay\LigaPay\venv\Lib\site-packages\psycopg2\sql.py first seen with mtime 1726590943.6781423
File G:\pynthon\Lib\importlib\resources\__init__.py first seen with mtime 1707248442.0
File G:\project1\LigaPay\LigaPay\venv\Lib\site-packages\django\core\files\utils.py first seen with mtime 1726590946.5903642
File G:\project1\LigaPay\LigaPay\venv\Lib\site-packages\kombu\utils\objects.py first seen with mtime 1732641435.8118482
File G:\project1\LigaPay\LigaPay\venv\Lib\site-packages\django\test\signals.py first seen with mtime 1726590946.717364
File G:\project1\LigaPay\LigaPay\venv\Lib\site-packages\django_celery_beat\admin.py first seen with mtime 1732641439.74186
File G:\project1\LigaPay\LigaPay\venv\Lib\site-packages\debug_toolbar\panels\profiling.py first seen with mtime 1736963109.425283
File G:\project1\LigaPay\LigaPay\users\models.py first seen with mtime 1739789698.2835863
File G:\project1\LigaPay\LigaPay\venv\Lib\site-packages\django\utils\http.py first seen with mtime 1726590946.730365
File G:\pynthon\Lib\tokenize.py first seen with mtime 1707248442.0
File G:\project1\LigaPay\LigaPay\venv\Lib\site-packages\django\contrib\auth\signals.py first seen with mtime 1726590944.9992306
File G:\project1\LigaPay\LigaPay\venv\Lib\site-packages\celery\fixups\django.py first seen with mtime 1732641437.278847
File G:\project1\LigaPay\LigaPay\venv\Lib\site-packages\django\db\models\functions\mixins.py first seen with mtime 1726590946.660364
File G:\project1\LigaPay\LigaPay\venv\Lib\site-packages\django\template\engine.py first seen with mtime 1726590946.7073653
File G:\project1\LigaPay\LigaPay\venv\Lib\site-packages\django\utils\__init__.py first seen with mtime 1726590946.721365
File G:\pynthon\Lib\importlib\readers.py first seen with mtime 1707248442.0
File G:\project1\LigaPay\LigaPay\venv\Lib\site-packages\tzdata\zoneinfo\America\Kentucky\__init__.py first seen with mtime 1726590942.3348572
File G:\project1\LigaPay\LigaPay\venv\Lib\site-packages\django\db\models\constants.py first seen with mtime 1726590946.6483638
File G:\project1\LigaPay\LigaPay\venv\Lib\site-packages\psycopg2\extensions.py first seen with mtime 1726590943.6771429
File G:\pynthon\Lib\getpass.py first seen with mtime 1707248442.0
File G:\project1\LigaPay\LigaPay\venv\Lib\site-packages\kombu\resource.py first seen with mtime 1732641435.785846
File G:\project1\LigaPay\LigaPay\venv\Lib\site-packages\timezone_field\utils.py first seen with mtime 1732641434.9848464
File G:\project1\LigaPay\LigaPay\venv\Lib\site-packages\PIL\ImageMode.py first seen with mtime 1727118445.8094141
File G:\project1\LigaPay\LigaPay\venv\Lib\site-packages\captcha\urls.py first seen with mtime 1728586654.9523003
File G:\project1\LigaPay\LigaPay\venv\Lib\site-packages\django\contrib\staticfiles\apps.py first seen with mtime 1726590946.5683634
File G:\project1\LigaPay\LigaPay\venv\Lib\site-packages\tzdata\zoneinfo\America\Argentina\__init__.py first seen with mtime 1726590942.3308582
File G:\pynthon\Lib\graphlib.py first seen with mtime 1707248442.0
File G:\project1\LigaPay\LigaPay\venv\Lib\site-packages\django\templatetags\l10n.py first seen with mtime 1726590946.7143629
File G:\project1\LigaPay\LigaPay\venv\Lib\site-packages\django\contrib\contenttypes\apps.py first seen with mtime 1726590945.1252298
File G:\project1\LigaPay\LigaPay\venv\Lib\site-packages\django\utils\autoreload.py first seen with mtime 1726590946.7233653
File G:\pynthon\Lib\importlib\resources\_adapters.py first seen with mtime 1707248442.0
File G:\pynthon\Lib\xml\dom\minicompat.py first seen with mtime 1707248442.0
File G:\pynthon\Lib\asyncio\streams.py first seen with mtime 1707248442.0
File G:\pynthon\Lib\multiprocessing\__init__.py first seen with mtime 1707248442.0
File G:\project1\LigaPay\LigaPay\venv\Lib\site-packages\debug_toolbar\panels\cache.py first seen with mtime 1736963109.425283
File G:\project1\LigaPay\LigaPay\venv\Lib\site-packages\timezone_field\backends\__init__.py first seen with mtime 1732641434.9798458
File G:\project1\LigaPay\LigaPay\venv\Lib\site-packages\debug_toolbar\panels\templates\views.py first seen with mtime 1736963109.437955
File G:\project1\LigaPay\LigaPay\venv\Lib\site-packages\django\contrib\admin\options.py first seen with mtime 1726590944.6252308
File G:\project1\LigaPay\LigaPay\venv\Lib\site-packages\django\core\checks\caches.py first seen with mtime 1726590946.5823636
File G:\project1\LigaPay\LigaPay\venv\Lib\site-packages\kombu\common.py first seen with mtime 1732641435.7808454
File G:\project1\LigaPay\LigaPay\venv\Lib\site-packages\celery\loaders\__init__.py first seen with mtime 1732641437.2798464
File G:\project1\LigaPay\LigaPay\venv\Lib\site-packages\django\core\files\move.py first seen with mtime 1726590946.588364
File G:\project1\LigaPay\LigaPay\venv\Lib\site-packages\click\decorators.py first seen with mtime 1732641435.1598487
File G:\project1\LigaPay\LigaPay\venv\Lib\site-packages\celery\app\annotations.py first seen with mtime 1732641437.2288463
File G:\project1\LigaPay\LigaPay\venv\Lib\site-packages\django\core\files\uploadedfile.py first seen with mtime 1726590946.589363
File G:\project1\LigaPay\LigaPay\venv\Lib\site-packages\django_filters\__init__.py first seen with mtime 1737573152.0051117
File G:\project1\LigaPay\LigaPay\venv\Lib\site-packages\PIL\_util.py first seen with mtime 1727118445.8773806
File G:\pynthon\Lib\json\decoder.py first seen with mtime 1707248442.0
File G:\project1\LigaPay\LigaPay\venv\Lib\site-packages\vine\utils.py first seen with mtime 1732641431.9148445
File G:\pynthon\Lib\logging\handlers.py first seen with mtime 1707248442.0
File G:\project1\LigaPay\LigaPay\venv\Lib\site-packages\django\core\checks\__init__.py first seen with mtime 1726590946.5823636
File G:\project1\LigaPay\LigaPay\venv\Lib\site-packages\django\utils\datastructures.py first seen with mtime 1726590946.725366
File G:\project1\LigaPay\LigaPay\venv\Lib\site-packages\tzdata\zoneinfo\Mexico\__init__.py first seen with mtime 1726590942.4318578
File G:\pynthon\Lib\logging\config.py first seen with mtime 1707248442.0
File G:\project1\LigaPay\LigaPay\venv\Lib\site-packages\redis\_parsers\__init__.py first seen with mtime 1732644628.1469846
File G:\project1\LigaPay\LigaPay\venv\Lib\site-packages\django\contrib\admin\utils.py first seen with mtime 1726590944.6262307
File G:\pynthon\Lib\venv\__init__.py first seen with mtime 1707248442.0
File G:\project1\LigaPay\LigaPay\venv\Lib\site-packages\django\db\models\fields\files.py first seen with mtime 1726590946.6543634
File G:\project1\LigaPay\LigaPay\venv\Lib\site-packages\django\http\__init__.py first seen with mtime 1726590946.699366
File G:\project1\LigaPay\LigaPay\venv\Lib\site-packages\kombu\serialization.py first seen with mtime 1732641435.7868454
File G:\project1\LigaPay\LigaPay\venv\Lib\site-packages\django\contrib\admin\checks.py first seen with mtime 1726590944.6222312
File G:\project1\LigaPay\LigaPay\venv\Lib\site-packages\django\conf\__init__.py first seen with mtime 1726590944.4427235
File G:\project1\LigaPay\LigaPay\venv\Lib\site-packages\django\conf\locale\__init__.py first seen with mtime 1726590944.4467218
File G:\project1\LigaPay\LigaPay\venv\Lib\site-packages\psycopg2\__init__.py first seen with mtime 1726590943.662142
File G:\project1\LigaPay\LigaPay\venv\Lib\site-packages\kombu\utils\__init__.py first seen with mtime 1732641435.8058484
File G:\project1\LigaPay\LigaPay\venv\Lib\site-packages\django_celery_beat\apps.py first seen with mtime 1732641439.7438738
File G:\pynthon\Lib\_compression.py first seen with mtime 1707248442.0
File G:\project1\LigaPay\LigaPay\venv\Lib\site-packages\django\forms\renderers.py first seen with mtime 1726590946.6683636
File G:\project1\LigaPay\LigaPay\venv\Lib\site-packages\django\db\models\functions\text.py first seen with mtime 1726590946.660364
File G:\project1\LigaPay\LigaPay\venv\Lib\site-packages\debug_toolbar\panels\redirects.py first seen with mtime 1736963109.4262812
File G:\pynthon\Lib\queue.py first seen with mtime 1707248442.0
File G:\pynthon\Lib\importlib\resources\_common.py first seen with mtime 1707248442.0
File G:\pynthon\Lib\sysconfig.py first seen with mtime 1707248442.0
File G:\project1\LigaPay\LigaPay\venv\Lib\site-packages\django\contrib\messages\storage\__init__.py first seen with mtime 1726590946.1843636
File G:\project1\LigaPay\LigaPay\venv\Lib\site-packages\debug_toolbar\apps.py first seen with mtime 1736963109.3882818
File G:\project1\LigaPay\LigaPay\venv\Lib\site-packages\colorama\ansi.py first seen with mtime 1732641433.8288462
File G:\pynthon\DLLs\_asyncio.pyd first seen with mtime 1707248490.0
File G:\project1\LigaPay\LigaPay\venv\Lib\site-packages\tzdata\zoneinfo\Etc\__init__.py first seen with mtime 1726590942.4048564
File G:\pynthon\Lib\email\charset.py first seen with mtime 1707248442.0
File G:\pynthon\Lib\ast.py first seen with mtime 1707248442.0
File G:\project1\LigaPay\LigaPay\venv\Lib\site-packages\django\urls\conf.py first seen with mtime 1726590946.719364
File G:\project1\LigaPay\LigaPay\venv\Lib\site-packages\django\views\generic\list.py first seen with mtime 1726590946.746364
File G:\project1\LigaPay\LigaPay\news\__init__.py first seen with mtime 1732123295.3883448
File G:\pynthon\Lib\importlib\resources\_legacy.py first seen with mtime 1707248442.0
File G:\project1\LigaPay\LigaPay\venv\Lib\site-packages\celery\app\defaults.py first seen with mtime 1732641437.230846
File G:\project1\LigaPay\LigaPay\venv\Lib\site-packages\PIL\ExifTags.py first seen with mtime 1727118445.779822
File G:\project1\LigaPay\LigaPay\venv\Lib\site-packages\celery\local.py first seen with mtime 1732641437.2248454
File G:\project1\LigaPay\LigaPay\venv\Lib\site-packages\django\utils\translation\__init__.py first seen with mtime 1726590946.736364
File G:\pynthon\Lib\glob.py first seen with mtime 1707248442.0
File G:\project1\LigaPay\LigaPay\venv\Lib\site-packages\kombu\messaging.py first seen with mtime 1732641435.7848456
File G:\project1\LigaPay\LigaPay\venv\Lib\site-packages\django\core\checks\security\__init__.py first seen with mtime 1726590946.5863638
File G:\project1\LigaPay\LigaPay\venv\Lib\site-packages\django\utils\log.py first seen with mtime 1726590946.7323644
File G:\project1\LigaPay\LigaPay\venv\Lib\site-packages\django\core\serializers\python.py first seen with mtime 1726590946.6113646
File G:\project1\LigaPay\LigaPay\venv\Lib\site-packages\vine\synchronization.py first seen with mtime 1732641431.9138439
File G:\pynthon\Lib\contextvars.py first seen with mtime 1707248442.0
File G:\project1\LigaPay\LigaPay\venv\Lib\site-packages\django\test\client.py first seen with mtime 1726590946.7163641
File G:\project1\LigaPay\LigaPay\venv\Lib\site-packages\django\template\loaders\__init__.py first seen with mtime 1726590946.711365
File G:\project1\LigaPay\LigaPay\venv\Lib\site-packages\sqlparse\formatter.py first seen with mtime 1726590942.564858
File G:\project1\LigaPay\LigaPay\venv\Lib\site-packages\django\db\models\query.py first seen with mtime 1726590946.652364
File G:\pynthon\Lib\importlib\metadata\_functools.py first seen with mtime 1707248442.0
File G:\project1\LigaPay\LigaPay\venv\Lib\site-packages\colorama\win32.py first seen with mtime 1732641433.8308463
File G:\project1\LigaPay\LigaPay\venv\Lib\site-packages\django\urls\utils.py first seen with mtime 1726590946.721365
File G:\project1\LigaPay\LigaPay\venv\Lib\site-packages\tzdata\zoneinfo\Canada\__init__.py first seen with mtime 1726590942.3928576
File G:\project1\LigaPay\LigaPay\venv\Lib\site-packages\django\db\models\fields\generated.py first seen with mtime 1726590946.6543634
File G:\pynthon\Lib\xml\dom\minidom.py first seen with mtime 1707248442.0
File G:\project1\LigaPay\LigaPay\venv\Lib\site-packages\debug_toolbar\panels\timer.py first seen with mtime 1736963109.430282
File G:\project1\LigaPay\LigaPay\venv\Lib\site-packages\django\db\backends\postgresql\operations.py first seen with mtime 1726590946.6333644
File G:\pynthon\Lib\concurrent\futures\_base.py first seen with mtime 1707248442.0
File G:\project1\LigaPay\LigaPay\news\templates\news first seen with mtime 1732199049.2782166
File G:\project1\LigaPay\LigaPay\news\templates\news\base.html first seen with mtime 1732203327.3650777
File G:\project1\LigaPay\LigaPay\news\templates\news\news.html first seen with mtime 1733053544.0462568
File G:\project1\LigaPay\LigaPay\users\templates\users first seen with mtime 1731950901.0898564
File G:\project1\LigaPay\LigaPay\users\templates\users\authorization.html first seen with mtime 1733053675.3727796
File G:\project1\LigaPay\LigaPay\users\templates\users\base.html first seen with mtime 1740134354.8840601
File G:\project1\LigaPay\LigaPay\users\templates\users\email_reset.html first seen with mtime 1733053666.3317828
File G:\project1\LigaPay\LigaPay\users\templates\users\email_reset_complete.html first seen with mtime 1733053669.7102265
File G:\project1\LigaPay\LigaPay\users\templates\users\email_reset_done.html first seen with mtime 1733053668.1557803
File G:\project1\LigaPay\LigaPay\users\templates\users\email_verification.html first seen with mtime 1733053664.2737522
File G:\project1\LigaPay\LigaPay\users\templates\users\password_reset.html first seen with mtime 1733053657.4038415
File G:\project1\LigaPay\LigaPay\users\templates\users\password_reset_complete.html first seen with mtime 1733053662.6787813
File G:\project1\LigaPay\LigaPay\users\templates\users\password_reset_confirm.html first seen with mtime 1733053660.820756
File G:\project1\LigaPay\LigaPay\users\templates\users\password_reset_done.html first seen with mtime 1733053659.0827808
File G:\project1\LigaPay\LigaPay\users\templates\users\password_reset_email.html first seen with mtime 1728645023.3892965
File G:\project1\LigaPay\LigaPay\users\templates\users\profile.html first seen with mtime 1733053655.6327767
File G:\project1\LigaPay\LigaPay\users\templates\users\registration.html first seen with mtime 1733053652.90978
File G:\project1\LigaPay\LigaPay\main\templates\main first seen with mtime 1733052478.4898121
File G:\project1\LigaPay\LigaPay\main\templates\main\base.html first seen with mtime 1741014097.467419
File G:\project1\LigaPay\LigaPay\main\templates\main\index.html first seen with mtime 1737049364.7857566
File G:\project1\LigaPay\LigaPay\main\templates\main\rules.html first seen with mtime 1733056726.944029
File G:\project1\LigaPay\LigaPay\venv\Lib\site-packages\django_celery_beat\templates\admin first seen with mtime 1732641439.7818477
File G:\project1\LigaPay\LigaPay\venv\Lib\site-packages\django_celery_beat\templates\admin\djcelery first seen with mtime 1732641439.7818477
File G:\project1\LigaPay\LigaPay\venv\Lib\site-packages\django_celery_beat\templates\admin\djcelery\change_list.html first seen with mtime 1732641439.7818477
File G:\project1\LigaPay\LigaPay\venv\Lib\site-packages\django_celery_beat\templates\admin\djcelery\change_periodictask_form.html first seen with mtime 1732641439.7828476
File G:\project1\LigaPay\LigaPay\venv\Lib\site-packages\debug_toolbar\templates\debug_toolbar first seen with mtime 1736963109.443954
File G:\project1\LigaPay\LigaPay\venv\Lib\site-packages\debug_toolbar\templates\debug_toolbar\base.html first seen with mtime 1736963109.4419532
File G:\project1\LigaPay\LigaPay\venv\Lib\site-packages\debug_toolbar\templates\debug_toolbar\includes first seen with mtime 1736963109.442953
File G:\project1\LigaPay\LigaPay\venv\Lib\site-packages\debug_toolbar\templates\debug_toolbar\panels first seen with mtime 1736963109.4509535
File G:\project1\LigaPay\LigaPay\venv\Lib\site-packages\debug_toolbar\templates\debug_toolbar\redirect.html first seen with mtime 1736963109.4419532
File G:\project1\LigaPay\LigaPay\venv\Lib\site-packages\debug_toolbar\templates\debug_toolbar\includes\panel_button.html first seen with mtime 1736963109.442953
File G:\project1\LigaPay\LigaPay\venv\Lib\site-packages\debug_toolbar\templates\debug_toolbar\includes\panel_content.html first seen with mtime 1736963109.442953
File G:\project1\LigaPay\LigaPay\venv\Lib\site-packages\debug_toolbar\templates\debug_toolbar\includes\theme_selector.html first seen with mtime 1736963109.443954
File G:\project1\LigaPay\LigaPay\venv\Lib\site-packages\debug_toolbar\templates\debug_toolbar\panels\alerts.html first seen with mtime 1736963109.443954
File G:\project1\LigaPay\LigaPay\venv\Lib\site-packages\debug_toolbar\templates\debug_toolbar\panels\cache.html first seen with mtime 1736963109.443954
File G:\project1\LigaPay\LigaPay\venv\Lib\site-packages\debug_toolbar\templates\debug_toolbar\panels\headers.html first seen with mtime 1736963109.4459538
File G:\project1\LigaPay\LigaPay\venv\Lib\site-packages\debug_toolbar\templates\debug_toolbar\panels\history.html first seen with mtime 1736963109.4459944
File G:\project1\LigaPay\LigaPay\venv\Lib\site-packages\debug_toolbar\templates\debug_toolbar\panels\history_tr.html first seen with mtime 1736963109.4459944
File G:\project1\LigaPay\LigaPay\venv\Lib\site-packages\debug_toolbar\templates\debug_toolbar\panels\profiling.html first seen with mtime 1736963109.4469526
File G:\project1\LigaPay\LigaPay\venv\Lib\site-packages\debug_toolbar\templates\debug_toolbar\panels\request.html first seen with mtime 1736963109.4469526
File G:\project1\LigaPay\LigaPay\venv\Lib\site-packages\debug_toolbar\templates\debug_toolbar\panels\request_variables.html first seen with mtime 1736963109.4469526
File G:\project1\LigaPay\LigaPay\venv\Lib\site-packages\debug_toolbar\templates\debug_toolbar\panels\settings.html first seen with mtime 1736963109.4479527
File G:\project1\LigaPay\LigaPay\venv\Lib\site-packages\debug_toolbar\templates\debug_toolbar\panels\signals.html first seen with mtime 1736963109.4479527
File G:\project1\LigaPay\LigaPay\venv\Lib\site-packages\debug_toolbar\templates\debug_toolbar\panels\sql.html first seen with mtime 1736963109.4489522
File G:\project1\LigaPay\LigaPay\venv\Lib\site-packages\debug_toolbar\templates\debug_toolbar\panels\sql_explain.html first seen with mtime 1736963109.4489522
File G:\project1\LigaPay\LigaPay\venv\Lib\site-packages\debug_toolbar\templates\debug_toolbar\panels\sql_profile.html first seen with mtime 1736963109.4489522
File G:\project1\LigaPay\LigaPay\venv\Lib\site-packages\debug_toolbar\templates\debug_toolbar\panels\sql_select.html first seen with mtime 1736963109.4499526
File G:\project1\LigaPay\LigaPay\venv\Lib\site-packages\debug_toolbar\templates\debug_toolbar\panels\staticfiles.html first seen with mtime 1736963109.4499526
File G:\project1\LigaPay\LigaPay\venv\Lib\site-packages\debug_toolbar\templates\debug_toolbar\panels\templates.html first seen with mtime 1736963109.4509535
File G:\project1\LigaPay\LigaPay\venv\Lib\site-packages\debug_toolbar\templates\debug_toolbar\panels\template_source.html first seen with mtime 1736963109.4499526
File G:\project1\LigaPay\LigaPay\venv\Lib\site-packages\debug_toolbar\templates\debug_toolbar\panels\timer.html first seen with mtime 1736963109.4509535
File G:\project1\LigaPay\LigaPay\venv\Lib\site-packages\debug_toolbar\templates\debug_toolbar\panels\versions.html first seen with mtime 1736963109.4509535
File G:\project1\LigaPay\LigaPay\venv\Lib\site-packages\captcha\templates\captcha first seen with mtime 1728586654.9963017
File G:\project1\LigaPay\LigaPay\venv\Lib\site-packages\captcha\templates\captcha\field.html first seen with mtime 1728586654.9952996
File G:\project1\LigaPay\LigaPay\venv\Lib\site-packages\captcha\templates\captcha\hidden_field.html first seen with mtime 1728586654.9952996
File G:\project1\LigaPay\LigaPay\venv\Lib\site-packages\captcha\templates\captcha\image.html first seen with mtime 1728586654.9963017
File G:\project1\LigaPay\LigaPay\venv\Lib\site-packages\captcha\templates\captcha\text_field.html first seen with mtime 1728586654.9963017
File G:\project1\LigaPay\LigaPay\venv\Lib\site-packages\captcha\templates\captcha\widgets first seen with mtime 1728586654.997303
File G:\project1\LigaPay\LigaPay\venv\Lib\site-packages\captcha\templates\captcha\widgets\captcha.html first seen with mtime 1728586654.997303
File G:\project1\LigaPay\LigaPay\orders\templates\orders first seen with mtime 1741013647.6262102
File G:\project1\LigaPay\LigaPay\orders\templates\orders\order_list.html first seen with mtime 1740758605.2232354
File G:\project1\LigaPay\LigaPay\orders\templates\orders\sale_list.html first seen with mtime 1741016206.769198
File G:\project1\LigaPay\LigaPay\wallet\templates\wallet first seen with mtime 1740503752.0611818
File G:\project1\LigaPay\LigaPay\wallet\templates\wallet\deposit.html first seen with mtime 1740502949.2986577
File G:\project1\LigaPay\LigaPay\products\templates\products first seen with mtime 1739792568.8470702
File G:\project1\LigaPay\LigaPay\products\templates\products\account.html first seen with mtime 1739294514.8038156
File G:\project1\LigaPay\LigaPay\products\templates\products\battlepass.html first seen with mtime 1739295936.8459928
File G:\project1\LigaPay\LigaPay\products\templates\products\boost.html first seen with mtime 1739295944.2153091
File G:\project1\LigaPay\LigaPay\products\templates\products\donation.html first seen with mtime 1739295951.277994
File G:\project1\LigaPay\LigaPay\products\templates\products\offer.html first seen with mtime 1736185031.258356
File G:\project1\LigaPay\LigaPay\products\templates\products\other.html first seen with mtime 1739295957.6039937
File G:\project1\LigaPay\LigaPay\products\templates\products\products.html first seen with mtime 1739295010.3380172
File G:\project1\LigaPay\LigaPay\products\templates\products\qualification.html first seen with mtime 1739295929.146992
File G:\project1\LigaPay\LigaPay\products\templates\products\riot-points.html first seen with mtime 1739877192.9037676
File G:\project1\LigaPay\LigaPay\products\templates\products\riot-points_detail.html first seen with mtime 1741027424.347702
File G:\project1\LigaPay\LigaPay\products\templates\products\services.html first seen with mtime 1739295985.331993
File G:\project1\LigaPay\LigaPay\products\templates\products\training.html first seen with mtime 1739295994.899958
File G:\project1\LigaPay\LigaPay\venv\Lib\site-packages\debug_toolbar\locale\bg\LC_MESSAGES\django.mo first seen with mtime 1736963109.3932824
File G:\project1\LigaPay\LigaPay\venv\Lib\site-packages\debug_toolbar\locale\ca\LC_MESSAGES\django.mo first seen with mtime 1736963109.3952825
File G:\project1\LigaPay\LigaPay\venv\Lib\site-packages\debug_toolbar\locale\cs\LC_MESSAGES\django.mo first seen with mtime 1736963109.3962817
File G:\project1\LigaPay\LigaPay\venv\Lib\site-packages\debug_toolbar\locale\de\LC_MESSAGES\django.mo first seen with mtime 1736963109.3982835
File G:\project1\LigaPay\LigaPay\venv\Lib\site-packages\debug_toolbar\locale\en\LC_MESSAGES\django.mo first seen with mtime 1736963109.3992817
File G:\project1\LigaPay\LigaPay\venv\Lib\site-packages\debug_toolbar\locale\es\LC_MESSAGES\django.mo first seen with mtime 1736963109.4002817
File G:\project1\LigaPay\LigaPay\venv\Lib\site-packages\debug_toolbar\locale\fa\LC_MESSAGES\django.mo first seen with mtime 1736963109.4012816
File G:\project1\LigaPay\LigaPay\venv\Lib\site-packages\debug_toolbar\locale\fi\LC_MESSAGES\django.mo first seen with mtime 1736963109.4042819
File G:\project1\LigaPay\LigaPay\venv\Lib\site-packages\debug_toolbar\locale\fr\LC_MESSAGES\django.mo first seen with mtime 1736963109.405281
File G:\project1\LigaPay\LigaPay\venv\Lib\site-packages\debug_toolbar\locale\he\LC_MESSAGES\django.mo first seen with mtime 1736963109.4062812
File G:\project1\LigaPay\LigaPay\venv\Lib\site-packages\debug_toolbar\locale\id\LC_MESSAGES\django.mo first seen with mtime 1736963109.4082806
File G:\project1\LigaPay\LigaPay\venv\Lib\site-packages\debug_toolbar\locale\it\LC_MESSAGES\django.mo first seen with mtime 1736963109.4092822
File G:\project1\LigaPay\LigaPay\venv\Lib\site-packages\debug_toolbar\locale\ja\LC_MESSAGES\django.mo first seen with mtime 1736963109.4112835
File G:\project1\LigaPay\LigaPay\venv\Lib\site-packages\debug_toolbar\locale\ko\LC_MESSAGES\django.mo first seen with mtime 1736963109.4122832
File G:\project1\LigaPay\LigaPay\venv\Lib\site-packages\debug_toolbar\locale\nl\LC_MESSAGES\django.mo first seen with mtime 1736963109.413283
File G:\project1\LigaPay\LigaPay\venv\Lib\site-packages\debug_toolbar\locale\pl\LC_MESSAGES\django.mo first seen with mtime 1736963109.4142833
File G:\project1\LigaPay\LigaPay\venv\Lib\site-packages\debug_toolbar\locale\pt\LC_MESSAGES\django.mo first seen with mtime 1736963109.4152818
File G:\project1\LigaPay\LigaPay\venv\Lib\site-packages\debug_toolbar\locale\pt_BR\LC_MESSAGES\django.mo first seen with mtime 1736963109.4162831
File G:\project1\LigaPay\LigaPay\venv\Lib\site-packages\debug_toolbar\locale\ru\LC_MESSAGES\django.mo first seen with mtime 1736963109.4172838
File G:\project1\LigaPay\LigaPay\venv\Lib\site-packages\debug_toolbar\locale\sk\LC_MESSAGES\django.mo first seen with mtime 1736963109.4182816
File G:\project1\LigaPay\LigaPay\venv\Lib\site-packages\debug_toolbar\locale\sv_SE\LC_MESSAGES\django.mo first seen with mtime 1736963109.419281
File G:\project1\LigaPay\LigaPay\venv\Lib\site-packages\debug_toolbar\locale\uk\LC_MESSAGES\django.mo first seen with mtime 1736963109.4212825
File G:\project1\LigaPay\LigaPay\venv\Lib\site-packages\debug_toolbar\locale\zh_CN\LC_MESSAGES\django.mo first seen with mtime 1736963109.4222817
File G:\project1\LigaPay\LigaPay\venv\Lib\site-packages\captcha\locale\bg\LC_MESSAGES\django.mo first seen with mtime 1728586654.9573016
File G:\project1\LigaPay\LigaPay\venv\Lib\site-packages\captcha\locale\cs\LC_MESSAGES\django.mo first seen with mtime 1728586654.9583018
File G:\project1\LigaPay\LigaPay\venv\Lib\site-packages\captcha\locale\de\LC_MESSAGES\django.mo first seen with mtime 1728586654.959301
File G:\project1\LigaPay\LigaPay\venv\Lib\site-packages\captcha\locale\en\LC_MESSAGES\django.mo first seen with mtime 1728586654.9603012
File G:\project1\LigaPay\LigaPay\venv\Lib\site-packages\captcha\locale\es\LC_MESSAGES\django.mo first seen with mtime 1728586654.9613018
File G:\project1\LigaPay\LigaPay\venv\Lib\site-packages\captcha\locale\fa\LC_MESSAGES\django.mo first seen with mtime 1728586654.9773002
File G:\project1\LigaPay\LigaPay\venv\Lib\site-packages\captcha\locale\fr\LC_MESSAGES\django.mo first seen with mtime 1728586654.979303
File G:\project1\LigaPay\LigaPay\venv\Lib\site-packages\captcha\locale\it\LC_MESSAGES\django.mo first seen with mtime 1728586654.9803019
File G:\project1\LigaPay\LigaPay\venv\Lib\site-packages\captcha\locale\ja\LC_MESSAGES\django.mo first seen with mtime 1728586654.9813018
File G:\project1\LigaPay\LigaPay\venv\Lib\site-packages\captcha\locale\nl\LC_MESSAGES\django.mo first seen with mtime 1728586654.9823005
File G:\project1\LigaPay\LigaPay\venv\Lib\site-packages\captcha\locale\pl\LC_MESSAGES\django.mo first seen with mtime 1728586654.9833002
File G:\project1\LigaPay\LigaPay\venv\Lib\site-packages\captcha\locale\pt_BR\LC_MESSAGES\django.mo first seen with mtime 1728586654.9833002
File G:\project1\LigaPay\LigaPay\venv\Lib\site-packages\captcha\locale\ru\LC_MESSAGES\django.mo first seen with mtime 1728586654.985301
File G:\project1\LigaPay\LigaPay\venv\Lib\site-packages\captcha\locale\sk\LC_MESSAGES\django.mo first seen with mtime 1728586654.9863017
File G:\project1\LigaPay\LigaPay\venv\Lib\site-packages\captcha\locale\sv\LC_MESSAGES\django.mo first seen with mtime 1728586654.9873009
File G:\project1\LigaPay\LigaPay\venv\Lib\site-packages\captcha\locale\tr\LC_MESSAGES\django.mo first seen with mtime 1728586654.9883
File G:\project1\LigaPay\LigaPay\venv\Lib\site-packages\captcha\locale\uk\LC_MESSAGES\django.mo first seen with mtime 1728586654.9893005
File G:\project1\LigaPay\LigaPay\venv\Lib\site-packages\captcha\locale\zh_CN\LC_MESSAGES\django.mo first seen with mtime 1728586654.9903016
File G:\project1\LigaPay\LigaPay\venv\Lib\site-packages\captcha\locale\zh_Hans\LC_MESSAGES\django.mo first seen with mtime 1728586654.9913006
File G:\project1\LigaPay\LigaPay\venv\Lib\site-packages\django_celery_beat\locale\de\LC_MESSAGES\django.mo first seen with mtime 1732641439.75685
File G:\project1\LigaPay\LigaPay\venv\Lib\site-packages\django_celery_beat\locale\es\LC_MESSAGES\django.mo first seen with mtime 1732641439.759849
File G:\project1\LigaPay\LigaPay\venv\Lib\site-packages\django_celery_beat\locale\fr\LC_MESSAGES\django.mo first seen with mtime 1732641439.7628472
File G:\project1\LigaPay\LigaPay\venv\Lib\site-packages\django_celery_beat\locale\ko\LC_MESSAGES\django.mo first seen with mtime 1732641439.7638464
File G:\project1\LigaPay\LigaPay\venv\Lib\site-packages\django_celery_beat\locale\ru\LC_MESSAGES\django.mo first seen with mtime 1732641439.7658467
File G:\project1\LigaPay\LigaPay\venv\Lib\site-packages\django_celery_beat\locale\zh_Hans\LC_MESSAGES\django.mo first seen with mtime 1732641439.7678459
File G:\project1\LigaPay\LigaPay\products\migrations\0004_alter_accountservice_server_and_more.py first seen with mtime 1733928815.6773226
File G:\project1\LigaPay\LigaPay\venv\Lib\site-packages\django\contrib\auth\migrations\0006_require_contenttypes_0002.py first seen with mtime 1726590945.12123
File G:\project1\LigaPay\LigaPay\venv\Lib\site-packages\django\db\migrations\loader.py first seen with mtime 1726590946.6403646
File G:\project1\LigaPay\LigaPay\orders\migrations\0002_order_price.py first seen with mtime 1740678964.1223564
File G:\project1\LigaPay\LigaPay\venv\Lib\site-packages\django_celery_beat\migrations\0010_auto_20190429_0326.py first seen with mtime 1732641439.7758484
File G:\project1\LigaPay\LigaPay\products\migrations\0017_alter_accountservice_filter_type_and_more.py first seen with mtime 1735233321.701342
File G:\project1\LigaPay\LigaPay\venv\Lib\site-packages\redis\_parsers\helpers.py first seen with mtime 1732644628.1485393
File G:\project1\LigaPay\LigaPay\venv\Lib\site-packages\django_celery_beat\migrations\0016_alter_crontabschedule_timezone.py first seen with mtime 1732641439.778846
File G:\project1\LigaPay\LigaPay\venv\Lib\site-packages\redis\asyncio\cluster.py first seen with mtime 1732644628.1523015
File G:\project1\LigaPay\LigaPay\wallet\migrations\__init__.py first seen with mtime 1740130259.819463
File G:\project1\LigaPay\LigaPay\venv\Lib\site-packages\django_celery_beat\migrations\0018_improve_crontab_helptext.py first seen with mtime 1732641439.7798455
File G:\project1\LigaPay\LigaPay\main\migrations\__init__.py first seen with mtime 1726687386.9033542
File G:\project1\LigaPay\LigaPay\products\migrations\0021_alter_accountservice_server_and_more.py first seen with mtime 1736424724.9957066
File G:\project1\LigaPay\LigaPay\products\migrations\0020_alter_accountservice_category.py first seen with mtime 1736423403.269295
File G:\project1\LigaPay\LigaPay\products\migrations\0006_remove_accountservice_filter_type_and_more.py first seen with mtime 1733930586.4761841
File G:\project1\LigaPay\LigaPay\venv\Lib\site-packages\django\contrib\auth\migrations\0002_alter_permission_name_max_length.py first seen with mtime 1726590945.119232
File G:\project1\LigaPay\LigaPay\venv\Lib\site-packages\redis\connection.py first seen with mtime 1732644628.1416922
File G:\project1\LigaPay\LigaPay\venv\Lib\site-packages\django_celery_beat\migrations\0017_alter_crontabschedule_month_of_year.py first seen with mtime 1732641439.7798455
File G:\project1\LigaPay\LigaPay\LigaPay\wsgi.py first seen with mtime 1726686597.384477
File G:\project1\LigaPay\LigaPay\venv\Lib\site-packages\django\contrib\contenttypes\migrations\__init__.py first seen with mtime 1726590945.2152312
File G:\project1\LigaPay\LigaPay\venv\Lib\site-packages\django\contrib\auth\migrations\0011_update_proxy_permissions.py first seen with mtime 1726590945.122231
File G:\project1\LigaPay\LigaPay\venv\Lib\site-packages\redis\_parsers\hiredis.py first seen with mtime 1732644628.149057
File G:\project1\LigaPay\LigaPay\venv\Lib\site-packages\redis\backoff.py first seen with mtime 1732644628.1301918
File G:\project1\LigaPay\LigaPay\venv\Lib\site-packages\django\contrib\contenttypes\migrations\0002_remove_content_type_name.py first seen with mtime 1726590945.2152312
File G:\project1\LigaPay\LigaPay\venv\Lib\site-packages\django\db\migrations\recorder.py first seen with mtime 1726590946.6423635
File G:\project1\LigaPay\LigaPay\venv\Lib\site-packages\captcha\migrations\0001_initial.py first seen with mtime 1728586654.9943
File G:\project1\LigaPay\LigaPay\venv\Lib\site-packages\redis\asyncio\sentinel.py first seen with mtime 1732644628.15443
File G:\project1\LigaPay\LigaPay\products\migrations\0002_alter_rpservice_seller_alter_rpservice_server_and_more.py first seen with mtime 1733655880.6117966
File G:\project1\LigaPay\LigaPay\wallet\migrations\0001_initial.py first seen with mtime 1740133052.6800497
File G:\project1\LigaPay\LigaPay\venv\Lib\site-packages\redis\client.py first seen with mtime 1732644628.1401343
File G:\project1\LigaPay\LigaPay\users\migrations\0002_user_is_verified_email_alter_user_image_and_more.py first seen with mtime 1728393799.7536683
File G:\project1\LigaPay\LigaPay\venv\Lib\site-packages\redis\asyncio\retry.py first seen with mtime 1732644628.1539116
File G:\project1\LigaPay\LigaPay\venv\Lib\site-packages\django\contrib\sessions\migrations\__init__.py first seen with mtime 1726590946.4793632
File G:\project1\LigaPay\LigaPay\venv\Lib\site-packages\django_celery_beat\migrations\0003_auto_20161209_0049.py first seen with mtime 1732641439.7708478
File G:\project1\LigaPay\LigaPay\venv\Lib\site-packages\django\contrib\contenttypes\migrations\0001_initial.py first seen with mtime 1726590945.2142317
File G:\project1\LigaPay\LigaPay\venv\Lib\site-packages\django_redis\client\herd.py first seen with mtime 1732644629.0828955
File G:\project1\LigaPay\LigaPay\venv\Lib\site-packages\django_celery_beat\migrations\0001_initial.py first seen with mtime 1732641439.769848
File G:\project1\LigaPay\LigaPay\products\migrations\0007_donationservice_filter_type_and_more.py first seen with mtime 1733932431.8163662
File G:\project1\LigaPay\LigaPay\venv\Lib\site-packages\django_celery_beat\migrations\0011_auto_20190508_0153.py first seen with mtime 1732641439.7768488
File G:\project1\LigaPay\LigaPay\venv\Lib\site-packages\redis\commands\cluster.py first seen with mtime 1732644628.1560042
File G:\project1\LigaPay\LigaPay\venv\Lib\site-packages\redis\cache.py first seen with mtime 1732644628.1306958
File G:\project1\LigaPay\LigaPay\venv\Lib\site-packages\django\contrib\admin\migrations\0002_logentry_remove_auto_add.py first seen with mtime 1726590944.8152308
File G:\project1\LigaPay\LigaPay\venv\Lib\site-packages\redis\crc.py first seen with mtime 1732644628.142207
File G:\project1\LigaPay\LigaPay\products\migrations\0005_remove_accountservice_category_and_more.py first seen with mtime 1733930280.5253367
File G:\project1\LigaPay\LigaPay\products\migrations\0010_accountservice_rank.py first seen with mtime 1733939024.746361
File G:\project1\LigaPay\LigaPay\venv\Lib\site-packages\redis\_parsers\base.py first seen with mtime 1732644628.1475046
File G:\project1\LigaPay\LigaPay\venv\Lib\site-packages\django\contrib\auth\migrations\0008_alter_user_username_max_length.py first seen with mtime 1726590945.12123
File G:\project1\LigaPay\LigaPay\venv\Lib\site-packages\django_celery_beat\migrations\0006_auto_20180210_1226.py first seen with mtime 1732641439.772849
File G:\project1\LigaPay\LigaPay\venv\Lib\site-packages\django_redis\util.py first seen with mtime 1732644629.0808964
File G:\project1\LigaPay\LigaPay\venv\Lib\site-packages\django\contrib\auth\migrations\0009_alter_user_last_name_max_length.py first seen with mtime 1726590945.122231
File G:\project1\LigaPay\LigaPay\venv\Lib\site-packages\redis\cluster.py first seen with mtime 1732644628.1411736
File G:\project1\LigaPay\LigaPay\venv\Lib\site-packages\redis\commands\helpers.py first seen with mtime 1732644628.1576128
File G:\project1\LigaPay\LigaPay\venv\Lib\site-packages\redis\commands\sentinel.py first seen with mtime 1732644628.1581728
File G:\pynthon\Lib\stringprep.py first seen with mtime 1707248442.0
File G:\project1\LigaPay\LigaPay\products\migrations\0027_battlepassservice_quantity.py first seen with mtime 1738864214.6472285
File G:\project1\LigaPay\LigaPay\venv\Lib\site-packages\django_celery_beat\migrations\0015_edit_solarschedule_events_choices.py first seen with mtime 1732641439.778846
File G:\project1\LigaPay\LigaPay\venv\Lib\site-packages\django_celery_beat\migrations\0012_periodictask_expire_seconds.py first seen with mtime 1732641439.7768488
File G:\project1\LigaPay\LigaPay\venv\Lib\site-packages\django\contrib\auth\migrations\__init__.py first seen with mtime 1726590945.1232295
File G:\project1\LigaPay\LigaPay\venv\Lib\site-packages\django\contrib\auth\migrations\0007_alter_validators_add_error_messages.py first seen with mtime 1726590945.12123
File G:\project1\LigaPay\LigaPay\venv\Lib\site-packages\django_redis\hash_ring.py first seen with mtime 1732644629.079895
File G:\project1\LigaPay\LigaPay\news\migrations\__init__.py first seen with mtime 1732123295.3903456
File G:\project1\LigaPay\LigaPay\venv\Lib\site-packages\django\contrib\admin\migrations\__init__.py first seen with mtime 1726590944.8162308
File G:\project1\LigaPay\LigaPay\venv\Lib\site-packages\django\contrib\sessions\backends\db.py first seen with mtime 1726590946.3743658
File G:\project1\LigaPay\LigaPay\venv\Lib\site-packages\django_celery_beat\migrations\0007_auto_20180521_0826.py first seen with mtime 1732641439.774848
File G:\project1\LigaPay\LigaPay\venv\Lib\site-packages\redis\_parsers\resp3.py first seen with mtime 1732644628.150098
File G:\project1\LigaPay\LigaPay\venv\Lib\site-packages\redis\sentinel.py first seen with mtime 1732644628.145427
File G:\project1\LigaPay\LigaPay\venv\Lib\site-packages\django_redis\pool.py first seen with mtime 1732644629.0808964
File G:\project1\LigaPay\LigaPay\users\migrations\__init__.py first seen with mtime 1726760398.9996564
File G:\project1\LigaPay\LigaPay\venv\Lib\site-packages\redis\asyncio\lock.py first seen with mtime 1732644628.153391
File G:\project1\LigaPay\LigaPay\products\migrations\0015_accountservice_category.py first seen with mtime 1735141807.281324
File G:\project1\LigaPay\LigaPay\venv\Lib\site-packages\redis\asyncio\utils.py first seen with mtime 1732644628.15496
File G:\project1\LigaPay\LigaPay\venv\Lib\site-packages\django\db\models\sql\compiler.py first seen with mtime 1726590946.6613646
File G:\project1\LigaPay\LigaPay\news\migrations\0002_alter_news_options.py first seen with mtime 1732814021.1114922
File G:\project1\LigaPay\LigaPay\venv\Lib\site-packages\redis\credentials.py first seen with mtime 1732644628.142727
File G:\project1\LigaPay\LigaPay\venv\Lib\site-packages\redis\retry.py first seen with mtime 1732644628.1448855
File G:\project1\LigaPay\LigaPay\venv\Lib\site-packages\django\views\csrf.py first seen with mtime 1726590946.7383633
File G:\project1\LigaPay\LigaPay\venv\Lib\site-packages\django\contrib\auth\migrations\0001_initial.py first seen with mtime 1726590945.119232
File G:\project1\LigaPay\LigaPay\products\migrations\0028_alter_rpservice_filter_type.py first seen with mtime 1740133052.6790483
File G:\project1\LigaPay\LigaPay\users\migrations\0005_user_email_change_token.py first seen with mtime 1730386437.0861495
File G:\project1\LigaPay\LigaPay\venv\Lib\site-packages\django_celery_beat\migrations\0008_auto_20180914_1922.py first seen with mtime 1732641439.774848
File G:\project1\LigaPay\LigaPay\news\migrations\0001_initial.py first seen with mtime 1732124187.2577648
File G:\project1\LigaPay\LigaPay\venv\Lib\site-packages\django\contrib\auth\migrations\0012_alter_user_first_name_max_length.py first seen with mtime 1726590945.122231
File G:\project1\LigaPay\LigaPay\venv\Lib\site-packages\django\contrib\auth\migrations\0004_alter_user_username_opts.py first seen with mtime 1726590945.1202319
File G:\project1\LigaPay\LigaPay\venv\Lib\site-packages\django\contrib\admin\migrations\0001_initial.py first seen with mtime 1726590944.8152308
File G:\project1\LigaPay\LigaPay\venv\Lib\site-packages\django_celery_beat\migrations\0005_add_solarschedule_events_choices.py first seen with mtime 1732641439.772849
File G:\project1\LigaPay\LigaPay\products\migrations\0008_battlepassservice_filter_type_and_more.py first seen with mtime 1733932555.3106384
File G:\project1\LigaPay\LigaPay\venv\Lib\site-packages\django_celery_beat\migrations\0006_periodictask_priority.py first seen with mtime 1732641439.7738488
File G:\project1\LigaPay\LigaPay\products\migrations\0013_otherservice_auto_delivery_and_more.py first seen with mtime 1733939872.969553
File G:\project1\LigaPay\LigaPay\users\migrations\0001_initial.py first seen with mtime 1727194750.8073032
File G:\project1\LigaPay\LigaPay\users\migrations\0006_user_last_activity.py first seen with mtime 1739789710.6109066
File G:\pynthon\Lib\encodings\idna.py first seen with mtime 1707248442.0
File G:\project1\LigaPay\LigaPay\venv\Lib\site-packages\django_celery_beat\migrations\0013_auto_20200609_0727.py first seen with mtime 1732641439.7778463
File G:\project1\LigaPay\LigaPay\venv\Lib\site-packages\redis\typing.py first seen with mtime 1732644628.145427
File G:\project1\LigaPay\LigaPay\products\migrations\__init__.py first seen with mtime 1733158547.7460487
File G:\project1\LigaPay\LigaPay\venv\Lib\site-packages\captcha\migrations\__init__.py first seen with mtime 1728586654.9943
File G:\project1\LigaPay\LigaPay\venv\Lib\site-packages\redis\_parsers\encoders.py first seen with mtime 1732644628.1480217
File G:\project1\LigaPay\LigaPay\products\migrations\0012_boostservice_rank_range.py first seen with mtime 1733939368.502343
File G:\project1\LigaPay\LigaPay\products\migrations\0022_alter_accountservice_filter_type.py first seen with mtime 1738683788.9171367
File G:\project1\LigaPay\LigaPay\users\migrations\0004_user_new_email.py first seen with mtime 1730231133.8098607
File G:\project1\LigaPay\LigaPay\venv\Lib\site-packages\redis\exceptions.py first seen with mtime 1732644628.1432545
File G:\project1\LigaPay\LigaPay\venv\Lib\site-packages\django_celery_beat\migrations\0004_auto_20170221_0000.py first seen with mtime 1732641439.7718499
File G:\project1\LigaPay\LigaPay\products\migrations\0023_alter_accountservice_server_and_more.py first seen with mtime 1738684743.9670243
File G:\project1\LigaPay\LigaPay\venv\Lib\site-packages\django\contrib\admin\migrations\0003_logentry_add_action_flag_choices.py first seen with mtime 1726590944.8162308
File G:\project1\LigaPay\LigaPay\venv\Lib\site-packages\django\contrib\sessions\migrations\0001_initial.py first seen with mtime 1726590946.4793632
File G:\project1\LigaPay\LigaPay\venv\Lib\site-packages\captcha\migrations\0002_alter_captchastore_id.py first seen with mtime 1728586654.9943
File G:\project1\LigaPay\LigaPay\venv\Lib\site-packages\redis\_parsers\resp2.py first seen with mtime 1732644628.149579
File G:\project1\LigaPay\LigaPay\venv\Lib\site-packages\django\contrib\auth\migrations\0003_alter_user_email_max_length.py first seen with mtime 1726590945.1202319
File G:\project1\LigaPay\LigaPay\venv\Lib\site-packages\redis\lock.py first seen with mtime 1732644628.1432545
File G:\project1\LigaPay\LigaPay\venv\Lib\site-packages\redis\commands\redismodules.py first seen with mtime 1732644628.1581728
File G:\project1\LigaPay\LigaPay\products\migrations\0001_initial.py first seen with mtime 1733420265.377048
File G:\project1\LigaPay\LigaPay\venv\Lib\site-packages\django_celery_beat\migrations\__init__.py first seen with mtime 1732641439.7808456
File G:\project1\LigaPay\LigaPay\products\migrations\0016_alter_battlepassservice_filter_type.py first seen with mtime 1735233261.4149168
File G:\project1\LigaPay\LigaPay\venv\Lib\site-packages\redis\commands\__init__.py first seen with mtime 1732644628.155485
File G:\project1\LigaPay\LigaPay\venv\Lib\site-packages\redis\utils.py first seen with mtime 1732644628.1464677
File G:\project1\LigaPay\LigaPay\products\migrations\0011_donationservice_receiving_method.py first seen with mtime 1733939232.0419345
File G:\project1\LigaPay\LigaPay\venv\Lib\site-packages\redis\asyncio\connection.py first seen with mtime 1732644628.1528563
File G:\project1\LigaPay\LigaPay\products\migrations\0024_alter_accountservice_server_and_more.py first seen with mtime 1738684771.1002557
File G:\project1\LigaPay\LigaPay\venv\Lib\site-packages\redis\_parsers\socket.py first seen with mtime 1732644628.1506157
File G:\project1\LigaPay\LigaPay\venv\Lib\site-packages\django_celery_beat\migrations\0009_periodictask_headers.py first seen with mtime 1732641439.7758484
File G:\project1\LigaPay\LigaPay\venv\Lib\site-packages\django_celery_beat\migrations\0006_auto_20180322_0932.py first seen with mtime 1732641439.7738488
File G:\project1\LigaPay\LigaPay\products\migrations\0014_delete_filter.py first seen with mtime 1734371131.9669032
File G:\project1\LigaPay\LigaPay\products\migrations\0026_battlepassservice_server.py first seen with mtime 1738863930.8107207
File G:\project1\LigaPay\LigaPay\venv\Lib\site-packages\django_redis\client\sentinel.py first seen with mtime 1732644629.0838947
File G:\project1\LigaPay\LigaPay\orders\migrations\__init__.py first seen with mtime 1740676453.931092
File G:\project1\LigaPay\LigaPay\products\migrations\0018_accountservice_search_description_and_more.py first seen with mtime 1735320850.0419905
File G:\project1\LigaPay\LigaPay\venv\Lib\site-packages\django\contrib\auth\migrations\0005_alter_user_last_login_null.py first seen with mtime 1726590945.1202319
File G:\project1\LigaPay\LigaPay\users\migrations\0003_alter_user_email.py first seen with mtime 1728583440.6588514
File G:\project1\LigaPay\LigaPay\venv\Lib\site-packages\django\db\migrations\executor.py first seen with mtime 1726590946.6403646
File G:\project1\LigaPay\LigaPay\products\migrations\0019_accountservice_is_auto_delivery_and_more.py first seen with mtime 1735380971.4860263
File G:\project1\LigaPay\LigaPay\orders\migrations\0003_order_amount.py first seen with mtime 1741109245.847424
File G:\project1\LigaPay\LigaPay\venv\Lib\site-packages\django\db\migrations\graph.py first seen with mtime 1726590946.6403646
File G:\project1\LigaPay\LigaPay\venv\Lib\site-packages\django\contrib\auth\migrations\0010_alter_group_name_max_length.py first seen with mtime 1726590945.122231
File G:\project1\LigaPay\LigaPay\products\migrations\0025_alter_battlepassservice_filter_type_and_more.py first seen with mtime 1738684931.096323
File G:\project1\LigaPay\LigaPay\products\migrations\0003_filter.py first seen with mtime 1733764549.4037325
File G:\project1\LigaPay\LigaPay\venv\Lib\site-packages\redis\commands\core.py first seen with mtime 1732644628.1570385
File G:\project1\LigaPay\LigaPay\venv\Lib\site-packages\django_celery_beat\migrations\0019_alter_periodictasks_options.py first seen with mtime 1732641439.7808456
File G:\project1\LigaPay\LigaPay\venv\Lib\site-packages\redis\_parsers\commands.py first seen with mtime 1732644628.1480217
File G:\project1\LigaPay\LigaPay\venv\Lib\site-packages\django_celery_beat\migrations\0002_auto_20161118_0346.py first seen with mtime 1732641439.7708478
File G:\project1\LigaPay\LigaPay\venv\Lib\site-packages\django_redis\client\sharded.py first seen with mtime 1732644629.0838947
File G:\project1\LigaPay\LigaPay\products\migrations\0009_accountservice_account_level_and_more.py first seen with mtime 1733938652.1384642
File G:\project1\LigaPay\LigaPay\orders\migrations\0001_initial.py first seen with mtime 1740678821.78627
File G:\project1\LigaPay\LigaPay\venv\Lib\site-packages\django_celery_beat\migrations\0014_remove_clockedschedule_enabled.py first seen with mtime 1732641439.7778463
File G:\project1\LigaPay\LigaPay\LigaPay\settings.py previous mtime: 1741110214.4351654, current mtime: 1741110324.323035
G:\project1\LigaPay\LigaPay\LigaPay\settings.py notified as changed. Signal results: [(<function template_changed at 0x000001EB7FE9A980>, None), (<function translation_file_changed at 0x000001EB008EE160>, None)].
G:\project1\LigaPay\LigaPay\LigaPay\settings.py changed, reloading.
